updateDate	line	rule	project	effort	type	cleanCodeAttribute	internalTags	issueStatus	flows	scope	externalRuleEngine	key	severity	comments	author	fromSonarQubeUpdate	cleanCodeAttributeCategory	linkedTicketStatus	messageFormattings	impacts	message	creationDate	quickFixAvailable	tags	codeVariants	component	prioritizedRule	textRange	debt	hash	status
2026-06-22T04:22:54+0000	75.0	csharpsquid:S1135	Clinica-Santa-Monica	0min	CODE_SMELL	COMPLETE		OPEN		MAIN	-	56d350dc-f2a3-4aaf-ada3-da341c68ce0e	INFO		paricahuak40@gmail.com	false	INTENTIONAL	NOT_LINKED		"{softwareQuality=MAINTAINABILITY, severity=INFO} / "	Complete the task associated to this 'TODO' comment.	2026-06-22T04:22:54+0000	false	"cwe / "		Clinica-Santa-Monica:Clinica.API/Controllers/FinanzasController.cs	false	{startLine=75.0, endLine=75.0, startOffset=77.0, endOffset=81.0}	0min	fa9f437cab8d978a6be1f585d9f32655	OPEN
2026-06-22T04:22:54+0000	201.0	csharpsquid:S1135	Clinica-Santa-Monica	0min	CODE_SMELL	COMPLETE		OPEN		MAIN	-	af8a32a2-c21c-41fc-a635-4b1908c706e8	INFO		paricahuak40@gmail.com	false	INTENTIONAL	NOT_LINKED		"{softwareQuality=MAINTAINABILITY, severity=INFO} / "	Complete the task associated to this 'TODO' comment.	2026-06-22T04:22:54+0000	false	"cwe / "		Clinica-Santa-Monica:Clinica.API/Controllers/FinanzasController.cs	false	{startLine=201.0, endLine=201.0, startOffset=78.0, endOffset=82.0}	0min	5aa4a3d8747a5a1b20133ce6b42b74f7	OPEN
2026-06-22T04:22:54+0000	119.0	csharpsquid:S2325	Clinica-Santa-Monica	5min	CODE_SMELL	CLEAR		OPEN		MAIN	-	1550d5ca-343b-4e3a-ae99-1c03e00f9215	MINOR		paricahuak40@gmail.com	false	INTENTIONAL	NOT_LINKED		"{softwareQuality=MAINTAINABILITY, severity=LOW} / "	Make 'ObtenerIpReal' a static method.	2026-06-22T04:22:54+0000	false	"pitfall / "		Clinica-Santa-Monica:Clinica.API/Filters/AuditoriaAutomaticaFilter.cs	false	{startLine=119.0, endLine=119.0, startOffset=20.0, endOffset=33.0}	5min	bdce51c31f7849a631248acacec5fa5e	OPEN
2026-06-22T04:22:54+0000	123.0	csharpsquid:S6608	Clinica-Santa-Monica	5min	CODE_SMELL	EFFICIENT		OPEN		MAIN	-	5cf4787f-3f4b-4f39-9c19-5eef3a9ecc8f	MINOR		paricahuak40@gmail.com	false	INTENTIONAL	NOT_LINKED		"{softwareQuality=MAINTAINABILITY, severity=LOW} / "	"Indexing at 0 should be used instead of the ""Enumerable"" extension method ""First"""	2026-06-22T04:22:54+0000	false	"performance / "		Clinica-Santa-Monica:Clinica.API/Filters/AuditoriaAutomaticaFilter.cs	false	{startLine=123.0, endLine=123.0, startOffset=43.0, endOffset=48.0}	5min	a2e7bad4c0a9627cc86e8fed049b3c7c	OPEN
2026-06-23T02:26:07+0000	12.0	csharpsquid:S2325	Clinica-Santa-Monica	5min	CODE_SMELL	CLEAR		OPEN		MAIN	-	d420d4de-4a0b-4ba2-93f1-064b5bf783c4	MINOR		paricahuak40@gmail.com	false	INTENTIONAL	NOT_LINKED		"{softwareQuality=MAINTAINABILITY, severity=LOW} / "	Make 'TasaIgvActiva' a static property.	2026-06-22T04:22:54+0000	false	"pitfall / "		Clinica-Santa-Monica:Clinica.API/Services/Imp/ComprobanteService.cs	false	{startLine=12.0, endLine=12.0, startOffset=20.0, endOffset=33.0}	5min	7f12aad133531913eaaf1958d472e32c	OPEN
2026-06-23T02:26:07+0000	12.0	external_roslyn:CA1822	Clinica-Santa-Monica	0min	CODE_SMELL	CONVENTIONAL		OPEN		MAIN	roslyn	dbb3360c-26bb-41ca-86ea-a1db53a59dcb	INFO		paricahuak40@gmail.com	false	CONSISTENT	NOT_LINKED		"{softwareQuality=MAINTAINABILITY, severity=INFO} / "	"El miembro ""TasaIgvActiva"" no tiene acceso a los datos de la instancia y se puede marcar como static."	2026-06-22T04:22:54+0000	false			Clinica-Santa-Monica:Clinica.API/Services/Imp/ComprobanteService.cs	false	{startLine=12.0, endLine=12.0, startOffset=20.0, endOffset=33.0}	0min	7f12aad133531913eaaf1958d472e32c	OPEN
2026-06-23T02:26:07+0000	57.0	csharpsquid:S1192	Clinica-Santa-Monica	4min	CODE_SMELL	DISTINCT		OPEN	"{locations=[{component=Clinica-Santa-Monica:Clinica.API/Services/Imp/ComprobanteService.cs, textRange={startLine=245.0, endLine=245.0, startOffset=32.0, endOffset=41.0}, msgFormattings=[]}]} / {locations=[{component=Clinica-Santa-Monica:Clinica.API/Services/Imp/ComprobanteService.cs, textRange={startLine=379.0, endLine=379.0, startOffset=47.0, endOffset=56.0}, msgFormattings=[]}]} / {locations=[{component=Clinica-Santa-Monica:Clinica.API/Services/Imp/ComprobanteService.cs, textRange={startLine=527.0, endLine=527.0, startOffset=32.0, endOffset=41.0}, msgFormattings=[]}]} / "	MAIN	-	03e22470-bd9e-4ce2-b143-c48ff5c61351	MINOR		paricahuak40@gmail.com	false	ADAPTABLE	NOT_LINKED		"{softwareQuality=MAINTAINABILITY, severity=LOW} / "	Define a constant instead of using this literal 'PREVIEW' 4 times.	2026-06-22T04:22:54+0000	false	"design / "		Clinica-Santa-Monica:Clinica.API/Services/Imp/ComprobanteService.cs	false	{startLine=57.0, endLine=57.0, startOffset=32.0, endOffset=41.0}	4min	3c9724daa404c8f76e13a4be837a0484	OPEN
2026-06-23T02:26:07+0000	761.0	csharpsquid:S4136	Clinica-Santa-Monica	1min	CODE_SMELL	FORMATTED		OPEN	"{locations=[{component=Clinica-Santa-Monica:Clinica.API/Services/Imp/ComprobanteService.cs, textRange={startLine=892.0, endLine=892.0, startOffset=49.0, endOffset=70.0}, msg=Non-adjacent overload, msgFormattings=[]}]} / "	MAIN	-	37e8fad2-8af6-442e-9e5f-24341eed2c5d	MINOR		paricahuak40@gmail.com	false	CONSISTENT	NOT_LINKED		"{softwareQuality=MAINTAINABILITY, severity=LOW} / "	All 'MapearAtencionPreview' method overloads should be adjacent.	2026-06-22T04:22:54+0000	false	"convention / "		Clinica-Santa-Monica:Clinica.API/Services/Imp/ComprobanteService.cs	false	{startLine=761.0, endLine=761.0, startOffset=49.0, endOffset=70.0}	1min	c24b3ac0c58cbd3de570ca0d8580ef79	OPEN
2026-06-22T04:22:54+0000	109.0	csharpsquid:S3776	Clinica-Santa-Monica	6min	CODE_SMELL	FOCUSED		OPEN	"{locations=[{component=Clinica-Santa-Monica:Clinica.API/Services/Imp/DoctorService.cs, textRange={startLine=113.0, endLine=113.0, startOffset=8.0, endOffset=10.0}, msg=+1, msgFormattings=[]}]} / {locations=[{component=Clinica-Santa-Monica:Clinica.API/Services/Imp/DoctorService.cs, textRange={startLine=118.0, endLine=118.0, startOffset=8.0, endOffset=10.0}, msg=+1, msgFormattings=[]}]} / {locations=[{component=Clinica-Santa-Monica:Clinica.API/Services/Imp/DoctorService.cs, textRange={startLine=122.0, endLine=122.0, startOffset=8.0, endOffset=10.0}, msg=+1, msgFormattings=[]}]} / {locations=[{component=Clinica-Santa-Monica:Clinica.API/Services/Imp/DoctorService.cs, textRange={startLine=144.0, endLine=144.0, startOffset=8.0, endOffset=10.0}, msg=+1, msgFormattings=[]}]} / {locations=[{component=Clinica-Santa-Monica:Clinica.API/Services/Imp/DoctorService.cs, textRange={startLine=147.0, endLine=147.0, startOffset=12.0, endOffset=14.0}, msg=+2 (incl 1 for nesting), msgFormattings=[]}]} / {locations=[{component=Clinica-Santa-Monica:Clinica.API/Services/Imp/DoctorService.cs, textRange={startLine=151.0, endLine=151.0, startOffset=8.0, endOffset=12.0}, msg=+1, msgFormattings=[]}]} / {locations=[{component=Clinica-Santa-Monica:Clinica.API/Services/Imp/DoctorService.cs, textRange={startLine=154.0, endLine=154.0, startOffset=12.0, endOffset=14.0}, msg=+2 (incl 1 for nesting), msgFormattings=[]}]} / {locations=[{component=Clinica-Santa-Monica:Clinica.API/Services/Imp/DoctorService.cs, textRange={startLine=161.0, endLine=161.0, startOffset=8.0, endOffset=10.0}, msg=+1, msgFormattings=[]}]} / {locations=[{component=Clinica-Santa-Monica:Clinica.API/Services/Imp/DoctorService.cs, textRange={startLine=173.0, endLine=173.0, startOffset=8.0, endOffset=10.0}, msg=+1, msgFormattings=[]}]} / {locations=[{component=Clinica-Santa-Monica:Clinica.API/Services/Imp/DoctorService.cs, textRange={startLine=173.0, endLine=173.0, startOffset=36.0, endOffset=38.0}, msg=+1, msgFormattings=[]}]} / {locations=[{component=Clinica-Santa-Monica:Clinica.API/Services/Imp/DoctorService.cs, textRange={startLine=175.0, endLine=175.0, startOffset=12.0, endOffset=19.0}, msg=+2 (incl 1 for nesting), msgFormattings=[]}]} / {locations=[{component=Clinica-Santa-Monica:Clinica.API/Services/Imp/DoctorService.cs, textRange={startLine=178.0, endLine=178.0, startOffset=16.0, endOffset=18.0}, msg=+3 (incl 2 for nesting), msgFormattings=[]}]} / {locations=[{component=Clinica-Santa-Monica:Clinica.API/Services/Imp/DoctorService.cs, textRange={startLine=180.0, endLine=180.0, startOffset=16.0, endOffset=18.0}, msg=+3 (incl 2 for nesting), msgFormattings=[]}]} / "	MAIN	-	d8cd4c78-da02-423d-a2c7-c8131d7644cb	CRITICAL		paricahuak40@gmail.com	false	ADAPTABLE	NOT_LINKED		"{softwareQuality=MAINTAINABILITY, severity=HIGH} / "	Refactor this method to reduce its Cognitive Complexity from 20 to the 15 allowed.	2026-06-22T04:22:54+0000	false	"brain-overload / "		Clinica-Santa-Monica:Clinica.API/Services/Imp/DoctorService.cs	false	{startLine=109.0, endLine=109.0, startOffset=28.0, endOffset=42.0}	6min	06f99680e060b714ff7a0e1c2ea8ac94	OPEN
2026-06-22T04:22:54+0000	77.0	csharpsquid:S1192	Clinica-Santa-Monica	4min	CODE_SMELL	DISTINCT		OPEN	"{locations=[{component=Clinica-Santa-Monica:Clinica.API/Services/Imp/FinanzasService.cs, textRange={startLine=225.0, endLine=225.0, startOffset=90.0, endOffset=99.0}, msgFormattings=[]}]} / {locations=[{component=Clinica-Santa-Monica:Clinica.API/Services/Imp/FinanzasService.cs, textRange={startLine=536.0, endLine=536.0, startOffset=81.0, endOffset=90.0}, msgFormattings=[]}]} / {locations=[{component=Clinica-Santa-Monica:Clinica.API/Services/Imp/FinanzasService.cs, textRange={startLine=635.0, endLine=635.0, startOffset=31.0, endOffset=40.0}, msgFormattings=[]}]} / "	MAIN	-	4ca4efc8-513a-4010-90f2-3c46ff8a0099	MINOR		paricahuak40@gmail.com	false	ADAPTABLE	NOT_LINKED		"{softwareQuality=MAINTAINABILITY, severity=LOW} / "	Define a constant instead of using this literal 'Parcial' 4 times.	2026-06-22T04:22:54+0000	false	"design / "		Clinica-Santa-Monica:Clinica.API/Services/Imp/FinanzasService.cs	false	{startLine=77.0, endLine=77.0, startOffset=78.0, endOffset=87.0}	4min	dc8a8d2090ef1d6b125397a1ab704d73	OPEN
2026-06-22T04:22:54+0000	13.0	csharpsquid:S4487	Clinica-Santa-Monica	5min	CODE_SMELL	CLEAR		OPEN		MAIN	-	c8ae9273-dd7b-4ebd-9304-75c4ec117dde	CRITICAL		yukyuel@gmail.com	false	INTENTIONAL	NOT_LINKED		"{softwareQuality=MAINTAINABILITY, severity=HIGH} / "	Remove this unread private field '_atencionRepository' or refactor the code to use its value.	2026-06-22T04:22:54+0000	false	"cwe / unused / "		Clinica-Santa-Monica:Clinica.API/Services/Imp/PagoService.cs	false	{startLine=13.0, endLine=13.0, startOffset=41.0, endOffset=60.0}	5min	3d72b0ac771e93200c605968f6673bd1	OPEN
2026-06-22T04:22:54+0000	102.0	csharpsquid:S3358	Clinica-Santa-Monica	5min	CODE_SMELL	CLEAR		OPEN		MAIN	-	96c7dc75-73ac-42e6-a0b1-a7f5d1222269	MAJOR		paricahuak40@gmail.com	false	INTENTIONAL	NOT_LINKED		"{softwareQuality=MAINTAINABILITY, severity=MEDIUM} / "	Extract this nested ternary operation into an independent statement.	2026-06-22T04:22:54+0000	false	"confusing / "		Clinica-Santa-Monica:Clinica.API/Services/Imp/PagoService.cs	false	{startLine=102.0, endLine=102.0, startOffset=55.0, endOffset=118.0}	5min	45b8e427f27466320e2989a7f1ecc132	OPEN
2026-06-23T02:26:07+0000	24.0	csharpsquid:S125	Clinica-Santa-Monica	5min	CODE_SMELL	CLEAR		OPEN		MAIN	-	9d751cac-9d14-4a15-85d9-9fb28234c310	MAJOR		paricahuak40@gmail.com	false	INTENTIONAL	NOT_LINKED		"{softwareQuality=MAINTAINABILITY, severity=MEDIUM} / "	Remove this commented out code.	2026-06-22T04:22:54+0000	false	"unused / "		Clinica-Santa-Monica:Clinica.Domain/Entities/ATENCIONES/ExamenFisico.cs	false	{startLine=24.0, endLine=24.0, startOffset=52.0, endOffset=75.0}	5min	49540704ab8d977a1b901f88bc45e4d1	OPEN
2026-06-23T02:26:07+0000	37.0	csharpsquid:S125	Clinica-Santa-Monica	5min	CODE_SMELL	CLEAR		OPEN		MAIN	-	38ccd72b-7ccc-4466-9856-b401f5875ef3	MAJOR		paricahuak40@gmail.com	false	INTENTIONAL	NOT_LINKED		"{softwareQuality=MAINTAINABILITY, severity=MEDIUM} / "	Remove this commented out code.	2026-06-22T04:22:54+0000	false	"unused / "		Clinica-Santa-Monica:Clinica.Domain/Entities/ATENCIONES/ExamenFisico.cs	false	{startLine=37.0, endLine=37.0, startOffset=40.0, endOffset=57.0}	5min	1832bb33456f7da0623d5996a9527b01	OPEN
2026-06-23T02:26:07+0000	38.0	csharpsquid:S125	Clinica-Santa-Monica	5min	CODE_SMELL	CLEAR		OPEN		MAIN	-	9c6939a3-6114-4fe0-8601-085228ebb65a	MAJOR		paricahuak40@gmail.com	false	INTENTIONAL	NOT_LINKED		"{softwareQuality=MAINTAINABILITY, severity=MEDIUM} / "	Remove this commented out code.	2026-06-22T04:22:54+0000	false	"unused / "		Clinica-Santa-Monica:Clinica.Domain/Entities/ATENCIONES/ExamenFisico.cs	false	{startLine=38.0, endLine=38.0, startOffset=57.0, endOffset=67.0}	5min	eca2308f32012e3e39a2b4f48ec7c2f7	OPEN
2026-06-23T02:26:07+0000	118.0	csharpsquid:S1192	Clinica-Santa-Monica	4min	CODE_SMELL	DISTINCT		OPEN	"{locations=[{component=Clinica-Santa-Monica:Clinica.Infrastructure/Data/Seeds/DataSeeder.cs, textRange={startLine=162.0, endLine=162.0, startOffset=80.0, endOffset=95.0}, msgFormattings=[]}]} / {locations=[{component=Clinica-Santa-Monica:Clinica.Infrastructure/Data/Seeds/DataSeeder.cs, textRange={startLine=194.0, endLine=194.0, startOffset=34.0, endOffset=49.0}, msgFormattings=[]}]} / {locations=[{component=Clinica-Santa-Monica:Clinica.Infrastructure/Data/Seeds/DataSeeder.cs, textRange={startLine=194.0, endLine=194.0, startOffset=83.0, endOffset=98.0}, msgFormattings=[]}]} / {locations=[{component=Clinica-Santa-Monica:Clinica.Infrastructure/Data/Seeds/DataSeeder.cs, textRange={startLine=237.0, endLine=237.0, startOffset=80.0, endOffset=95.0}, msgFormattings=[]}]} / "	MAIN	-	e3ae3eeb-6acd-45cb-a35a-2f3b0eca8c32	MINOR		paricahuak40@gmail.com	false	ADAPTABLE	NOT_LINKED		"{softwareQuality=MAINTAINABILITY, severity=LOW} / "	Define a constant instead of using this literal 'Administrador' 5 times.	2026-06-22T04:22:54+0000	false	"design / "		Clinica-Santa-Monica:Clinica.Infrastructure/Data/Seeds/DataSeeder.cs	false	{startLine=118.0, endLine=118.0, startOffset=25.0, endOffset=40.0}	4min	77acc3ce35f4f38796bead24c946eaef	OPEN
2026-06-23T02:26:07+0000	194.0	csharpsquid:S1192	Clinica-Santa-Monica	4min	CODE_SMELL	DISTINCT		OPEN	"{locations=[{component=Clinica-Santa-Monica:Clinica.Infrastructure/Data/Seeds/DataSeeder.cs, textRange={startLine=236.0, endLine=236.0, startOffset=82.0, endOffset=89.0}, msgFormattings=[]}]} / {locations=[{component=Clinica-Santa-Monica:Clinica.Infrastructure/Data/Seeds/DataSeeder.cs, textRange={startLine=327.0, endLine=327.0, startOffset=89.0, endOffset=96.0}, msgFormattings=[]}]} / {locations=[{component=Clinica-Santa-Monica:Clinica.Infrastructure/Data/Seeds/DataSeeder.cs, textRange={startLine=487.0, endLine=487.0, startOffset=89.0, endOffset=96.0}, msgFormattings=[]}]} / "	MAIN	-	92012cf6-ead7-4031-9396-2a6d7b58ae08	MINOR		paricahuak40@gmail.com	false	ADAPTABLE	NOT_LINKED		"{softwareQuality=MAINTAINABILITY, severity=LOW} / "	Define a constant instead of using this literal 'admin' 4 times.	2026-06-22T04:22:54+0000	false	"design / "		Clinica-Santa-Monica:Clinica.Infrastructure/Data/Seeds/DataSeeder.cs	false	{startLine=194.0, endLine=194.0, startOffset=13.0, endOffset=20.0}	4min	7f3992b1c0cf4f349f870192b689126f	OPEN
2026-06-23T02:26:07+0000	42.0	csharpsquid:S1135	Clinica-Santa-Monica	0min	CODE_SMELL	COMPLETE		OPEN		MAIN	-	86a195a8-682c-4989-b943-b267d04f6510	INFO		paricahuak40@gmail.com	false	INTENTIONAL	NOT_LINKED		"{softwareQuality=MAINTAINABILITY, severity=INFO} / "	Complete the task associated to this 'TODO' comment.	2026-06-22T04:22:54+0000	false	"cwe / "		Clinica-Santa-Monica:Clinica.Infrastructure/Repositories/AtencionRepository.cs	false	{startLine=42.0, endLine=42.0, startOffset=25.0, endOffset=29.0}	0min	238764f18953fa080153c9eb91c93684	OPEN
2026-06-23T02:26:07+0000	35.0	csharpsquid:S3358	Clinica-Santa-Monica	5min	CODE_SMELL	CLEAR		OPEN		MAIN	-	780d9a8b-ee61-4d1c-a1aa-4ccdc0e70bf9	MAJOR		yukyuel@gmail.com	false	INTENTIONAL	NOT_LINKED		"{softwareQuality=MAINTAINABILITY, severity=MEDIUM} / "	Extract this nested ternary operation into an independent statement.	2026-06-22T04:22:54+0000	false	"confusing / "		Clinica-Santa-Monica:Clinica.WASM/Components/Atenciones/DetalleAtencionDialog.razor	false	{startLine=35.0, endLine=35.0, startOffset=106.0, endOffset=174.0}	5min	7bd8f15761b7903ee5e92d43a4be181d	OPEN
2026-06-23T02:26:07+0000	-	external_roslyn:MUD0002	Clinica-Santa-Monica	0min	CODE_SMELL	CONVENTIONAL		OPEN		MAIN	roslyn	ef660c59-efa5-4c81-85f4-869755f16462	MAJOR		yukyuel@gmail.com	false	CONSISTENT	NOT_LINKED		"{softwareQuality=MAINTAINABILITY, severity=MEDIUM} / "	Illegal Attribute 'Loading' on 'MudStepper' using pattern 'LowerCase' source location '(424,20)-(432,21)'	2026-06-22T04:22:54+0000	false			Clinica-Santa-Monica:Clinica.WASM/Components/Atenciones/RegistrarAtencionDialog.razor	false	-	0min	-	OPEN
2026-06-23T02:26:07+0000	21.0	csharpsquid:S4487	Clinica-Santa-Monica	5min	CODE_SMELL	CLEAR		OPEN		MAIN	-	25a45c6e-2942-406b-9e6b-14e0fd4f5b08	CRITICAL		yukyuel@gmail.com	false	INTENTIONAL	NOT_LINKED		"{softwareQuality=MAINTAINABILITY, severity=HIGH} / "	Remove this unread private field 'Form' or refactor the code to use its value.	2026-06-22T04:22:54+0000	false	"cwe / unused / "		Clinica-Santa-Monica:Clinica.WASM/Components/Atenciones/RegistrarAtencionDialog.razor.cs	false	{startLine=21.0, endLine=21.0, startOffset=21.0, endOffset=25.0}	5min	3ab09022d1591711d3f8648479e974e7	OPEN
2026-06-23T02:26:07+0000	22.0	csharpsquid:S4487	Clinica-Santa-Monica	5min	CODE_SMELL	CLEAR		OPEN		MAIN	-	8d77a544-703d-48df-8eac-b860a96da2a2	CRITICAL		yukyuel@gmail.com	false	INTENTIONAL	NOT_LINKED		"{softwareQuality=MAINTAINABILITY, severity=HIGH} / "	Remove this unread private field 'Stepper' or refactor the code to use its value.	2026-06-22T04:22:54+0000	false	"cwe / unused / "		Clinica-Santa-Monica:Clinica.WASM/Components/Atenciones/RegistrarAtencionDialog.razor.cs	false	{startLine=22.0, endLine=22.0, startOffset=24.0, endOffset=31.0}	5min	9e421d3973cebf4f9418b4d3d52777f9	OPEN
2026-06-23T02:26:07+0000	51.0	external_roslyn:CA1862	Clinica-Santa-Monica	0min	CODE_SMELL	CONVENTIONAL		OPEN		MAIN	roslyn	f6191139-1999-4dbc-979f-a3a2f6d0d86e	INFO		yukyuel@gmail.com	false	CONSISTENT	NOT_LINKED		"{softwareQuality=MAINTAINABILITY, severity=INFO} / "	"Prefiera la sobrecarga de método de comparación de cadenas de ""string.Contains(string)"" que toma un valor de enumeración ""StringComparison"" para realizar una comparación sin distinción de mayúsculas y minúsculas, pero tenga en cuenta que esto puede provocar cambios sutiles en el comportamiento, por lo que asegúrese de realizar pruebas exhaustivas después de aplicar la sugerencia, o si no se requiere una comparación culturalmente confidencial, considere la posibilidad de usar ""StringComparison.OrdinalIgnoreCase"""	2026-06-22T04:22:54+0000	false			Clinica-Santa-Monica:Clinica.WASM/Components/Atenciones/RegistrarAtencionDialog.razor.cs	false	{startLine=51.0, endLine=51.0, startOffset=45.0, endOffset=150.0}	0min	d3cba7d1be32b8dd7e7df66d00ac91a6	OPEN
2026-06-23T02:26:07+0000	60.0	external_roslyn:CA1862	Clinica-Santa-Monica	0min	CODE_SMELL	CONVENTIONAL		OPEN		MAIN	roslyn	01c8ce91-bd43-4879-8bd7-8c7efc85c14c	INFO		yukyuel@gmail.com	false	CONSISTENT	NOT_LINKED		"{softwareQuality=MAINTAINABILITY, severity=INFO} / "	"Prefiera la sobrecarga de método de comparación de cadenas de ""string.Contains(string)"" que toma un valor de enumeración ""StringComparison"" para realizar una comparación sin distinción de mayúsculas y minúsculas, pero tenga en cuenta que esto puede provocar cambios sutiles en el comportamiento, por lo que asegúrese de realizar pruebas exhaustivas después de aplicar la sugerencia, o si no se requiere una comparación culturalmente confidencial, considere la posibilidad de usar ""StringComparison.OrdinalIgnoreCase"""	2026-06-22T04:22:54+0000	false			Clinica-Santa-Monica:Clinica.WASM/Components/Atenciones/RegistrarAtencionDialog.razor.cs	false	{startLine=60.0, endLine=60.0, startOffset=45.0, endOffset=135.0}	0min	6dd6a857016ce0c035b9fe061cb6e06b	OPEN
2026-06-23T02:26:07+0000	69.0	external_roslyn:CA1862	Clinica-Santa-Monica	0min	CODE_SMELL	CONVENTIONAL		OPEN		MAIN	roslyn	dc040248-6e7a-45ee-ac94-0fbd34673570	INFO		yukyuel@gmail.com	false	CONSISTENT	NOT_LINKED		"{softwareQuality=MAINTAINABILITY, severity=INFO} / "	"Prefiera la sobrecarga de método de comparación de cadenas de ""string.Contains(string)"" que toma un valor de enumeración ""StringComparison"" para realizar una comparación sin distinción de mayúsculas y minúsculas, pero tenga en cuenta que esto puede provocar cambios sutiles en el comportamiento, por lo que asegúrese de realizar pruebas exhaustivas después de aplicar la sugerencia, o si no se requiere una comparación culturalmente confidencial, considere la posibilidad de usar ""StringComparison.OrdinalIgnoreCase"""	2026-06-22T04:22:54+0000	false			Clinica-Santa-Monica:Clinica.WASM/Components/Atenciones/RegistrarAtencionDialog.razor.cs	false	{startLine=69.0, endLine=69.0, startOffset=65.0, endOffset=108.0}	0min	6870a2c00c3777e1ffc6854cd10c93a8	OPEN
2026-06-23T02:26:07+0000	105.0	external_roslyn:CA1860	Clinica-Santa-Monica	0min	CODE_SMELL	CONVENTIONAL		OPEN		MAIN	roslyn	2ad0108e-7aa1-4568-a35c-c7aa6b864538	INFO		yukyuel@gmail.com	false	CONSISTENT	NOT_LINKED		"{softwareQuality=MAINTAINABILITY, severity=INFO} / "	"Es preferible comparar ""Count"" con 0 en lugar de usar ""Any()"", tanto por claridad como por rendimiento."	2026-06-22T04:22:54+0000	false			Clinica-Santa-Monica:Clinica.WASM/Components/Atenciones/RegistrarAtencionDialog.razor.cs	false	{startLine=105.0, endLine=105.0, startOffset=32.0, endOffset=53.0}	0min	b3527d54becdddd8f727f2a71941ea37	OPEN
2026-06-23T02:26:07+0000	106.0	external_roslyn:CA1860	Clinica-Santa-Monica	0min	CODE_SMELL	CONVENTIONAL		OPEN		MAIN	roslyn	1b855345-12e4-45b8-9652-4f3cdd82eda3	INFO		yukyuel@gmail.com	false	CONSISTENT	NOT_LINKED		"{softwareQuality=MAINTAINABILITY, severity=INFO} / "	"Es preferible comparar ""Count"" con 0 en lugar de usar ""Any()"", tanto por claridad como por rendimiento."	2026-06-22T04:22:54+0000	false			Clinica-Santa-Monica:Clinica.WASM/Components/Atenciones/RegistrarAtencionDialog.razor.cs	false	{startLine=106.0, endLine=106.0, startOffset=32.0, endOffset=53.0}	0min	085c6b8728e5787526ef008306116454	OPEN
2026-06-23T02:26:07+0000	107.0	external_roslyn:CA1860	Clinica-Santa-Monica	0min	CODE_SMELL	CONVENTIONAL		OPEN		MAIN	roslyn	d18193cf-bd1c-44e7-a60d-5a83933675df	INFO		yukyuel@gmail.com	false	CONSISTENT	NOT_LINKED		"{softwareQuality=MAINTAINABILITY, severity=INFO} / "	"Es preferible comparar ""Count"" con 0 en lugar de usar ""Any()"", tanto por claridad como por rendimiento."	2026-06-22T04:22:54+0000	false			Clinica-Santa-Monica:Clinica.WASM/Components/Atenciones/RegistrarAtencionDialog.razor.cs	false	{startLine=107.0, endLine=107.0, startOffset=27.0, endOffset=43.0}	0min	e55edf9babf20fc92778d400e18f30b8	OPEN
2026-06-23T02:26:07+0000	120.0	csharpsquid:S1144	Clinica-Santa-Monica	2min	CODE_SMELL	CLEAR		OPEN		MAIN	-	82d8e0a3-0ed0-46b8-8dd3-8162da1abd3b	MAJOR		yukyuel@gmail.com	false	INTENTIONAL	NOT_LINKED		"{softwareQuality=MAINTAINABILITY, severity=MEDIUM} / "	Remove the unused private method 'CargarHistorialAsync'.	2026-06-22T04:22:54+0000	false	"unused / "		Clinica-Santa-Monica:Clinica.WASM/Components/Atenciones/RegistrarAtencionDialog.razor.cs	false	{startLine=120.0, endLine=120.0, startOffset=23.0, endOffset=43.0}	2min	c868ac2e86527a69dd281c13728b2a19	OPEN
2026-06-23T02:26:07+0000	34.0	csharpsquid:S3358	Clinica-Santa-Monica	5min	CODE_SMELL	CLEAR		OPEN		MAIN	-	64107f88-7c84-4569-a73c-cc532a3fd27c	MAJOR		yukyuel@gmail.com	false	INTENTIONAL	NOT_LINKED		"{softwareQuality=MAINTAINABILITY, severity=MEDIUM} / "	Extract this nested ternary operation into an independent statement.	2026-06-22T04:22:54+0000	false	"confusing / "		Clinica-Santa-Monica:Clinica.WASM/Components/Auditoria/AuditoriaDetalleDialog.razor	false	{startLine=34.0, endLine=34.0, startOffset=99.0, endOffset=174.0}	5min	774b94c27f3f2ce429a424aa4c0e2833	OPEN
2026-06-23T02:26:07+0000	17.0	csharpsquid:S2365	Clinica-Santa-Monica	5min	CODE_SMELL	CLEAR		OPEN		MAIN	-	b22e1ed8-39e3-4b8b-a509-50e3f31760cf	CRITICAL		yukyuel@gmail.com	false	INTENTIONAL	NOT_LINKED		"{softwareQuality=MAINTAINABILITY, severity=HIGH} / "	Refactor 'ComprobantesFiltrados' into a method, properties should not copy collections.	2026-06-22T04:22:54+0000	false	"api-design / performance / "		Clinica-Santa-Monica:Clinica.WASM/Components/Comprobantes/ComprobantesTable.razor.cs	false	{startLine=17.0, endLine=19.0, startOffset=8.0, endOffset=19.0}	5min	6c8a2c3d71c7c81155d68cb871bd651d	OPEN
2026-06-23T02:26:07+0000	34.0	csharpsquid:S4487	Clinica-Santa-Monica	5min	CODE_SMELL	CLEAR		OPEN		MAIN	-	0fecbeae-d50a-4126-bd67-ab068e1b835e	CRITICAL		yukyuel@gmail.com	false	INTENTIONAL	NOT_LINKED		"{softwareQuality=MAINTAINABILITY, severity=HIGH} / "	Remove this unread private field 'AtencionIdInput' or refactor the code to use its value.	2026-06-22T04:22:54+0000	false	"cwe / unused / "		Clinica-Santa-Monica:Clinica.WASM/Components/Comprobantes/EmitirComprobanteDialog.razor.cs	false	{startLine=34.0, endLine=34.0, startOffset=19.0, endOffset=49.0}	5min	34cbaaa66e8f74639d4315fe816b2b12	OPEN
2026-06-23T02:26:07+0000	51.0	external_roslyn:CS1998	Clinica-Santa-Monica	0min	CODE_SMELL	CONVENTIONAL		OPEN		MAIN	roslyn	196be8cb-13a5-4b81-a14a-1265bdc215a0	MAJOR		yukyuel@gmail.com	false	CONSISTENT	NOT_LINKED		"{softwareQuality=MAINTAINABILITY, severity=MEDIUM} / "	"El método asincrónico carece de operadores ""await"" y se ejecutará de forma sincrónica. Puede usar el operador 'await' para esperar llamadas API que no sean de bloqueo o 'await Task.Run(...)' para hacer tareas enlazadas a la CPU en un subproceso en segundo plano."	2026-06-22T04:22:54+0000	false			Clinica-Santa-Monica:Clinica.WASM/Components/Comprobantes/EmitirComprobanteDialog.razor.cs	false	{startLine=51.0, endLine=51.0, startOffset=57.0, endOffset=77.0}	0min	9efa3265f6dc27b4897be65f127b3216	OPEN
2026-06-23T02:26:07+0000	59.0	external_roslyn:CA1862	Clinica-Santa-Monica	0min	CODE_SMELL	CONVENTIONAL		OPEN		MAIN	roslyn	4d41d778-05dc-4aa1-a993-02e3588897bb	INFO		yukyuel@gmail.com	false	CONSISTENT	NOT_LINKED		"{softwareQuality=MAINTAINABILITY, severity=INFO} / "	"Prefiera la sobrecarga de método de comparación de cadenas de ""string.Contains(string)"" que toma un valor de enumeración ""StringComparison"" para realizar una comparación sin distinción de mayúsculas y minúsculas, pero tenga en cuenta que esto puede provocar cambios sutiles en el comportamiento, por lo que asegúrese de realizar pruebas exhaustivas después de aplicar la sugerencia, o si no se requiere una comparación culturalmente confidencial, considere la posibilidad de usar ""StringComparison.OrdinalIgnoreCase"""	2026-06-22T04:22:54+0000	false			Clinica-Santa-Monica:Clinica.WASM/Components/Comprobantes/EmitirComprobanteDialog.razor.cs	false	{startLine=59.0, endLine=59.0, startOffset=24.0, endOffset=90.0}	0min	af4ba3272aa63e510d300dfffe8d8c19	OPEN
2026-06-23T02:26:07+0000	61.0	external_roslyn:CA1862	Clinica-Santa-Monica	0min	CODE_SMELL	CONVENTIONAL		OPEN		MAIN	roslyn	43421961-7fdc-40c8-9eb0-eac9fce3eadd	INFO		yukyuel@gmail.com	false	CONSISTENT	NOT_LINKED		"{softwareQuality=MAINTAINABILITY, severity=INFO} / "	"Prefiera la sobrecarga de método de comparación de cadenas de ""string.Contains(string)"" que toma un valor de enumeración ""StringComparison"" para realizar una comparación sin distinción de mayúsculas y minúsculas, pero tenga en cuenta que esto puede provocar cambios sutiles en el comportamiento, por lo que asegúrese de realizar pruebas exhaustivas después de aplicar la sugerencia, o si no se requiere una comparación culturalmente confidencial, considere la posibilidad de usar ""StringComparison.OrdinalIgnoreCase"""	2026-06-22T04:22:54+0000	false			Clinica-Santa-Monica:Clinica.WASM/Components/Comprobantes/EmitirComprobanteDialog.razor.cs	false	{startLine=61.0, endLine=61.0, startOffset=44.0, endOffset=79.0}	0min	f2edeca1b92e9f2bb6858400fb129a20	OPEN
2026-06-23T02:26:07+0000	71.0	external_roslyn:CA1860	Clinica-Santa-Monica	0min	CODE_SMELL	CONVENTIONAL		OPEN		MAIN	roslyn	c957c8b9-022e-486f-9310-d1ad69263da8	INFO		yukyuel@gmail.com	false	CONSISTENT	NOT_LINKED		"{softwareQuality=MAINTAINABILITY, severity=INFO} / "	"Es preferible comparar ""Count"" con 0 en lugar de usar ""Any()"", tanto por claridad como por rendimiento."	2026-06-22T04:22:54+0000	false			Clinica-Santa-Monica:Clinica.WASM/Components/Comprobantes/EmitirComprobanteDialog.razor.cs	false	{startLine=71.0, endLine=71.0, startOffset=13.0, endOffset=32.0}	0min	0e2d4026b64e7770c0f545da5dd8bff9	OPEN
2026-06-23T02:26:07+0000	79.0	external_roslyn:CA1862	Clinica-Santa-Monica	0min	CODE_SMELL	CONVENTIONAL		OPEN		MAIN	roslyn	686c9486-4106-41fe-a3f7-3bb43cbb51cf	INFO		yukyuel@gmail.com	false	CONSISTENT	NOT_LINKED		"{softwareQuality=MAINTAINABILITY, severity=INFO} / "	"Prefiera la sobrecarga de método de comparación de cadenas de ""string.Contains(string)"" que toma un valor de enumeración ""StringComparison"" para realizar una comparación sin distinción de mayúsculas y minúsculas, pero tenga en cuenta que esto puede provocar cambios sutiles en el comportamiento, por lo que asegúrese de realizar pruebas exhaustivas después de aplicar la sugerencia, o si no se requiere una comparación culturalmente confidencial, considere la posibilidad de usar ""StringComparison.OrdinalIgnoreCase"""	2026-06-22T04:22:54+0000	false			Clinica-Santa-Monica:Clinica.WASM/Components/Comprobantes/EmitirComprobanteDialog.razor.cs	false	{startLine=79.0, endLine=79.0, startOffset=24.0, endOffset=71.0}	0min	44da38d09e221e6e486ff23319eea7ba	OPEN
2026-06-23T02:26:07+0000	80.0	external_roslyn:CA1862	Clinica-Santa-Monica	0min	CODE_SMELL	CONVENTIONAL		OPEN		MAIN	roslyn	9fc98238-c452-4fa6-881f-3ef24f2efbd5	INFO		yukyuel@gmail.com	false	CONSISTENT	NOT_LINKED		"{softwareQuality=MAINTAINABILITY, severity=INFO} / "	"Prefiera la sobrecarga de método de comparación de cadenas de ""string.Contains(string)"" que toma un valor de enumeración ""StringComparison"" para realizar una comparación sin distinción de mayúsculas y minúsculas, pero tenga en cuenta que esto puede provocar cambios sutiles en el comportamiento, por lo que asegúrese de realizar pruebas exhaustivas después de aplicar la sugerencia, o si no se requiere una comparación culturalmente confidencial, considere la posibilidad de usar ""StringComparison.OrdinalIgnoreCase"""	2026-06-22T04:22:54+0000	false			Clinica-Santa-Monica:Clinica.WASM/Components/Comprobantes/EmitirComprobanteDialog.razor.cs	false	{startLine=80.0, endLine=80.0, startOffset=27.0, endOffset=78.0}	0min	793bb967323261e6770b4484f437dc4f	OPEN
2026-06-23T02:26:07+0000	90.0	external_roslyn:CA1860	Clinica-Santa-Monica	0min	CODE_SMELL	CONVENTIONAL		OPEN		MAIN	roslyn	4c8c7f3e-507f-4d45-b2c0-202472075b5e	INFO		yukyuel@gmail.com	false	CONSISTENT	NOT_LINKED		"{softwareQuality=MAINTAINABILITY, severity=INFO} / "	"Es preferible comparar ""Count"" con 0 en lugar de usar ""Any()"", tanto por claridad como por rendimiento."	2026-06-22T04:22:54+0000	false			Clinica-Santa-Monica:Clinica.WASM/Components/Comprobantes/EmitirComprobanteDialog.razor.cs	false	{startLine=90.0, endLine=90.0, startOffset=13.0, endOffset=32.0}	0min	64cf4adbcaad9e7de08424550395e448	OPEN
2026-06-23T02:26:07+0000	98.0	external_roslyn:CA1862	Clinica-Santa-Monica	0min	CODE_SMELL	CONVENTIONAL		OPEN		MAIN	roslyn	5cfa5f15-f113-425a-8b80-043712fc55ef	INFO		yukyuel@gmail.com	false	CONSISTENT	NOT_LINKED		"{softwareQuality=MAINTAINABILITY, severity=INFO} / "	"Prefiera la sobrecarga de método de comparación de cadenas de ""string.Contains(string)"" que toma un valor de enumeración ""StringComparison"" para realizar una comparación sin distinción de mayúsculas y minúsculas, pero tenga en cuenta que esto puede provocar cambios sutiles en el comportamiento, por lo que asegúrese de realizar pruebas exhaustivas después de aplicar la sugerencia, o si no se requiere una comparación culturalmente confidencial, considere la posibilidad de usar ""StringComparison.OrdinalIgnoreCase"""	2026-06-22T04:22:54+0000	false			Clinica-Santa-Monica:Clinica.WASM/Components/Comprobantes/EmitirComprobanteDialog.razor.cs	false	{startLine=98.0, endLine=98.0, startOffset=24.0, endOffset=71.0}	0min	fdf8ccf6b77f0a6cf677b04366843465	OPEN
2026-06-23T02:26:07+0000	99.0	external_roslyn:CA1862	Clinica-Santa-Monica	0min	CODE_SMELL	CONVENTIONAL		OPEN		MAIN	roslyn	0f2e2125-73b3-4510-8ad4-b7d8e15b4765	INFO		yukyuel@gmail.com	false	CONSISTENT	NOT_LINKED		"{softwareQuality=MAINTAINABILITY, severity=INFO} / "	"Prefiera la sobrecarga de método de comparación de cadenas de ""string.Contains(string)"" que toma un valor de enumeración ""StringComparison"" para realizar una comparación sin distinción de mayúsculas y minúsculas, pero tenga en cuenta que esto puede provocar cambios sutiles en el comportamiento, por lo que asegúrese de realizar pruebas exhaustivas después de aplicar la sugerencia, o si no se requiere una comparación culturalmente confidencial, considere la posibilidad de usar ""StringComparison.OrdinalIgnoreCase"""	2026-06-22T04:22:54+0000	false			Clinica-Santa-Monica:Clinica.WASM/Components/Comprobantes/EmitirComprobanteDialog.razor.cs	false	{startLine=99.0, endLine=99.0, startOffset=27.0, endOffset=78.0}	0min	393bedfb7cf5077aa4b0791163ea2d5f	OPEN
2026-06-23T02:26:07+0000	110.0	external_roslyn:CA1860	Clinica-Santa-Monica	0min	CODE_SMELL	CONVENTIONAL		OPEN		MAIN	roslyn	dccc0625-cf18-424b-84a9-ea737103e3f6	INFO		yukyuel@gmail.com	false	CONSISTENT	NOT_LINKED		"{softwareQuality=MAINTAINABILITY, severity=INFO} / "	"Es preferible comparar ""Count"" con 0 en lugar de usar ""Any()"", tanto por claridad como por rendimiento."	2026-06-22T04:22:54+0000	false			Clinica-Santa-Monica:Clinica.WASM/Components/Comprobantes/EmitirComprobanteDialog.razor.cs	false	{startLine=110.0, endLine=110.0, startOffset=13.0, endOffset=37.0}	0min	833482dead885cfc3f969b62d701d105	OPEN
2026-06-23T02:26:07+0000	119.0	external_roslyn:CA1862	Clinica-Santa-Monica	0min	CODE_SMELL	CONVENTIONAL		OPEN		MAIN	roslyn	fdaa4f83-79df-4741-ac7c-04dbb0504ac4	INFO		yukyuel@gmail.com	false	CONSISTENT	NOT_LINKED		"{softwareQuality=MAINTAINABILITY, severity=INFO} / "	"Prefiera la sobrecarga de método de comparación de cadenas de ""string.Contains(string)"" que toma un valor de enumeración ""StringComparison"" para realizar una comparación sin distinción de mayúsculas y minúsculas, pero tenga en cuenta que esto puede provocar cambios sutiles en el comportamiento, por lo que asegúrese de realizar pruebas exhaustivas después de aplicar la sugerencia, o si no se requiere una comparación culturalmente confidencial, considere la posibilidad de usar ""StringComparison.OrdinalIgnoreCase"""	2026-06-22T04:22:54+0000	false			Clinica-Santa-Monica:Clinica.WASM/Components/Comprobantes/EmitirComprobanteDialog.razor.cs	false	{startLine=119.0, endLine=119.0, startOffset=24.0, endOffset=74.0}	0min	7572c2af59cfffd8be962c0e05e6c801	OPEN
2026-06-23T02:26:07+0000	123.0	external_roslyn:CS1998	Clinica-Santa-Monica	0min	CODE_SMELL	CONVENTIONAL		OPEN		MAIN	roslyn	de6dbd48-6055-44f4-bbc1-799535b4ad9c	MAJOR		yukyuel@gmail.com	false	CONSISTENT	NOT_LINKED		"{softwareQuality=MAINTAINABILITY, severity=MEDIUM} / "	"El método asincrónico carece de operadores ""await"" y se ejecutará de forma sincrónica. Puede usar el operador 'await' para esperar llamadas API que no sean de bloqueo o 'await Task.Run(...)' para hacer tareas enlazadas a la CPU en un subproceso en segundo plano."	2026-06-22T04:22:54+0000	false			Clinica-Santa-Monica:Clinica.WASM/Components/Comprobantes/EmitirComprobanteDialog.razor.cs	false	{startLine=123.0, endLine=123.0, startOffset=23.0, endOffset=41.0}	0min	5158be08be9ecde228bfb44200fca57f	OPEN
2026-06-23T02:26:07+0000	-	external_roslyn:MUD0002	Clinica-Santa-Monica	0min	CODE_SMELL	CONVENTIONAL		OPEN		MAIN	roslyn	99c6efad-2955-42df-835e-00c8588fc525	MAJOR		yukyuel@gmail.com	false	CONSISTENT	NOT_LINKED		"{softwareQuality=MAINTAINABILITY, severity=MEDIUM} / "	Illegal Attribute 'Label' on 'MudStep' using pattern 'LowerCase' source location '(388,24)-(388,89)'	2026-06-22T04:22:54+0000	false			Clinica-Santa-Monica:Clinica.WASM/Components/Doctores/ContratarDoctorDialog.razor	false	-	0min	-	OPEN
2026-06-23T02:26:07+0000	15.0	csharpsquid:S4487	Clinica-Santa-Monica	5min	CODE_SMELL	CLEAR		OPEN		MAIN	-	31c0756b-30a5-47d6-8b7f-c571aa432bca	CRITICAL		yukyuel@gmail.com	false	INTENTIONAL	NOT_LINKED		"{softwareQuality=MAINTAINABILITY, severity=HIGH} / "	Remove this unread private field 'Stepper' or refactor the code to use its value.	2026-06-22T04:22:54+0000	false	"cwe / unused / "		Clinica-Santa-Monica:Clinica.WASM/Components/Doctores/ContratarDoctorDialog.razor.cs	false	{startLine=15.0, endLine=15.0, startOffset=24.0, endOffset=31.0}	5min	9e421d3973cebf4f9418b4d3d52777f9	OPEN
2026-06-23T02:26:07+0000	78.0	external_roslyn:CS8602	Clinica-Santa-Monica	0min	CODE_SMELL	CONVENTIONAL		OPEN		MAIN	roslyn	67214c15-3eeb-4eec-93c7-fd4b7255145f	MAJOR		yukyuel@gmail.com	false	CONSISTENT	NOT_LINKED		"{softwareQuality=MAINTAINABILITY, severity=MEDIUM} / "	Desreferencia de una referencia posiblemente NULL.	2026-06-22T04:22:54+0000	false			Clinica-Santa-Monica:Clinica.WASM/Layout/MainLayout.razor.cs	false	{startLine=78.0, endLine=78.0, startOffset=13.0, endOffset=19.0}	0min	bb85b9eca3e09d69a89ddf7936d7a185	OPEN
2026-06-23T02:26:07+0000	81.0	csharpsquid:S125	Clinica-Santa-Monica	5min	CODE_SMELL	CLEAR		OPEN		MAIN	-	6f8540df-9d83-4049-954a-f4e87848bfcf	MAJOR		yukyuel@gmail.com	false	INTENTIONAL	NOT_LINKED		"{softwareQuality=MAINTAINABILITY, severity=MEDIUM} / "	Remove this commented out code.	2026-06-22T04:22:54+0000	false	"unused / "		Clinica-Santa-Monica:Clinica.WASM/Layout/MainLayout.razor.cs	false	{startLine=81.0, endLine=81.0, startOffset=12.0, endOffset=86.0}	5min	f9dbc998d5e4892037631d3802e5df17	OPEN
2026-06-23T02:26:07+0000	27.0	csharpsquid:S3626	Clinica-Santa-Monica	1min	CODE_SMELL	CLEAR		OPEN		MAIN	-	b22e78a3-123c-4115-9349-25216f61ec31	MINOR		yukyuel@gmail.com	false	INTENTIONAL	NOT_LINKED		"{softwareQuality=MAINTAINABILITY, severity=LOW} / "	Remove this redundant jump.	2026-06-22T04:22:54+0000	false	"redundant / clumsy / "		Clinica-Santa-Monica:Clinica.WASM/Pages/Atenciones/AtencionesPage.razor.cs	false	{startLine=27.0, endLine=27.0, startOffset=12.0, endOffset=19.0}	1min	505b97969baa28c3f607a38ee02f4f2d	OPEN
2026-06-23T02:26:07+0000	56.0	external_roslyn:CS8602	Clinica-Santa-Monica	0min	CODE_SMELL	CONVENTIONAL		OPEN		MAIN	roslyn	cc81be6b-376d-4d88-8ce7-54753d1b5d90	MAJOR		yukyuel@gmail.com	false	CONSISTENT	NOT_LINKED		"{softwareQuality=MAINTAINABILITY, severity=MEDIUM} / "	Desreferencia de una referencia posiblemente NULL.	2026-06-22T04:22:54+0000	false			Clinica-Santa-Monica:Clinica.WASM/Pages/Atenciones/AtencionesPage.razor.cs	false	{startLine=56.0, endLine=56.0, startOffset=13.0, endOffset=19.0}	0min	bb85b9eca3e09d69a89ddf7936d7a185	OPEN
2026-06-23T02:26:07+0000	74.0	external_roslyn:CS8602	Clinica-Santa-Monica	0min	CODE_SMELL	CONVENTIONAL		OPEN		MAIN	roslyn	89b0cf34-ea64-4ed7-825c-fd86e8bbbe47	MAJOR		yukyuel@gmail.com	false	CONSISTENT	NOT_LINKED		"{softwareQuality=MAINTAINABILITY, severity=MEDIUM} / "	Desreferencia de una referencia posiblemente NULL.	2026-06-22T04:22:54+0000	false			Clinica-Santa-Monica:Clinica.WASM/Pages/Atenciones/AtencionesPage.razor.cs	false	{startLine=74.0, endLine=74.0, startOffset=13.0, endOffset=19.0}	0min	0c06a5ee89aa0d31879511ef8cf196bb	OPEN
2026-06-23T02:26:07+0000	82.0	external_roslyn:CS8602	Clinica-Santa-Monica	0min	CODE_SMELL	CONVENTIONAL		OPEN		MAIN	roslyn	ac1d9795-9967-47a8-ae65-8bee1e2918af	MAJOR		yukyuel@gmail.com	false	CONSISTENT	NOT_LINKED		"{softwareQuality=MAINTAINABILITY, severity=MEDIUM} / "	Desreferencia de una referencia posiblemente NULL.	2026-06-22T04:22:54+0000	false			Clinica-Santa-Monica:Clinica.WASM/Pages/Atenciones/AtencionesPage.razor.cs	false	{startLine=82.0, endLine=82.0, startOffset=13.0, endOffset=19.0}	0min	77144c7a8edfbe9ffc94697926f0dd03	OPEN
2026-06-23T02:26:07+0000	-	external_roslyn:MUD0002	Clinica-Santa-Monica	0min	CODE_SMELL	CONVENTIONAL		OPEN		MAIN	roslyn	e09f01e6-3e75-45cf-93bd-9536dc8895ec	MAJOR		yukyuel@gmail.com	false	CONSISTENT	NOT_LINKED		"{softwareQuality=MAINTAINABILITY, severity=MEDIUM} / "	Illegal Attribute 'Checked' on 'MudSwitch' using pattern 'LowerCase' source location '(1173,20)-(1173,91)'	2026-06-22T04:22:54+0000	false			Clinica-Santa-Monica:Clinica.WASM/Pages/Auditoria/AuditoriaPage.razor	false	-	0min	-	OPEN
2026-06-23T02:26:07+0000	96.0	csharpsquid:S3358	Clinica-Santa-Monica	5min	CODE_SMELL	CLEAR		OPEN		MAIN	-	c97f5472-41a6-4ca6-bd0d-e915faf93e8f	MAJOR		yukyuel@gmail.com	false	INTENTIONAL	NOT_LINKED		"{softwareQuality=MAINTAINABILITY, severity=MEDIUM} / "	Extract this nested ternary operation into an independent statement.	2026-06-22T04:22:54+0000	false	"confusing / "		Clinica-Santa-Monica:Clinica.WASM/Pages/Auditoria/AuditoriaPage.razor	false	{startLine=96.0, endLine=96.0, startOffset=94.0, endOffset=168.0}	5min	e4a655f62919f84d011b6b0e8e968efe	OPEN
2026-06-23T02:26:07+0000	-	external_roslyn:MUD0002	Clinica-Santa-Monica	0min	CODE_SMELL	CONVENTIONAL		OPEN		MAIN	roslyn	d41cfeee-8b2a-4c54-a075-9ecb0f920022	MAJOR		yukyuel@gmail.com	false	CONSISTENT	NOT_LINKED		"{softwareQuality=MAINTAINABILITY, severity=MEDIUM} / "	Illegal Attribute 'PanelClass' on 'MudTabs' using pattern 'LowerCase' source location '(774,20)-(774,78)'	2026-06-22T04:22:54+0000	false			Clinica-Santa-Monica:Clinica.WASM/Pages/Comprobantes/Comprobantes.razor	false	-	0min	-	OPEN
2026-06-23T02:26:07+0000	125.0	external_roslyn:CS8602	Clinica-Santa-Monica	0min	CODE_SMELL	CONVENTIONAL		OPEN		MAIN	roslyn	f00e01a8-21fe-45b0-aa2e-1b54806e97c9	MAJOR		yukyuel@gmail.com	false	CONSISTENT	NOT_LINKED		"{softwareQuality=MAINTAINABILITY, severity=MEDIUM} / "	Desreferencia de una referencia posiblemente NULL.	2026-06-22T04:22:54+0000	false			Clinica-Santa-Monica:Clinica.WASM/Pages/Comprobantes/Comprobantes.razor	false	{startLine=125.0, endLine=125.0, startOffset=13.0, endOffset=19.0}	0min	bb85b9eca3e09d69a89ddf7936d7a185	OPEN
2026-06-23T02:26:07+0000	175.0	external_roslyn:CS8602	Clinica-Santa-Monica	0min	CODE_SMELL	CONVENTIONAL		OPEN		MAIN	roslyn	929863b3-4b32-4384-8e5c-872d856da3b2	MAJOR		yukyuel@gmail.com	false	CONSISTENT	NOT_LINKED		"{softwareQuality=MAINTAINABILITY, severity=MEDIUM} / "	Desreferencia de una referencia posiblemente NULL.	2026-06-22T04:22:54+0000	false			Clinica-Santa-Monica:Clinica.WASM/Pages/Comprobantes/Comprobantes.razor	false	{startLine=175.0, endLine=175.0, startOffset=13.0, endOffset=19.0}	0min	bb85b9eca3e09d69a89ddf7936d7a185	OPEN
2026-06-23T02:26:07+0000	77.0	csharpsquid:S6562	Clinica-Santa-Monica	5min	CODE_SMELL	CLEAR		OPEN		MAIN	-	0c71b93e-371a-4be1-848c-ce154ec34503	MAJOR		yukyuel@gmail.com	false	INTENTIONAL	NOT_LINKED		"{softwareQuality=MAINTAINABILITY, severity=MEDIUM} / "	"Provide the ""DateTimeKind"" when creating this object."	2026-06-22T04:22:54+0000	false	"localisation / pitfall / "		Clinica-Santa-Monica:Clinica.WASM/Pages/Dashboard/Dashboard.razor.cs	false	{startLine=77.0, endLine=77.0, startOffset=24.0, endOffset=82.0}	5min	31113f27b64bf062fc07fa7fd570f091	OPEN
2026-06-23T02:26:07+0000	180.0	external_roslyn:CS8602	Clinica-Santa-Monica	0min	CODE_SMELL	CONVENTIONAL		OPEN		MAIN	roslyn	e784d516-89fe-4344-b47e-35ab87d520e6	MAJOR		yukyuel@gmail.com	false	CONSISTENT	NOT_LINKED		"{softwareQuality=MAINTAINABILITY, severity=MEDIUM} / "	Desreferencia de una referencia posiblemente NULL.	2026-06-22T04:22:54+0000	false			Clinica-Santa-Monica:Clinica.WASM/Pages/Doctores/DoctoresPage.razor.cs	false	{startLine=180.0, endLine=180.0, startOffset=13.0, endOffset=19.0}	0min	bb85b9eca3e09d69a89ddf7936d7a185	OPEN
2026-06-23T02:26:07+0000	-	external_roslyn:MUD0002	Clinica-Santa-Monica	0min	CODE_SMELL	CONVENTIONAL		OPEN		MAIN	roslyn	fbee6032-7a21-4776-83eb-6d531b72e164	MAJOR		yukyuel@gmail.com	false	CONSISTENT	NOT_LINKED		"{softwareQuality=MAINTAINABILITY, severity=MEDIUM} / "	Illegal Attribute 'DateOnly' on 'MudDatePicker' using pattern 'LowerCase' source location '(4157,40)-(4165,41)'	2026-06-22T04:22:54+0000	false			Clinica-Santa-Monica:Clinica.WASM/Pages/Finanzas/FinanzasPage.razor	false	-	0min	-	OPEN
2026-06-23T02:26:07+0000	-	external_roslyn:MUD0002	Clinica-Santa-Monica	0min	CODE_SMELL	CONVENTIONAL		OPEN		MAIN	roslyn	b1f3623c-dea1-4521-ac15-91c2e7278bc2	MAJOR		yukyuel@gmail.com	false	CONSISTENT	NOT_LINKED		"{softwareQuality=MAINTAINABILITY, severity=MEDIUM} / "	Illegal Attribute 'IsInitiallyExpanded' on 'MudExpansionPanel' using pattern 'LowerCase' source location '(696,24)-(696,91)'	2026-06-22T04:22:54+0000	false			Clinica-Santa-Monica:Clinica.WASM/Pages/Pagos/PagosPage.razor	false	-	0min	-	OPEN
2026-06-23T02:26:07+0000	26.0	csharpsquid:S4487	Clinica-Santa-Monica	5min	CODE_SMELL	CLEAR		OPEN		MAIN	-	f9efcf7b-f92d-462c-9b56-984be86bf46a	CRITICAL		yukyuel@gmail.com	false	INTENTIONAL	NOT_LINKED		"{softwareQuality=MAINTAINABILITY, severity=HIGH} / "	Remove this unread private field 'EstaCargandoPacientes' or refactor the code to use its value.	2026-06-22T04:22:54+0000	false	"cwe / unused / "		Clinica-Santa-Monica:Clinica.WASM/Pages/Pagos/PagosPage.razor.cs	false	{startLine=26.0, endLine=26.0, startOffset=17.0, endOffset=45.0}	5min	eac2626f8f8cc51f3d753b3b69c8449d	OPEN
2026-06-23T02:26:07+0000	151.0	external_roslyn:CS1998	Clinica-Santa-Monica	0min	CODE_SMELL	CONVENTIONAL		OPEN		MAIN	roslyn	09809e88-57dc-4458-b2a4-c38ac6e4f7ff	MAJOR		yukyuel@gmail.com	false	CONSISTENT	NOT_LINKED		"{softwareQuality=MAINTAINABILITY, severity=MEDIUM} / "	"El método asincrónico carece de operadores ""await"" y se ejecutará de forma sincrónica. Puede usar el operador 'await' para esperar llamadas API que no sean de bloqueo o 'await Task.Run(...)' para hacer tareas enlazadas a la CPU en un subproceso en segundo plano."	2026-06-22T04:22:54+0000	false			Clinica-Santa-Monica:Clinica.WASM/Pages/Pagos/PagosPage.razor.cs	false	{startLine=151.0, endLine=151.0, startOffset=53.0, endOffset=73.0}	0min	18905852ce583e74f50bd9fc9952beb4	OPEN
2026-06-23T02:26:07+0000	153.0	external_roslyn:CA1860	Clinica-Santa-Monica	0min	CODE_SMELL	CONVENTIONAL		OPEN		MAIN	roslyn	301560e9-ba68-43fc-856c-3258da89a3c9	INFO		yukyuel@gmail.com	false	CONSISTENT	NOT_LINKED		"{softwareQuality=MAINTAINABILITY, severity=INFO} / "	"Es preferible comparar ""Count"" con 0 en lugar de usar ""Any()"", tanto por claridad como por rendimiento."	2026-06-22T04:22:54+0000	false			Clinica-Santa-Monica:Clinica.WASM/Pages/Pagos/PagosPage.razor.cs	false	{startLine=153.0, endLine=153.0, startOffset=34.0, endOffset=49.0}	0min	8b3b069f1cb5219938417fb23b11fd32	OPEN
2026-06-23T02:26:07+0000	158.0	external_roslyn:CA1862	Clinica-Santa-Monica	0min	CODE_SMELL	CONVENTIONAL		OPEN		MAIN	roslyn	7107404d-c6de-4909-b903-33e0be646f76	INFO		yukyuel@gmail.com	false	CONSISTENT	NOT_LINKED		"{softwareQuality=MAINTAINABILITY, severity=INFO} / "	"Prefiera la sobrecarga de método de comparación de cadenas de ""string.Contains(string)"" que toma un valor de enumeración ""StringComparison"" para realizar una comparación sin distinción de mayúsculas y minúsculas, pero tenga en cuenta que esto puede provocar cambios sutiles en el comportamiento, por lo que asegúrese de realizar pruebas exhaustivas después de aplicar la sugerencia, o si no se requiere una comparación culturalmente confidencial, considere la posibilidad de usar ""StringComparison.OrdinalIgnoreCase"""	2026-06-22T04:22:54+0000	false			Clinica-Santa-Monica:Clinica.WASM/Pages/Pagos/PagosPage.razor.cs	false	{startLine=158.0, endLine=158.0, startOffset=36.0, endOffset=87.0}	0min	35795c8f6fac72c0896636acbf79ab81	OPEN
2026-06-23T02:26:07+0000	26.0	csharpsquid:S1075	Clinica-Santa-Monica	20min	CODE_SMELL	CONVENTIONAL		OPEN		MAIN	-	1466d60f-1e87-4097-a50f-b1d06c0bb577	MINOR		yukyuel@gmail.com	false	CONSISTENT	NOT_LINKED		"{softwareQuality=MAINTAINABILITY, severity=LOW} / "	Refactor your code not to use hardcoded absolute paths or URIs.	2026-06-22T04:22:54+0000	false			Clinica-Santa-Monica:Clinica.WASM/Program.cs	false	{startLine=26.0, endLine=26.0, startOffset=24.0, endOffset=49.0}	20min	4e8939642d9df4f38b70c01c66d4499e	OPEN
2026-06-23T02:26:07+0000	12.0	csharpsquid:S4487	Clinica-Santa-Monica	5min	CODE_SMELL	CLEAR		OPEN		MAIN	-	bc2c615f-537b-4c16-acb4-80d1c9299125	CRITICAL		yukyuel@gmail.com	false	INTENTIONAL	NOT_LINKED		"{softwareQuality=MAINTAINABILITY, severity=HIGH} / "	Remove this unread private field '_apiErrorService' or refactor the code to use its value.	2026-06-22T04:22:54+0000	false	"cwe / unused / "		Clinica-Santa-Monica:Clinica.WASM/Services/Api/AuditoriaApiService.cs	false	{startLine=12.0, endLine=12.0, startOffset=37.0, endOffset=53.0}	5min	24ddc69945cacc58476dadd5b5aec759	OPEN
2026-06-22T04:22:54+0000	24.0	csharpsquid:S6960	Clinica-Santa-Monica	15min	CODE_SMELL	MODULAR		OPEN	"{locations=[{component=Clinica-Santa-Monica:Clinica.API/Controllers/AtencionesObstetricasController.cs, textRange={startLine=63.0, endLine=63.0, startOffset=37.0, endOffset=53.0}, msg=May belong to responsibility #1., msgFormattings=[]}]} / {locations=[{component=Clinica-Santa-Monica:Clinica.API/Controllers/AtencionesObstetricasController.cs, textRange={startLine=87.0, endLine=87.0, startOffset=37.0, endOffset=55.0}, msg=May belong to responsibility #1., msgFormattings=[]}]} / {locations=[{component=Clinica-Santa-Monica:Clinica.API/Controllers/AtencionesObstetricasController.cs, textRange={startLine=236.0, endLine=236.0, startOffset=37.0, endOffset=55.0}, msg=May belong to responsibility #2., msgFormattings=[]}]} / {locations=[{component=Clinica-Santa-Monica:Clinica.API/Controllers/AtencionesObstetricasController.cs, textRange={startLine=260.0, endLine=260.0, startOffset=37.0, endOffset=57.0}, msg=May belong to responsibility #2., msgFormattings=[]}]} / {locations=[{component=Clinica-Santa-Monica:Clinica.API/Controllers/AtencionesObstetricasController.cs, textRange={startLine=193.0, endLine=193.0, startOffset=37.0, endOffset=54.0}, msg=May belong to responsibility #3., msgFormattings=[]}]} / {locations=[{component=Clinica-Santa-Monica:Clinica.API/Controllers/AtencionesObstetricasController.cs, textRange={startLine=213.0, endLine=213.0, startOffset=37.0, endOffset=55.0}, msg=May belong to responsibility #3., msgFormattings=[]}]} / {locations=[{component=Clinica-Santa-Monica:Clinica.API/Controllers/AtencionesObstetricasController.cs, textRange={startLine=109.0, endLine=109.0, startOffset=37.0, endOffset=59.0}, msg=May belong to responsibility #4., msgFormattings=[]}]} / {locations=[{component=Clinica-Santa-Monica:Clinica.API/Controllers/AtencionesObstetricasController.cs, textRange={startLine=129.0, endLine=129.0, startOffset=37.0, endOffset=58.0}, msg=May belong to responsibility #4., msgFormattings=[]}]} / {locations=[{component=Clinica-Santa-Monica:Clinica.API/Controllers/AtencionesObstetricasController.cs, textRange={startLine=151.0, endLine=151.0, startOffset=37.0, endOffset=59.0}, msg=May belong to responsibility #5., msgFormattings=[]}]} / {locations=[{component=Clinica-Santa-Monica:Clinica.API/Controllers/AtencionesObstetricasController.cs, textRange={startLine=171.0, endLine=171.0, startOffset=37.0, endOffset=58.0}, msg=May belong to responsibility #5., msgFormattings=[]}]} / "	MAIN	-	be971a54-5edd-4c31-818d-8be2a290477a	MAJOR		paricahuak40@gmail.com	false	ADAPTABLE	NOT_LINKED		"{softwareQuality=MAINTAINABILITY, severity=MEDIUM} / "	This controller has multiple responsibilities and could be split into 5 smaller controllers.	2026-06-20T16:46:31+0000	false	"asp.net / "		Clinica-Santa-Monica:Clinica.API/Controllers/AtencionesObstetricasController.cs	false	{startLine=24.0, endLine=24.0, startOffset=13.0, endOffset=44.0}	15min	9bb104d00cc7d925d29c871196e37789	OPEN
2026-06-22T04:22:54+0000	60.0	external_roslyn:CS8625	Clinica-Santa-Monica	0min	CODE_SMELL	CONVENTIONAL		OPEN		MAIN	roslyn	8eabe006-c6ec-4be7-9770-0b837da26b6e	MAJOR		paricahuak40@gmail.com	false	CONSISTENT	NOT_LINKED		"{softwareQuality=MAINTAINABILITY, severity=MEDIUM} / "	No se puede convertir un literal NULL en un tipo de referencia que no acepta valores NULL.	2026-06-20T16:46:31+0000	false			Clinica-Santa-Monica:Clinica.API/Controllers/AuthController.cs	false	{startLine=60.0, endLine=60.0, startOffset=41.0, endOffset=45.0}	0min	d368d46f20ab8ac20474bef68467347b	OPEN
2026-06-22T04:22:54+0000	74.0	csharpsquid:S3776	Clinica-Santa-Monica	6min	CODE_SMELL	FOCUSED		OPEN	"{locations=[{component=Clinica-Santa-Monica:Clinica.API/Controllers/pdfControladores/CertificadosController.cs, textRange={startLine=77.0, endLine=77.0, startOffset=8.0, endOffset=10.0}, msg=+1, msgFormattings=[]}]} / {locations=[{component=Clinica-Santa-Monica:Clinica.API/Controllers/pdfControladores/CertificadosController.cs, textRange={startLine=77.0, endLine=77.0, startOffset=28.0, endOffset=30.0}, msg=+1, msgFormattings=[]}]} / {locations=[{component=Clinica-Santa-Monica:Clinica.API/Controllers/pdfControladores/CertificadosController.cs, textRange={startLine=77.0, endLine=77.0, startOffset=59.0, endOffset=61.0}, msg=+1, msgFormattings=[]}]} / {locations=[{component=Clinica-Santa-Monica:Clinica.API/Controllers/pdfControladores/CertificadosController.cs, textRange={startLine=82.0, endLine=82.0, startOffset=8.0, endOffset=10.0}, msg=+1, msgFormattings=[]}]} / {locations=[{component=Clinica-Santa-Monica:Clinica.API/Controllers/pdfControladores/CertificadosController.cs, textRange={startLine=82.0, endLine=82.0, startOffset=39.0, endOffset=41.0}, msg=+1, msgFormattings=[]}]} / {locations=[{component=Clinica-Santa-Monica:Clinica.API/Controllers/pdfControladores/CertificadosController.cs, textRange={startLine=85.0, endLine=85.0, startOffset=12.0, endOffset=19.0}, msg=+2 (incl 1 for nesting), msgFormattings=[]}]} / {locations=[{component=Clinica-Santa-Monica:Clinica.API/Controllers/pdfControladores/CertificadosController.cs, textRange={startLine=88.0, endLine=88.0, startOffset=16.0, endOffset=18.0}, msg=+3 (incl 2 for nesting), msgFormattings=[]}]} / {locations=[{component=Clinica-Santa-Monica:Clinica.API/Controllers/pdfControladores/CertificadosController.cs, textRange={startLine=92.0, endLine=92.0, startOffset=8.0, endOffset=12.0}, msg=+1, msgFormattings=[]}]} / {locations=[{component=Clinica-Santa-Monica:Clinica.API/Controllers/pdfControladores/CertificadosController.cs, textRange={startLine=96.0, endLine=96.0, startOffset=63.0, endOffset=65.0}, msg=+1, msgFormattings=[]}]} / {locations=[{component=Clinica-Santa-Monica:Clinica.API/Controllers/pdfControladores/CertificadosController.cs, textRange={startLine=100.0, endLine=100.0, startOffset=8.0, endOffset=10.0}, msg=+1, msgFormattings=[]}]} / {locations=[{component=Clinica-Santa-Monica:Clinica.API/Controllers/pdfControladores/CertificadosController.cs, textRange={startLine=105.0, endLine=105.0, startOffset=8.0, endOffset=15.0}, msg=+1, msgFormattings=[]}]} / {locations=[{component=Clinica-Santa-Monica:Clinica.API/Controllers/pdfControladores/CertificadosController.cs, textRange={startLine=108.0, endLine=108.0, startOffset=12.0, endOffset=14.0}, msg=+2 (incl 1 for nesting), msgFormattings=[]}]} / {locations=[{component=Clinica-Santa-Monica:Clinica.API/Controllers/pdfControladores/CertificadosController.cs, textRange={startLine=115.0, endLine=115.0, startOffset=8.0, endOffset=10.0}, msg=+1, msgFormattings=[]}]} / "	MAIN	-	b34c1849-dddc-473d-ac7a-69acf78d2fcd	CRITICAL		paricahuak40@gmail.com	false	ADAPTABLE	NOT_LINKED		"{softwareQuality=MAINTAINABILITY, severity=HIGH} / "	Refactor this method to reduce its Cognitive Complexity from 17 to the 15 allowed.	2026-06-20T16:46:31+0000	false	"brain-overload / "		Clinica-Santa-Monica:Clinica.API/Controllers/pdfControladores/CertificadosController.cs	false	{startLine=74.0, endLine=74.0, startOffset=37.0, endOffset=64.0}	6min	8e37ca14324811e9d8f2fab64e378a6e	OPEN
2026-06-22T04:22:54+0000	82.0	external_roslyn:CA1860	Clinica-Santa-Monica	0min	CODE_SMELL	CONVENTIONAL		OPEN		MAIN	roslyn	fe5c2747-9455-4177-94dc-6887eb59cc4f	INFO		paricahuak40@gmail.com	false	CONSISTENT	NOT_LINKED		"{softwareQuality=MAINTAINABILITY, severity=INFO} / "	"Es preferible comparar ""Count"" con 0 en lugar de usar ""Any()"", tanto por claridad como por rendimiento."	2026-06-20T16:46:31+0000	false			Clinica-Santa-Monica:Clinica.API/Controllers/pdfControladores/CertificadosController.cs	false	{startLine=82.0, endLine=82.0, startOffset=42.0, endOffset=66.0}	0min	4ba785ff9d776bfd136d57f9df065c95	OPEN
2026-06-22T04:22:54+0000	100.0	external_roslyn:CA1860	Clinica-Santa-Monica	0min	CODE_SMELL	CONVENTIONAL		OPEN		MAIN	roslyn	fb13483a-b695-4867-b7fa-7706944e3382	INFO		paricahuak40@gmail.com	false	CONSISTENT	NOT_LINKED		"{softwareQuality=MAINTAINABILITY, severity=INFO} / "	"Es preferible comparar ""Count"" con 0 en lugar de usar ""Any()"", tanto por claridad como por rendimiento."	2026-06-20T16:46:31+0000	false			Clinica-Santa-Monica:Clinica.API/Controllers/pdfControladores/CertificadosController.cs	false	{startLine=100.0, endLine=100.0, startOffset=13.0, endOffset=27.0}	0min	93ecf0e265dfd42ed26b35e480891be6	OPEN
2026-06-22T04:22:54+0000	115.0	external_roslyn:CA1860	Clinica-Santa-Monica	0min	CODE_SMELL	CONVENTIONAL		OPEN		MAIN	roslyn	398c3937-fb3f-4e21-94f1-a55c46bd6f21	INFO		paricahuak40@gmail.com	false	CONSISTENT	NOT_LINKED		"{softwareQuality=MAINTAINABILITY, severity=INFO} / "	"Es preferible comparar ""Count"" con 0 en lugar de usar ""Any()"", tanto por claridad como por rendimiento."	2026-06-20T16:46:31+0000	false			Clinica-Santa-Monica:Clinica.API/Controllers/pdfControladores/CertificadosController.cs	false	{startLine=115.0, endLine=115.0, startOffset=13.0, endOffset=23.0}	0min	ba60fa314e82ee8f373a30f4ce99313b	OPEN
2026-06-22T04:22:54+0000	179.0	external_roslyn:CA1822	Clinica-Santa-Monica	0min	CODE_SMELL	CONVENTIONAL		OPEN		MAIN	roslyn	080aafed-913a-4718-9b40-6bb22eea5b15	INFO		paricahuak40@gmail.com	false	CONSISTENT	NOT_LINKED		"{softwareQuality=MAINTAINABILITY, severity=INFO} / "	"El miembro ""CrearZipConCertificados"" no tiene acceso a los datos de la instancia y se puede marcar como static."	2026-06-20T16:46:31+0000	false			Clinica-Santa-Monica:Clinica.API/Controllers/pdfControladores/CertificadosController.cs	false	{startLine=179.0, endLine=179.0, startOffset=19.0, endOffset=42.0}	0min	25dd12834013e92b9c184387f0a990a9	OPEN
2026-06-22T04:22:54+0000	179.0	csharpsquid:S2325	Clinica-Santa-Monica	5min	CODE_SMELL	CLEAR		OPEN		MAIN	-	203d0ff3-936f-414e-a00e-d98cb2a846cf	MINOR		paricahuak40@gmail.com	false	INTENTIONAL	NOT_LINKED		"{softwareQuality=MAINTAINABILITY, severity=LOW} / "	Make 'CrearZipConCertificados' a static method.	2026-06-20T16:46:31+0000	false	"pitfall / "		Clinica-Santa-Monica:Clinica.API/Controllers/pdfControladores/CertificadosController.cs	false	{startLine=179.0, endLine=179.0, startOffset=19.0, endOffset=42.0}	5min	25dd12834013e92b9c184387f0a990a9	OPEN
2026-06-22T04:22:54+0000	20.0	csharpsquid:S4487	Clinica-Santa-Monica	5min	CODE_SMELL	CLEAR		OPEN		MAIN	-	a7aa7741-8ccd-4a25-a6e2-4b3f4920194e	CRITICAL		paricahuak40@gmail.com	false	INTENTIONAL	NOT_LINKED		"{softwareQuality=MAINTAINABILITY, severity=HIGH} / "	Remove this unread private field '_historialRepository' or refactor the code to use its value.	2026-06-20T16:46:31+0000	false	"cwe / unused / "		Clinica-Santa-Monica:Clinica.API/Controllers/pdfControladores/HistoriaClinicaController.cs	false	{startLine=20.0, endLine=20.0, startOffset=49.0, endOffset=69.0}	5min	74f215ae7b1647f96e1ed7113aa871db	OPEN
2026-06-22T04:22:54+0000	19.0	csharpsquid:S4487	Clinica-Santa-Monica	5min	CODE_SMELL	CLEAR		OPEN		MAIN	-	33d8fa40-34a7-4d47-92c7-1a1e26b1b5a7	CRITICAL		paricahuak40@gmail.com	false	INTENTIONAL	NOT_LINKED		"{softwareQuality=MAINTAINABILITY, severity=HIGH} / "	Remove this unread private field '_tactoVaginalRepository' or refactor the code to use its value.	2026-06-20T16:46:31+0000	false	"cwe / unused / "		Clinica-Santa-Monica:Clinica.API/Controllers/pdfControladores/ResumenPartoController.cs	false	{startLine=19.0, endLine=19.0, startOffset=45.0, endOffset=68.0}	5min	9651756dda9fe234d09b9944d51b655d	OPEN
2026-06-22T04:22:54+0000	20.0	csharpsquid:S4487	Clinica-Santa-Monica	5min	CODE_SMELL	CLEAR		OPEN		MAIN	-	8d4457e9-adc5-4eaa-9610-ccf99a4f53fb	CRITICAL		paricahuak40@gmail.com	false	INTENTIONAL	NOT_LINKED		"{softwareQuality=MAINTAINABILITY, severity=HIGH} / "	Remove this unread private field '_examenFisicoRepository' or refactor the code to use its value.	2026-06-20T16:46:31+0000	false	"cwe / unused / "		Clinica-Santa-Monica:Clinica.API/Controllers/pdfControladores/ResumenPartoController.cs	false	{startLine=20.0, endLine=20.0, startOffset=45.0, endOffset=68.0}	5min	30eb40f3e5a73707e648c49caa825565	OPEN
2026-06-22T04:22:54+0000	53.0	csharpsquid:S1481	Clinica-Santa-Monica	5min	CODE_SMELL	CLEAR		OPEN		MAIN	-	211c91f6-f215-407f-9ecb-de7a99ce7e5a	MINOR		paricahuak40@gmail.com	false	INTENTIONAL	NOT_LINKED		"{softwareQuality=MAINTAINABILITY, severity=LOW} / "	Remove the unused local variable 'anamnesis'.	2026-06-20T16:46:31+0000	false	"unused / "		Clinica-Santa-Monica:Clinica.API/Controllers/pdfControladores/ResumenPartoController.cs	false	{startLine=53.0, endLine=53.0, startOffset=12.0, endOffset=21.0}	5min	748f341877308c1c1ef9314c8a853d1b	OPEN
2026-06-22T04:22:54+0000	119.0	external_roslyn:CA1822	Clinica-Santa-Monica	0min	CODE_SMELL	CONVENTIONAL		OPEN		MAIN	roslyn	8fdf61c1-a1c0-4dd0-aa72-87b6a677def6	INFO		paricahuak40@gmail.com	false	CONSISTENT	NOT_LINKED		"{softwareQuality=MAINTAINABILITY, severity=INFO} / "	"El miembro ""ObtenerIpReal"" no tiene acceso a los datos de la instancia y se puede marcar como static."	2026-06-20T16:46:31+0000	false			Clinica-Santa-Monica:Clinica.API/Filters/AuditoriaAutomaticaFilter.cs	false	{startLine=119.0, endLine=119.0, startOffset=20.0, endOffset=33.0}	0min	bdce51c31f7849a631248acacec5fa5e	OPEN
2026-06-22T04:22:54+0000	173.0	external_roslyn:CA1860	Clinica-Santa-Monica	0min	CODE_SMELL	CONVENTIONAL		OPEN		MAIN	roslyn	bb8ad317-8189-41a0-8364-12fc4034eff8	INFO		paricahuak40@gmail.com	false	CONSISTENT	NOT_LINKED		"{softwareQuality=MAINTAINABILITY, severity=INFO} / "	"Es preferible comparar ""Count"" con 0 en lugar de usar ""Any()"", tanto por claridad como por rendimiento."	2026-06-20T16:46:31+0000	false			Clinica-Santa-Monica:Clinica.API/Services/Imp/DoctorService.cs	false	{startLine=173.0, endLine=173.0, startOffset=39.0, endOffset=60.0}	0min	41485782491f180046f2f1e715efdab2	OPEN
2026-06-22T04:22:54+0000	230.0	external_roslyn:CA1862	Clinica-Santa-Monica	0min	CODE_SMELL	CONVENTIONAL		OPEN		MAIN	roslyn	640472b6-e691-4c48-b09a-ce37ba32f82c	INFO		paricahuak40@gmail.com	false	CONSISTENT	NOT_LINKED		"{softwareQuality=MAINTAINABILITY, severity=INFO} / "	"Prefiera la sobrecarga de método de comparación de cadenas de ""string.Contains(string)"" que toma un valor de enumeración ""StringComparison"" para realizar una comparación sin distinción de mayúsculas y minúsculas, pero tenga en cuenta que esto puede provocar cambios sutiles en el comportamiento, por lo que asegúrese de realizar pruebas exhaustivas después de aplicar la sugerencia, o si no se requiere una comparación culturalmente confidencial, considere la posibilidad de usar ""StringComparison.OrdinalIgnoreCase"""	2026-06-20T16:46:31+0000	false			Clinica-Santa-Monica:Clinica.API/Services/Imp/DoctorService.cs	false	{startLine=230.0, endLine=230.0, startOffset=16.0, endOffset=52.0}	0min	4be85e7f2f4353cedfb79736b0330b4c	OPEN
2026-06-22T04:22:54+0000	231.0	external_roslyn:CA1862	Clinica-Santa-Monica	0min	CODE_SMELL	CONVENTIONAL		OPEN		MAIN	roslyn	e995ccb8-c2b7-4a0b-a4ac-ec595d76623b	INFO		paricahuak40@gmail.com	false	CONSISTENT	NOT_LINKED		"{softwareQuality=MAINTAINABILITY, severity=INFO} / "	"Prefiera la sobrecarga de método de comparación de cadenas de ""string.Contains(string)"" que toma un valor de enumeración ""StringComparison"" para realizar una comparación sin distinción de mayúsculas y minúsculas, pero tenga en cuenta que esto puede provocar cambios sutiles en el comportamiento, por lo que asegúrese de realizar pruebas exhaustivas después de aplicar la sugerencia, o si no se requiere una comparación culturalmente confidencial, considere la posibilidad de usar ""StringComparison.OrdinalIgnoreCase"""	2026-06-20T16:46:31+0000	false			Clinica-Santa-Monica:Clinica.API/Services/Imp/DoctorService.cs	false	{startLine=231.0, endLine=231.0, startOffset=16.0, endOffset=54.0}	0min	e4c272c0b3ab74fa59202e3ab164026b	OPEN
2026-06-22T04:22:54+0000	235.0	external_roslyn:CA1862	Clinica-Santa-Monica	0min	CODE_SMELL	CONVENTIONAL		OPEN		MAIN	roslyn	8ae5e875-363b-4e1b-b0f0-d1ef4854ecc1	INFO		paricahuak40@gmail.com	false	CONSISTENT	NOT_LINKED		"{softwareQuality=MAINTAINABILITY, severity=INFO} / "	"Prefiera la sobrecarga de método de comparación de cadenas de ""string.Contains(string)"" que toma un valor de enumeración ""StringComparison"" para realizar una comparación sin distinción de mayúsculas y minúsculas, pero tenga en cuenta que esto puede provocar cambios sutiles en el comportamiento, por lo que asegúrese de realizar pruebas exhaustivas después de aplicar la sugerencia, o si no se requiere una comparación culturalmente confidencial, considere la posibilidad de usar ""StringComparison.OrdinalIgnoreCase"""	2026-06-20T16:46:31+0000	false			Clinica-Santa-Monica:Clinica.API/Services/Imp/DoctorService.cs	false	{startLine=235.0, endLine=235.0, startOffset=37.0, endOffset=101.0}	0min	5fcbd2e85e5a9546751303cc2ab164c0	OPEN
2026-06-22T04:22:54+0000	67.0	external_roslyn:CA1860	Clinica-Santa-Monica	0min	CODE_SMELL	CONVENTIONAL		OPEN		MAIN	roslyn	688a727a-6404-4c05-9349-7fd90b9ad3fc	INFO		paricahuak40@gmail.com	false	CONSISTENT	NOT_LINKED		"{softwareQuality=MAINTAINABILITY, severity=INFO} / "	"Es preferible comparar ""Count"" con 0 en lugar de usar ""Any()"", tanto por claridad como por rendimiento."	2026-06-20T16:46:31+0000	false			Clinica-Santa-Monica:Clinica.API/Services/Imp/FinanzasService.cs	false	{startLine=67.0, endLine=67.0, startOffset=13.0, endOffset=32.0}	0min	cdb5e8d25ea9a818c35cb98f93925ef8	OPEN
2026-06-22T04:22:54+0000	20.0	external_roslyn:CS8600	Clinica-Santa-Monica	0min	CODE_SMELL	CONVENTIONAL		OPEN		MAIN	roslyn	d1e315e4-7304-4e69-8337-e4e00abaf9ae	MAJOR		paricahuak40@gmail.com	false	CONSISTENT	NOT_LINKED		"{softwareQuality=MAINTAINABILITY, severity=MEDIUM} / "	Se va a convertir un literal nulo o un posible valor nulo en un tipo que no acepta valores NULL	2026-06-20T16:46:31+0000	false			Clinica-Santa-Monica:Clinica.Infrastructure/Documents/Comprobantes/Pdfservicios/CertificadoTrabajoPdfService.cs	false	{startLine=20.0, endLine=20.0, startOffset=27.0, endOffset=85.0}	0min	ca1302715d7ece43dc97796b7af7c0a5	OPEN
2026-06-22T04:22:54+0000	23.0	external_roslyn:CS8600	Clinica-Santa-Monica	0min	CODE_SMELL	CONVENTIONAL		OPEN		MAIN	roslyn	2823746f-0505-4460-a126-03cc330c30b0	MAJOR		paricahuak40@gmail.com	false	CONSISTENT	NOT_LINKED		"{softwareQuality=MAINTAINABILITY, severity=MEDIUM} / "	Se va a convertir un literal nulo o un posible valor nulo en un tipo que no acepta valores NULL	2026-06-20T16:46:31+0000	false			Clinica-Santa-Monica:Clinica.Infrastructure/Documents/Comprobantes/Pdfservicios/CertificadoTrabajoPdfService.cs	false	{startLine=23.0, endLine=23.0, startOffset=28.0, endOffset=88.0}	0min	85495bacb1951bcd978ec82432e68180	OPEN
2026-06-22T04:22:54+0000	40.0	external_roslyn:CS8604	Clinica-Santa-Monica	0min	CODE_SMELL	CONVENTIONAL		OPEN		MAIN	roslyn	50f298d9-5f8d-49c0-905d-f401c00b06f1	MAJOR		paricahuak40@gmail.com	false	CONSISTENT	NOT_LINKED		"{softwareQuality=MAINTAINABILITY, severity=MEDIUM} / "	"Posible argumento de referencia nulo para el parámetro ""logo"" en ""void CertificadoTrabajoPdfService.ConstruirEncabezado(IContainer container, byte[] logo)""."	2026-06-20T16:46:31+0000	false			Clinica-Santa-Monica:Clinica.Infrastructure/Documents/Comprobantes/Pdfservicios/CertificadoTrabajoPdfService.cs	false	{startLine=40.0, endLine=40.0, startOffset=66.0, endOffset=75.0}	0min	1e4196792dccf6d54f29232fab2ea046	OPEN
2026-06-22T04:22:54+0000	41.0	external_roslyn:CS8604	Clinica-Santa-Monica	0min	CODE_SMELL	CONVENTIONAL		OPEN		MAIN	roslyn	edc47521-fce3-457d-bbf9-d615e156c1cc	MAJOR		paricahuak40@gmail.com	false	CONSISTENT	NOT_LINKED		"{softwareQuality=MAINTAINABILITY, severity=MEDIUM} / "	"Posible argumento de referencia nulo para el parámetro ""sello"" en ""void CertificadoTrabajoPdfService.ConstruirContenido(IContainer container, CertificadoTrabajoDto dto, byte[] sello)""."	2026-06-20T16:46:31+0000	false			Clinica-Santa-Monica:Clinica.Infrastructure/Documents/Comprobantes/Pdfservicios/CertificadoTrabajoPdfService.cs	false	{startLine=41.0, endLine=41.0, startOffset=71.0, endOffset=81.0}	0min	59817c95e270f0064fefca233a9fa256	OPEN
2026-06-22T04:22:54+0000	66.0	csharpsquid:S3776	Clinica-Santa-Monica	6min	CODE_SMELL	FOCUSED		OPEN	"{locations=[{component=Clinica-Santa-Monica:Clinica.Infrastructure/Documents/Comprobantes/Pdfservicios/CertificadoTrabajoPdfService.cs, textRange={startLine=103.0, endLine=103.0, startOffset=20.0, endOffset=22.0}, msg=+5 (incl 4 for nesting), msgFormattings=[]}]} / {locations=[{component=Clinica-Santa-Monica:Clinica.Infrastructure/Documents/Comprobantes/Pdfservicios/CertificadoTrabajoPdfService.cs, textRange={startLine=112.0, endLine=112.0, startOffset=20.0, endOffset=22.0}, msg=+5 (incl 4 for nesting), msgFormattings=[]}]} / {locations=[{component=Clinica-Santa-Monica:Clinica.Infrastructure/Documents/Comprobantes/Pdfservicios/CertificadoTrabajoPdfService.cs, textRange={startLine=112.0, endLine=112.0, startOffset=42.0, endOffset=44.0}, msg=+1, msgFormattings=[]}]} / {locations=[{component=Clinica-Santa-Monica:Clinica.Infrastructure/Documents/Comprobantes/Pdfservicios/CertificadoTrabajoPdfService.cs, textRange={startLine=127.0, endLine=127.0, startOffset=20.0, endOffset=22.0}, msg=+5 (incl 4 for nesting), msgFormattings=[]}]} / {locations=[{component=Clinica-Santa-Monica:Clinica.Infrastructure/Documents/Comprobantes/Pdfservicios/CertificadoTrabajoPdfService.cs, textRange={startLine=149.0, endLine=149.0, startOffset=16.0, endOffset=18.0}, msg=+3 (incl 2 for nesting), msgFormattings=[]}]} / "	MAIN	-	e52e31c1-fcb7-47da-9207-cac8e0080b9e	CRITICAL		paricahuak40@gmail.com	false	ADAPTABLE	NOT_LINKED		"{softwareQuality=MAINTAINABILITY, severity=HIGH} / "	Refactor this method to reduce its Cognitive Complexity from 19 to the 15 allowed.	2026-06-20T16:46:31+0000	false	"brain-overload / "		Clinica-Santa-Monica:Clinica.Infrastructure/Documents/Comprobantes/Pdfservicios/CertificadoTrabajoPdfService.cs	false	{startLine=66.0, endLine=66.0, startOffset=17.0, endOffset=35.0}	6min	4455255c9482d832eb828235977196d5	OPEN
2026-06-22T04:22:54+0000	112.0	external_roslyn:CA1860	Clinica-Santa-Monica	0min	CODE_SMELL	CONVENTIONAL		OPEN		MAIN	roslyn	cabca09e-6e73-44f7-bc3f-ecc038644490	INFO		paricahuak40@gmail.com	false	CONSISTENT	NOT_LINKED		"{softwareQuality=MAINTAINABILITY, severity=INFO} / "	"Es preferible comparar ""Count"" con 0 en lugar de usar ""Any()"", tanto por claridad como por rendimiento."	2026-06-20T16:46:31+0000	false			Clinica-Santa-Monica:Clinica.Infrastructure/Documents/Comprobantes/Pdfservicios/CertificadoTrabajoPdfService.cs	false	{startLine=112.0, endLine=112.0, startOffset=45.0, endOffset=60.0}	0min	b563c4252ff66cd3d665694f3929210e	OPEN
2026-06-22T04:22:54+0000	161.0	external_roslyn:CA1822	Clinica-Santa-Monica	0min	CODE_SMELL	CONVENTIONAL		OPEN		MAIN	roslyn	0b683a6e-c389-4907-9263-02c09e19cfdc	INFO		paricahuak40@gmail.com	false	CONSISTENT	NOT_LINKED		"{softwareQuality=MAINTAINABILITY, severity=INFO} / "	"El miembro ""CrearSeccion"" no tiene acceso a los datos de la instancia y se puede marcar como static."	2026-06-20T16:46:31+0000	false			Clinica-Santa-Monica:Clinica.Infrastructure/Documents/Comprobantes/Pdfservicios/CertificadoTrabajoPdfService.cs	false	{startLine=161.0, endLine=161.0, startOffset=17.0, endOffset=29.0}	0min	15b1f43184e4392b6e0cacea18ed6df6	OPEN
2026-06-22T04:22:54+0000	161.0	csharpsquid:S2325	Clinica-Santa-Monica	5min	CODE_SMELL	CLEAR		OPEN		MAIN	-	2c6f8395-11f9-4006-a020-654074f12c56	MINOR		paricahuak40@gmail.com	false	INTENTIONAL	NOT_LINKED		"{softwareQuality=MAINTAINABILITY, severity=LOW} / "	Make 'CrearSeccion' a static method.	2026-06-20T16:46:31+0000	false	"pitfall / "		Clinica-Santa-Monica:Clinica.Infrastructure/Documents/Comprobantes/Pdfservicios/CertificadoTrabajoPdfService.cs	false	{startLine=161.0, endLine=161.0, startOffset=17.0, endOffset=29.0}	5min	15b1f43184e4392b6e0cacea18ed6df6	OPEN
2026-06-22T04:22:54+0000	171.0	csharpsquid:S2325	Clinica-Santa-Monica	5min	CODE_SMELL	CLEAR		OPEN		MAIN	-	f7787010-56d1-4b76-b6be-b2e9b68d076a	MINOR		paricahuak40@gmail.com	false	INTENTIONAL	NOT_LINKED		"{softwareQuality=MAINTAINABILITY, severity=LOW} / "	Make 'ConstruirPiePagina' a static method.	2026-06-20T16:46:31+0000	false	"pitfall / "		Clinica-Santa-Monica:Clinica.Infrastructure/Documents/Comprobantes/Pdfservicios/CertificadoTrabajoPdfService.cs	false	{startLine=171.0, endLine=171.0, startOffset=17.0, endOffset=35.0}	5min	2e296164cd7be94098559d1913385223	OPEN
2026-06-22T04:22:54+0000	29.0	external_roslyn:CS8600	Clinica-Santa-Monica	0min	CODE_SMELL	CONVENTIONAL		OPEN		MAIN	roslyn	a40579ff-2983-4eba-a8d4-f93bacee04a8	MAJOR		paricahuak40@gmail.com	false	CONSISTENT	NOT_LINKED		"{softwareQuality=MAINTAINABILITY, severity=MEDIUM} / "	Se va a convertir un literal nulo o un posible valor nulo en un tipo que no acepta valores NULL	2026-06-20T16:46:31+0000	false			Clinica-Santa-Monica:Clinica.Infrastructure/Documents/Comprobantes/Pdfservicios/HistoriaClinicaPdfService.cs	false	{startLine=29.0, endLine=29.0, startOffset=27.0, endOffset=31.0}	0min	01a41108ff2a40c7e6eb87759fd3be17	OPEN
2026-06-22T04:22:54+0000	44.0	external_roslyn:CS8604	Clinica-Santa-Monica	0min	CODE_SMELL	CONVENTIONAL		OPEN		MAIN	roslyn	2663b6e4-3a4e-4b0a-8260-a0991a3e9bf3	MAJOR		paricahuak40@gmail.com	false	CONSISTENT	NOT_LINKED		"{softwareQuality=MAINTAINABILITY, severity=MEDIUM} / "	"Posible argumento de referencia nulo para el parámetro ""logo"" en ""void HistoriaClinicaPdfService.ConstruirEncabezado(IContainer container, byte[] logo)""."	2026-06-20T16:46:31+0000	false			Clinica-Santa-Monica:Clinica.Infrastructure/Documents/Comprobantes/Pdfservicios/HistoriaClinicaPdfService.cs	false	{startLine=44.0, endLine=44.0, startOffset=66.0, endOffset=75.0}	0min	1e4196792dccf6d54f29232fab2ea046	OPEN
2026-06-22T04:22:54+0000	72.0	csharpsquid:S3776	Clinica-Santa-Monica	6min	CODE_SMELL	FOCUSED		OPEN	"{locations=[{component=Clinica-Santa-Monica:Clinica.Infrastructure/Documents/Comprobantes/Pdfservicios/HistoriaClinicaPdfService.cs, textRange={startLine=114.0, endLine=114.0, startOffset=99.0, endOffset=100.0}, msg=+6 (incl 5 for nesting), msgFormattings=[]}]} / {locations=[{component=Clinica-Santa-Monica:Clinica.Infrastructure/Documents/Comprobantes/Pdfservicios/HistoriaClinicaPdfService.cs, textRange={startLine=115.0, endLine=115.0, startOffset=99.0, endOffset=100.0}, msg=+6 (incl 5 for nesting), msgFormattings=[]}]} / {locations=[{component=Clinica-Santa-Monica:Clinica.Infrastructure/Documents/Comprobantes/Pdfservicios/HistoriaClinicaPdfService.cs, textRange={startLine=154.0, endLine=154.0, startOffset=12.0, endOffset=14.0}, msg=+2 (incl 1 for nesting), msgFormattings=[]}]} / {locations=[{component=Clinica-Santa-Monica:Clinica.Infrastructure/Documents/Comprobantes/Pdfservicios/HistoriaClinicaPdfService.cs, textRange={startLine=154.0, endLine=154.0, startOffset=39.0, endOffset=41.0}, msg=+1, msgFormattings=[]}]} / {locations=[{component=Clinica-Santa-Monica:Clinica.Infrastructure/Documents/Comprobantes/Pdfservicios/HistoriaClinicaPdfService.cs, textRange={startLine=174.0, endLine=174.0, startOffset=20.0, endOffset=27.0}, msg=+4 (incl 3 for nesting), msgFormattings=[]}]} / "	MAIN	-	5847b049-d04b-4e7f-9068-bfdd2633aae5	CRITICAL		paricahuak40@gmail.com	false	ADAPTABLE	NOT_LINKED		"{softwareQuality=MAINTAINABILITY, severity=HIGH} / "	Refactor this method to reduce its Cognitive Complexity from 19 to the 15 allowed.	2026-06-20T16:46:31+0000	false	"brain-overload / "		Clinica-Santa-Monica:Clinica.Infrastructure/Documents/Comprobantes/Pdfservicios/HistoriaClinicaPdfService.cs	false	{startLine=72.0, endLine=72.0, startOffset=17.0, endOffset=35.0}	6min	ac1364b651d33a6646b6b0904675b687	OPEN
2026-06-22T04:22:54+0000	86.0	csharpsquid:S1192	Clinica-Santa-Monica	4min	CODE_SMELL	DISTINCT		OPEN	"{locations=[{component=Clinica-Santa-Monica:Clinica.Infrastructure/Documents/Comprobantes/Pdfservicios/HistoriaClinicaPdfService.cs, textRange={startLine=92.0, endLine=92.0, startOffset=116.0, endOffset=128.0}, msgFormattings=[]}]} / {locations=[{component=Clinica-Santa-Monica:Clinica.Infrastructure/Documents/Comprobantes/Pdfservicios/HistoriaClinicaPdfService.cs, textRange={startLine=114.0, endLine=114.0, startOffset=124.0, endOffset=136.0}, msgFormattings=[]}]} / {locations=[{component=Clinica-Santa-Monica:Clinica.Infrastructure/Documents/Comprobantes/Pdfservicios/HistoriaClinicaPdfService.cs, textRange={startLine=115.0, endLine=115.0, startOffset=124.0, endOffset=136.0}, msgFormattings=[]}]} / {locations=[{component=Clinica-Santa-Monica:Clinica.Infrastructure/Documents/Comprobantes/Pdfservicios/HistoriaClinicaPdfService.cs, textRange={startLine=176.0, endLine=176.0, startOffset=90.0, endOffset=102.0}, msgFormattings=[]}]} / "	MAIN	-	6b221ac2-08de-4ca8-b63a-0186ebd0e0c9	MINOR		paricahuak40@gmail.com	false	ADAPTABLE	NOT_LINKED		"{softwareQuality=MAINTAINABILITY, severity=LOW} / "	Define a constant instead of using this literal 'dd/MM/yyyy' 5 times.	2026-06-20T16:46:31+0000	false	"design / "		Clinica-Santa-Monica:Clinica.Infrastructure/Documents/Comprobantes/Pdfservicios/HistoriaClinicaPdfService.cs	false	{startLine=86.0, endLine=86.0, startOffset=114.0, endOffset=126.0}	4min	14b8fe86a4a97d9539ea640d2532e8ee	OPEN
2026-06-22T04:22:54+0000	154.0	external_roslyn:CA1860	Clinica-Santa-Monica	0min	CODE_SMELL	CONVENTIONAL		OPEN		MAIN	roslyn	10608895-a564-435c-880d-331ef46a4ca8	INFO		paricahuak40@gmail.com	false	CONSISTENT	NOT_LINKED		"{softwareQuality=MAINTAINABILITY, severity=INFO} / "	"Es preferible comparar ""Count"" con 0 en lugar de usar ""Any()"", tanto por claridad como por rendimiento."	2026-06-20T16:46:31+0000	false			Clinica-Santa-Monica:Clinica.Infrastructure/Documents/Comprobantes/Pdfservicios/HistoriaClinicaPdfService.cs	false	{startLine=154.0, endLine=154.0, startOffset=42.0, endOffset=62.0}	0min	eb8edef9303c968c12e10ac62167ed7d	OPEN
2026-06-22T04:22:54+0000	187.0	csharpsquid:S2325	Clinica-Santa-Monica	5min	CODE_SMELL	CLEAR		OPEN		MAIN	-	0ecac5dd-0a65-4298-bdac-6b469cca0e6d	MINOR		paricahuak40@gmail.com	false	INTENTIONAL	NOT_LINKED		"{softwareQuality=MAINTAINABILITY, severity=LOW} / "	Make 'CrearSeccion' a static method.	2026-06-20T16:46:31+0000	false	"pitfall / "		Clinica-Santa-Monica:Clinica.Infrastructure/Documents/Comprobantes/Pdfservicios/HistoriaClinicaPdfService.cs	false	{startLine=187.0, endLine=187.0, startOffset=17.0, endOffset=29.0}	5min	15b1f43184e4392b6e0cacea18ed6df6	OPEN
2026-06-22T04:22:54+0000	187.0	external_roslyn:CA1822	Clinica-Santa-Monica	0min	CODE_SMELL	CONVENTIONAL		OPEN		MAIN	roslyn	4eb106e0-4c51-4a95-96c0-c6893d24fcda	INFO		paricahuak40@gmail.com	false	CONSISTENT	NOT_LINKED		"{softwareQuality=MAINTAINABILITY, severity=INFO} / "	"El miembro ""CrearSeccion"" no tiene acceso a los datos de la instancia y se puede marcar como static."	2026-06-20T16:46:31+0000	false			Clinica-Santa-Monica:Clinica.Infrastructure/Documents/Comprobantes/Pdfservicios/HistoriaClinicaPdfService.cs	false	{startLine=187.0, endLine=187.0, startOffset=17.0, endOffset=29.0}	0min	15b1f43184e4392b6e0cacea18ed6df6	OPEN
2026-06-22T04:22:54+0000	197.0	csharpsquid:S2325	Clinica-Santa-Monica	5min	CODE_SMELL	CLEAR		OPEN		MAIN	-	5d4e41f7-84ec-48e9-b0b4-0661be1e6b47	MINOR		paricahuak40@gmail.com	false	INTENTIONAL	NOT_LINKED		"{softwareQuality=MAINTAINABILITY, severity=LOW} / "	Make 'CeldaCabecera' a static method.	2026-06-20T16:46:31+0000	false	"pitfall / "		Clinica-Santa-Monica:Clinica.Infrastructure/Documents/Comprobantes/Pdfservicios/HistoriaClinicaPdfService.cs	false	{startLine=197.0, endLine=197.0, startOffset=23.0, endOffset=36.0}	5min	1d593ea3ae6be51c76f8f4a0eac15772	OPEN
2026-06-22T04:22:54+0000	197.0	external_roslyn:CA1822	Clinica-Santa-Monica	0min	CODE_SMELL	CONVENTIONAL		OPEN		MAIN	roslyn	72d4ccfd-1577-4e8f-9029-c46b08aa5c88	INFO		paricahuak40@gmail.com	false	CONSISTENT	NOT_LINKED		"{softwareQuality=MAINTAINABILITY, severity=INFO} / "	"El miembro ""CeldaCabecera"" no tiene acceso a los datos de la instancia y se puede marcar como static."	2026-06-20T16:46:31+0000	false			Clinica-Santa-Monica:Clinica.Infrastructure/Documents/Comprobantes/Pdfservicios/HistoriaClinicaPdfService.cs	false	{startLine=197.0, endLine=197.0, startOffset=23.0, endOffset=36.0}	0min	1d593ea3ae6be51c76f8f4a0eac15772	OPEN
2026-06-22T04:22:54+0000	200.0	csharpsquid:S2325	Clinica-Santa-Monica	5min	CODE_SMELL	CLEAR		OPEN		MAIN	-	bbe769a5-34bf-47de-8c4c-69a18c4d51a7	MINOR		paricahuak40@gmail.com	false	INTENTIONAL	NOT_LINKED		"{softwareQuality=MAINTAINABILITY, severity=LOW} / "	Make 'CeldaContenido' a static method.	2026-06-20T16:46:31+0000	false	"pitfall / "		Clinica-Santa-Monica:Clinica.Infrastructure/Documents/Comprobantes/Pdfservicios/HistoriaClinicaPdfService.cs	false	{startLine=200.0, endLine=200.0, startOffset=23.0, endOffset=37.0}	5min	fec1e252fbf51694b23756930ad7398c	OPEN
2026-06-22T04:22:54+0000	203.0	csharpsquid:S2325	Clinica-Santa-Monica	5min	CODE_SMELL	CLEAR		OPEN		MAIN	-	65116399-6799-474c-9839-238c07f94df5	MINOR		paricahuak40@gmail.com	false	INTENTIONAL	NOT_LINKED		"{softwareQuality=MAINTAINABILITY, severity=LOW} / "	Make 'ConstruirPiePagina' a static method.	2026-06-20T16:46:31+0000	false	"pitfall / "		Clinica-Santa-Monica:Clinica.Infrastructure/Documents/Comprobantes/Pdfservicios/HistoriaClinicaPdfService.cs	false	{startLine=203.0, endLine=203.0, startOffset=17.0, endOffset=35.0}	5min	2e296164cd7be94098559d1913385223	OPEN
2026-06-22T04:22:54+0000	19.0	external_roslyn:CS8600	Clinica-Santa-Monica	0min	CODE_SMELL	CONVENTIONAL		OPEN		MAIN	roslyn	40321fb4-11ce-443e-a2f0-eb9062a12aa1	MAJOR		paricahuak40@gmail.com	false	CONSISTENT	NOT_LINKED		"{softwareQuality=MAINTAINABILITY, severity=MEDIUM} / "	Se va a convertir un literal nulo o un posible valor nulo en un tipo que no acepta valores NULL	2026-06-20T16:46:31+0000	false			Clinica-Santa-Monica:Clinica.Infrastructure/Documents/Comprobantes/Pdfservicios/ReporteFinancieroPdfService.cs	false	{startLine=19.0, endLine=19.0, startOffset=27.0, endOffset=85.0}	0min	ca1302715d7ece43dc97796b7af7c0a5	OPEN
2026-06-22T04:22:54+0000	35.0	external_roslyn:CS8604	Clinica-Santa-Monica	0min	CODE_SMELL	CONVENTIONAL		OPEN		MAIN	roslyn	a9730605-0e57-4335-8e23-96f4f684fca0	MAJOR		paricahuak40@gmail.com	false	CONSISTENT	NOT_LINKED		"{softwareQuality=MAINTAINABILITY, severity=MEDIUM} / "	"Posible argumento de referencia nulo para el parámetro ""logo"" en ""void ReporteFinancieroPdfService.ConstruirEncabezado(IContainer container, byte[] logo)""."	2026-06-20T16:46:31+0000	false			Clinica-Santa-Monica:Clinica.Infrastructure/Documents/Comprobantes/Pdfservicios/ReporteFinancieroPdfService.cs	false	{startLine=35.0, endLine=35.0, startOffset=66.0, endOffset=75.0}	0min	1e4196792dccf6d54f29232fab2ea046	OPEN
2026-06-22T04:22:54+0000	99.0	external_roslyn:CA1860	Clinica-Santa-Monica	0min	CODE_SMELL	CONVENTIONAL		OPEN		MAIN	roslyn	c6c2a2d7-49c5-437c-8e72-cea610dfa80c	INFO		paricahuak40@gmail.com	false	CONSISTENT	NOT_LINKED		"{softwareQuality=MAINTAINABILITY, severity=INFO} / "	"Es preferible comparar ""Count"" con 0 en lugar de usar ""Any()"", tanto por claridad como por rendimiento."	2026-06-20T16:46:31+0000	false			Clinica-Santa-Monica:Clinica.Infrastructure/Documents/Comprobantes/Pdfservicios/ReporteFinancieroPdfService.cs	false	{startLine=99.0, endLine=99.0, startOffset=43.0, endOffset=64.0}	0min	903a398c5704c89c34a0dcc42f643b19	OPEN
2026-06-22T04:22:54+0000	153.0	external_roslyn:CA1822	Clinica-Santa-Monica	0min	CODE_SMELL	CONVENTIONAL		OPEN		MAIN	roslyn	45823e26-500a-4676-9272-70997100fd33	INFO		paricahuak40@gmail.com	false	CONSISTENT	NOT_LINKED		"{softwareQuality=MAINTAINABILITY, severity=INFO} / "	"El miembro ""CrearSeccion"" no tiene acceso a los datos de la instancia y se puede marcar como static."	2026-06-20T16:46:31+0000	false			Clinica-Santa-Monica:Clinica.Infrastructure/Documents/Comprobantes/Pdfservicios/ReporteFinancieroPdfService.cs	false	{startLine=153.0, endLine=153.0, startOffset=17.0, endOffset=29.0}	0min	15b1f43184e4392b6e0cacea18ed6df6	OPEN
2026-06-22T04:22:54+0000	153.0	csharpsquid:S2325	Clinica-Santa-Monica	5min	CODE_SMELL	CLEAR		OPEN		MAIN	-	debd9731-7e69-40bd-a9a8-9fab4f4ba497	MINOR		paricahuak40@gmail.com	false	INTENTIONAL	NOT_LINKED		"{softwareQuality=MAINTAINABILITY, severity=LOW} / "	Make 'CrearSeccion' a static method.	2026-06-20T16:46:31+0000	false	"pitfall / "		Clinica-Santa-Monica:Clinica.Infrastructure/Documents/Comprobantes/Pdfservicios/ReporteFinancieroPdfService.cs	false	{startLine=153.0, endLine=153.0, startOffset=17.0, endOffset=29.0}	5min	15b1f43184e4392b6e0cacea18ed6df6	OPEN
2026-06-22T04:22:54+0000	163.0	csharpsquid:S2325	Clinica-Santa-Monica	5min	CODE_SMELL	CLEAR		OPEN		MAIN	-	d1000fa0-41c5-4e3d-8b58-a72a890e98e7	MINOR		paricahuak40@gmail.com	false	INTENTIONAL	NOT_LINKED		"{softwareQuality=MAINTAINABILITY, severity=LOW} / "	Make 'CeldaCabecera' a static method.	2026-06-20T16:46:31+0000	false	"pitfall / "		Clinica-Santa-Monica:Clinica.Infrastructure/Documents/Comprobantes/Pdfservicios/ReporteFinancieroPdfService.cs	false	{startLine=163.0, endLine=163.0, startOffset=23.0, endOffset=36.0}	5min	1d593ea3ae6be51c76f8f4a0eac15772	OPEN
2026-06-22T04:22:54+0000	163.0	external_roslyn:CA1822	Clinica-Santa-Monica	0min	CODE_SMELL	CONVENTIONAL		OPEN		MAIN	roslyn	f07e94d5-9735-4515-bf49-8a786ddd1070	INFO		paricahuak40@gmail.com	false	CONSISTENT	NOT_LINKED		"{softwareQuality=MAINTAINABILITY, severity=INFO} / "	"El miembro ""CeldaCabecera"" no tiene acceso a los datos de la instancia y se puede marcar como static."	2026-06-20T16:46:31+0000	false			Clinica-Santa-Monica:Clinica.Infrastructure/Documents/Comprobantes/Pdfservicios/ReporteFinancieroPdfService.cs	false	{startLine=163.0, endLine=163.0, startOffset=23.0, endOffset=36.0}	0min	1d593ea3ae6be51c76f8f4a0eac15772	OPEN
2026-06-22T04:22:54+0000	166.0	external_roslyn:CA1822	Clinica-Santa-Monica	0min	CODE_SMELL	CONVENTIONAL		OPEN		MAIN	roslyn	d9570271-78ba-4a4d-81c0-52e37521c95e	INFO		paricahuak40@gmail.com	false	CONSISTENT	NOT_LINKED		"{softwareQuality=MAINTAINABILITY, severity=INFO} / "	"El miembro ""CeldaContenido"" no tiene acceso a los datos de la instancia y se puede marcar como static."	2026-06-20T16:46:31+0000	false			Clinica-Santa-Monica:Clinica.Infrastructure/Documents/Comprobantes/Pdfservicios/ReporteFinancieroPdfService.cs	false	{startLine=166.0, endLine=166.0, startOffset=23.0, endOffset=37.0}	0min	5d36eee7e8eb6db200b65b02e37a69ac	OPEN
2026-06-22T04:22:54+0000	166.0	csharpsquid:S2325	Clinica-Santa-Monica	5min	CODE_SMELL	CLEAR		OPEN		MAIN	-	f9bfe256-b0ce-4c7e-aa17-a8027b93fba6	MINOR		paricahuak40@gmail.com	false	INTENTIONAL	NOT_LINKED		"{softwareQuality=MAINTAINABILITY, severity=LOW} / "	Make 'CeldaContenido' a static method.	2026-06-20T16:46:31+0000	false	"pitfall / "		Clinica-Santa-Monica:Clinica.Infrastructure/Documents/Comprobantes/Pdfservicios/ReporteFinancieroPdfService.cs	false	{startLine=166.0, endLine=166.0, startOffset=23.0, endOffset=37.0}	5min	5d36eee7e8eb6db200b65b02e37a69ac	OPEN
2026-06-22T04:22:54+0000	169.0	csharpsquid:S2325	Clinica-Santa-Monica	5min	CODE_SMELL	CLEAR		OPEN		MAIN	-	0bdc33d9-74c0-4ab3-b7da-57644413cb4c	MINOR		paricahuak40@gmail.com	false	INTENTIONAL	NOT_LINKED		"{softwareQuality=MAINTAINABILITY, severity=LOW} / "	Make 'CeldaTotal' a static method.	2026-06-20T16:46:31+0000	false	"pitfall / "		Clinica-Santa-Monica:Clinica.Infrastructure/Documents/Comprobantes/Pdfservicios/ReporteFinancieroPdfService.cs	false	{startLine=169.0, endLine=169.0, startOffset=23.0, endOffset=33.0}	5min	9e1c5e8cfdf0a0dd89800aefe1284e66	OPEN
2026-06-22T04:22:54+0000	169.0	external_roslyn:CA1822	Clinica-Santa-Monica	0min	CODE_SMELL	CONVENTIONAL		OPEN		MAIN	roslyn	a7fa0b63-29f1-45e7-80bf-6c2e4c3e5e4b	INFO		paricahuak40@gmail.com	false	CONSISTENT	NOT_LINKED		"{softwareQuality=MAINTAINABILITY, severity=INFO} / "	"El miembro ""CeldaTotal"" no tiene acceso a los datos de la instancia y se puede marcar como static."	2026-06-20T16:46:31+0000	false			Clinica-Santa-Monica:Clinica.Infrastructure/Documents/Comprobantes/Pdfservicios/ReporteFinancieroPdfService.cs	false	{startLine=169.0, endLine=169.0, startOffset=23.0, endOffset=33.0}	0min	9e1c5e8cfdf0a0dd89800aefe1284e66	OPEN
2026-06-22T04:22:54+0000	172.0	external_roslyn:CA1822	Clinica-Santa-Monica	0min	CODE_SMELL	CONVENTIONAL		OPEN		MAIN	roslyn	244ef20d-e19d-4d33-8042-41e4f148bcdf	INFO		paricahuak40@gmail.com	false	CONSISTENT	NOT_LINKED		"{softwareQuality=MAINTAINABILITY, severity=INFO} / "	"El miembro ""CalcularPorcentaje"" no tiene acceso a los datos de la instancia y se puede marcar como static."	2026-06-20T16:46:31+0000	false			Clinica-Santa-Monica:Clinica.Infrastructure/Documents/Comprobantes/Pdfservicios/ReporteFinancieroPdfService.cs	false	{startLine=172.0, endLine=172.0, startOffset=20.0, endOffset=38.0}	0min	2f922a6fcb94ca3a9234ecfee9333cca	OPEN
2026-06-22T04:22:54+0000	172.0	csharpsquid:S2325	Clinica-Santa-Monica	5min	CODE_SMELL	CLEAR		OPEN		MAIN	-	e70b2779-e74f-4f0e-8923-c9c4ba5694a6	MINOR		paricahuak40@gmail.com	false	INTENTIONAL	NOT_LINKED		"{softwareQuality=MAINTAINABILITY, severity=LOW} / "	Make 'CalcularPorcentaje' a static method.	2026-06-20T16:46:31+0000	false	"pitfall / "		Clinica-Santa-Monica:Clinica.Infrastructure/Documents/Comprobantes/Pdfservicios/ReporteFinancieroPdfService.cs	false	{startLine=172.0, endLine=172.0, startOffset=20.0, endOffset=38.0}	5min	2f922a6fcb94ca3a9234ecfee9333cca	OPEN
2026-06-22T04:22:54+0000	178.0	csharpsquid:S2325	Clinica-Santa-Monica	5min	CODE_SMELL	CLEAR		OPEN		MAIN	-	337f1a9e-8517-4370-b0c0-6aba10841ea2	MINOR		paricahuak40@gmail.com	false	INTENTIONAL	NOT_LINKED		"{softwareQuality=MAINTAINABILITY, severity=LOW} / "	Make 'ConstruirPiePagina' a static method.	2026-06-20T16:46:31+0000	false	"pitfall / "		Clinica-Santa-Monica:Clinica.Infrastructure/Documents/Comprobantes/Pdfservicios/ReporteFinancieroPdfService.cs	false	{startLine=178.0, endLine=178.0, startOffset=17.0, endOffset=35.0}	5min	2e296164cd7be94098559d1913385223	OPEN
2026-06-22T04:22:54+0000	19.0	external_roslyn:CS8600	Clinica-Santa-Monica	0min	CODE_SMELL	CONVENTIONAL		OPEN		MAIN	roslyn	618d8f20-879e-405a-b5bc-b3162d8dfc7d	MAJOR		paricahuak40@gmail.com	false	CONSISTENT	NOT_LINKED		"{softwareQuality=MAINTAINABILITY, severity=MEDIUM} / "	Se va a convertir un literal nulo o un posible valor nulo en un tipo que no acepta valores NULL	2026-06-20T16:46:31+0000	false			Clinica-Santa-Monica:Clinica.Infrastructure/Documents/Comprobantes/Pdfservicios/ResumenPartoPdfService.cs	false	{startLine=19.0, endLine=19.0, startOffset=27.0, endOffset=85.0}	0min	ca1302715d7ece43dc97796b7af7c0a5	OPEN
2026-06-22T04:22:54+0000	30.0	external_roslyn:CS8604	Clinica-Santa-Monica	0min	CODE_SMELL	CONVENTIONAL		OPEN		MAIN	roslyn	a7a664c3-59e9-4ac2-9b8a-29be1c9064a4	MAJOR		paricahuak40@gmail.com	false	CONSISTENT	NOT_LINKED		"{softwareQuality=MAINTAINABILITY, severity=MEDIUM} / "	"Posible argumento de referencia nulo para el parámetro ""logo"" en ""void ResumenPartoPdfService.ConstruirEncabezado(IContainer container, byte[] logo)""."	2026-06-20T16:46:31+0000	false			Clinica-Santa-Monica:Clinica.Infrastructure/Documents/Comprobantes/Pdfservicios/ResumenPartoPdfService.cs	false	{startLine=30.0, endLine=30.0, startOffset=66.0, endOffset=75.0}	0min	1e4196792dccf6d54f29232fab2ea046	OPEN
2026-06-22T04:22:54+0000	136.0	external_roslyn:CA1860	Clinica-Santa-Monica	0min	CODE_SMELL	CONVENTIONAL		OPEN		MAIN	roslyn	9b1f14b0-ef2e-425f-848a-a36771d340fb	INFO		paricahuak40@gmail.com	false	CONSISTENT	NOT_LINKED		"{softwareQuality=MAINTAINABILITY, severity=INFO} / "	"Es preferible comparar ""Count"" con 0 en lugar de usar ""Any()"", tanto por claridad como por rendimiento."	2026-06-20T16:46:31+0000	false			Clinica-Santa-Monica:Clinica.Infrastructure/Documents/Comprobantes/Pdfservicios/ResumenPartoPdfService.cs	false	{startLine=136.0, endLine=136.0, startOffset=48.0, endOffset=74.0}	0min	35aaa1c3dfb7f325acfbf0d9310f3e82	OPEN
2026-06-22T04:22:54+0000	167.0	external_roslyn:CA1860	Clinica-Santa-Monica	0min	CODE_SMELL	CONVENTIONAL		OPEN		MAIN	roslyn	5bb3b16e-7ae5-45c8-b80c-b73138feeff9	INFO		paricahuak40@gmail.com	false	CONSISTENT	NOT_LINKED		"{softwareQuality=MAINTAINABILITY, severity=INFO} / "	"Es preferible comparar ""Count"" con 0 en lugar de usar ""Any()"", tanto por claridad como por rendimiento."	2026-06-20T16:46:31+0000	false			Clinica-Santa-Monica:Clinica.Infrastructure/Documents/Comprobantes/Pdfservicios/ResumenPartoPdfService.cs	false	{startLine=167.0, endLine=167.0, startOffset=51.0, endOffset=80.0}	0min	10b3875c6df04cbb1287fe5955dae941	OPEN
2026-06-22T04:22:54+0000	206.0	external_roslyn:CA1822	Clinica-Santa-Monica	0min	CODE_SMELL	CONVENTIONAL		OPEN		MAIN	roslyn	028cf8a9-fc4b-412d-b167-a136efe252c5	INFO		paricahuak40@gmail.com	false	CONSISTENT	NOT_LINKED		"{softwareQuality=MAINTAINABILITY, severity=INFO} / "	"El miembro ""CrearSeccion"" no tiene acceso a los datos de la instancia y se puede marcar como static."	2026-06-20T16:46:31+0000	false			Clinica-Santa-Monica:Clinica.Infrastructure/Documents/Comprobantes/Pdfservicios/ResumenPartoPdfService.cs	false	{startLine=206.0, endLine=206.0, startOffset=17.0, endOffset=29.0}	0min	15b1f43184e4392b6e0cacea18ed6df6	OPEN
2026-06-22T04:22:54+0000	206.0	csharpsquid:S2325	Clinica-Santa-Monica	5min	CODE_SMELL	CLEAR		OPEN		MAIN	-	22bdecfe-9b8b-430c-96e2-d41553757cda	MINOR		paricahuak40@gmail.com	false	INTENTIONAL	NOT_LINKED		"{softwareQuality=MAINTAINABILITY, severity=LOW} / "	Make 'CrearSeccion' a static method.	2026-06-20T16:46:31+0000	false	"pitfall / "		Clinica-Santa-Monica:Clinica.Infrastructure/Documents/Comprobantes/Pdfservicios/ResumenPartoPdfService.cs	false	{startLine=206.0, endLine=206.0, startOffset=17.0, endOffset=29.0}	5min	15b1f43184e4392b6e0cacea18ed6df6	OPEN
2026-06-22T04:22:54+0000	216.0	external_roslyn:CA1822	Clinica-Santa-Monica	0min	CODE_SMELL	CONVENTIONAL		OPEN		MAIN	roslyn	83af2cfc-6e67-497b-a2de-40f2ac4c8356	INFO		paricahuak40@gmail.com	false	CONSISTENT	NOT_LINKED		"{softwareQuality=MAINTAINABILITY, severity=INFO} / "	"El miembro ""CeldaCabecera"" no tiene acceso a los datos de la instancia y se puede marcar como static."	2026-06-20T16:46:31+0000	false			Clinica-Santa-Monica:Clinica.Infrastructure/Documents/Comprobantes/Pdfservicios/ResumenPartoPdfService.cs	false	{startLine=216.0, endLine=216.0, startOffset=23.0, endOffset=36.0}	0min	1d593ea3ae6be51c76f8f4a0eac15772	OPEN
2026-06-22T04:22:54+0000	216.0	csharpsquid:S2325	Clinica-Santa-Monica	5min	CODE_SMELL	CLEAR		OPEN		MAIN	-	b47023de-0328-4a88-88d0-82715bceb801	MINOR		paricahuak40@gmail.com	false	INTENTIONAL	NOT_LINKED		"{softwareQuality=MAINTAINABILITY, severity=LOW} / "	Make 'CeldaCabecera' a static method.	2026-06-20T16:46:31+0000	false	"pitfall / "		Clinica-Santa-Monica:Clinica.Infrastructure/Documents/Comprobantes/Pdfservicios/ResumenPartoPdfService.cs	false	{startLine=216.0, endLine=216.0, startOffset=23.0, endOffset=36.0}	5min	1d593ea3ae6be51c76f8f4a0eac15772	OPEN
2026-06-22T04:22:54+0000	219.0	csharpsquid:S2325	Clinica-Santa-Monica	5min	CODE_SMELL	CLEAR		OPEN		MAIN	-	15a7d69a-2684-4485-85fa-2093c2b8ae2e	MINOR		paricahuak40@gmail.com	false	INTENTIONAL	NOT_LINKED		"{softwareQuality=MAINTAINABILITY, severity=LOW} / "	Make 'CeldaContenido' a static method.	2026-06-20T16:46:31+0000	false	"pitfall / "		Clinica-Santa-Monica:Clinica.Infrastructure/Documents/Comprobantes/Pdfservicios/ResumenPartoPdfService.cs	false	{startLine=219.0, endLine=219.0, startOffset=23.0, endOffset=37.0}	5min	fec1e252fbf51694b23756930ad7398c	OPEN
2026-06-22T04:22:54+0000	222.0	csharpsquid:S2325	Clinica-Santa-Monica	5min	CODE_SMELL	CLEAR		OPEN		MAIN	-	8b1feb25-dce9-4617-b6f8-60b0433418fe	MINOR		paricahuak40@gmail.com	false	INTENTIONAL	NOT_LINKED		"{softwareQuality=MAINTAINABILITY, severity=LOW} / "	Make 'ConstruirPiePagina' a static method.	2026-06-20T16:46:31+0000	false	"pitfall / "		Clinica-Santa-Monica:Clinica.Infrastructure/Documents/Comprobantes/Pdfservicios/ResumenPartoPdfService.cs	false	{startLine=222.0, endLine=222.0, startOffset=17.0, endOffset=35.0}	5min	2e296164cd7be94098559d1913385223	OPEN
2026-05-30T23:47:29+0000	76.0	external_roslyn:CS1998	Clinica-Santa-Monica	0min	CODE_SMELL	CONVENTIONAL		OPEN		MAIN	roslyn	316dfa03-ab30-4601-8d80-21fc3b1f6b2f	MAJOR		yukyuel@gmail.com	false	CONSISTENT	NOT_LINKED		"{softwareQuality=MAINTAINABILITY, severity=MEDIUM} / "	"El método asincrónico carece de operadores ""await"" y se ejecutará de forma sincrónica. Puede usar el operador 'await' para esperar llamadas API que no sean de bloqueo o 'await Task.Run(...)' para hacer tareas enlazadas a la CPU en un subproceso en segundo plano."	2026-05-29T04:07:50+0000	false			Clinica-Santa-Monica:Clinica.WASM/Components/Pagos/CambiarEstadoPagoDialog.razor	false	{startLine=76.0, endLine=76.0, startOffset=23.0, endOffset=37.0}	0min	4969da7acce162abbe35a17a47be25fc	OPEN
2026-05-30T23:47:29+0000	54.0	external_roslyn:CS8602	Clinica-Santa-Monica	0min	CODE_SMELL	CONVENTIONAL		OPEN		MAIN	roslyn	fb0be8a3-1961-47a9-bfad-713eb6020c6e	MAJOR		yukyuel@gmail.com	false	CONSISTENT	NOT_LINKED		"{softwareQuality=MAINTAINABILITY, severity=MEDIUM} / "	Desreferencia de una referencia posiblemente NULL.	2026-05-29T04:07:50+0000	false			Clinica-Santa-Monica:Clinica.WASM/Pages/Pagos/PagosPage.razor.cs	false	{startLine=54.0, endLine=54.0, startOffset=13.0, endOffset=19.0}	0min	c039e5ea03ea1b35990e10f12f0c5d54	OPEN
2026-05-30T23:47:29+0000	74.0	external_roslyn:CS1998	Clinica-Santa-Monica	0min	CODE_SMELL	CONVENTIONAL		OPEN		MAIN	roslyn	027c27fe-d19d-470c-9778-5408bfcbbae2	MAJOR		yukyuel@gmail.com	false	CONSISTENT	NOT_LINKED		"{softwareQuality=MAINTAINABILITY, severity=MEDIUM} / "	"El método asincrónico carece de operadores ""await"" y se ejecutará de forma sincrónica. Puede usar el operador 'await' para esperar llamadas API que no sean de bloqueo o 'await Task.Run(...)' para hacer tareas enlazadas a la CPU en un subproceso en segundo plano."	2026-05-29T03:51:56+0000	false			Clinica-Santa-Monica:Clinica.WASM/Components/Usuarios/CambiarEstadoUsuarioDialog.razor	false	{startLine=74.0, endLine=74.0, startOffset=23.0, endOffset=37.0}	0min	4969da7acce162abbe35a17a47be25fc	OPEN
2026-05-30T23:47:29+0000	88.0	external_roslyn:CS8602	Clinica-Santa-Monica	0min	CODE_SMELL	CONVENTIONAL		OPEN		MAIN	roslyn	56b234bd-6f9f-46a5-bd33-26ec3f387543	MAJOR		yukyuel@gmail.com	false	CONSISTENT	NOT_LINKED		"{softwareQuality=MAINTAINABILITY, severity=MEDIUM} / "	Desreferencia de una referencia posiblemente NULL.	2026-05-29T03:51:56+0000	false			Clinica-Santa-Monica:Clinica.WASM/Pages/Usuarios/UsuariosPage.razor.cs	false	{startLine=88.0, endLine=88.0, startOffset=13.0, endOffset=19.0}	0min	60b72b5af7771bfd82c6dfca97943233	OPEN
2026-05-30T23:47:29+0000	77.0	external_roslyn:CS1998	Clinica-Santa-Monica	0min	CODE_SMELL	CONVENTIONAL		OPEN		MAIN	roslyn	5d031e7e-da99-4d1c-bda7-ec173011e576	MAJOR		yukyuel@gmail.com	false	CONSISTENT	NOT_LINKED		"{softwareQuality=MAINTAINABILITY, severity=MEDIUM} / "	"El método asincrónico carece de operadores ""await"" y se ejecutará de forma sincrónica. Puede usar el operador 'await' para esperar llamadas API que no sean de bloqueo o 'await Task.Run(...)' para hacer tareas enlazadas a la CPU en un subproceso en segundo plano."	2026-05-29T03:33:36+0000	false			Clinica-Santa-Monica:Clinica.WASM/Components/Pacientes/CambiarEstadoPacienteDialog.razor	false	{startLine=77.0, endLine=77.0, startOffset=25.0, endOffset=39.0}	0min	da859c8667771ed0b00d46da12a7c518	OPEN
2026-06-22T04:22:54+0000	-	external_roslyn:MUD0002	Clinica-Santa-Monica	0min	CODE_SMELL	CONVENTIONAL		OPEN		MAIN	roslyn	c65dd93b-22ba-484a-b751-0be22b871efc	MAJOR		yukyuel@gmail.com	false	CONSISTENT	NOT_LINKED		"{softwareQuality=MAINTAINABILITY, severity=MEDIUM} / "	Illegal Attribute 'Align' on 'MudTh' using pattern 'LowerCase' source location '(531,16)-(531,76)'	2026-05-29T03:33:36+0000	false			Clinica-Santa-Monica:Clinica.WASM/Components/Pacientes/PacientesTable.razor	false	-	0min	-	OPEN
2026-05-30T23:47:29+0000	168.0	external_roslyn:CS8602	Clinica-Santa-Monica	0min	CODE_SMELL	CONVENTIONAL		OPEN		MAIN	roslyn	4d7734ba-4aa6-4e6a-b213-ad57f5a5f568	MAJOR		yukyuel@gmail.com	false	CONSISTENT	NOT_LINKED		"{softwareQuality=MAINTAINABILITY, severity=MEDIUM} / "	Desreferencia de una referencia posiblemente NULL.	2026-05-29T03:33:36+0000	false			Clinica-Santa-Monica:Clinica.WASM/Pages/Pacientes/PacientesPage.razor.cs	false	{startLine=168.0, endLine=168.0, startOffset=13.0, endOffset=19.0}	0min	50af3363d76ba79f7895b9d561881b5d	OPEN
2026-06-22T04:22:54+0000	-	external_roslyn:MUD0002	Clinica-Santa-Monica	0min	CODE_SMELL	CONVENTIONAL		OPEN		MAIN	roslyn	d0110fdc-6bc7-4133-b811-f25ea6b0baca	MAJOR		yukyuel@gmail.com	false	CONSISTENT	NOT_LINKED		"{softwareQuality=MAINTAINABILITY, severity=MEDIUM} / "	Illegal Attribute 'Thickness' on 'MudProgressCircular' using pattern 'LowerCase' source location '(347,12)-(347,64)'	2026-05-29T03:03:44+0000	false			Clinica-Santa-Monica:Clinica.WASM/Components/Auth/RequireAuth.razor	false	-	0min	-	OPEN
2026-06-22T04:22:54+0000	-	external_roslyn:MUD0002	Clinica-Santa-Monica	0min	CODE_SMELL	CONVENTIONAL		OPEN		MAIN	roslyn	b64357aa-a3d7-4c26-9c4f-8fa019ac682b	MAJOR		yukyuel@gmail.com	false	CONSISTENT	NOT_LINKED		"{softwareQuality=MAINTAINABILITY, severity=MEDIUM} / "	Illegal Attribute 'Thickness' on 'MudProgressCircular' using pattern 'LowerCase' source location '(347,12)-(347,64)'	2026-05-29T03:03:44+0000	false			Clinica-Santa-Monica:Clinica.WASM/Components/Auth/RequirePermission.razor	false	-	0min	-	OPEN
2026-06-22T04:22:54+0000	-	external_roslyn:MUD0002	Clinica-Santa-Monica	0min	CODE_SMELL	CONVENTIONAL		OPEN		MAIN	roslyn	4de56c89-8b60-4f92-a193-d5c0ce3e2e36	MAJOR		yukyuel@gmail.com	false	CONSISTENT	NOT_LINKED		"{softwareQuality=MAINTAINABILITY, severity=MEDIUM} / "	Illegal Attribute 'Checked' on 'MudSwitch' using pattern 'LowerCase' source location '(553,24)-(561,25)'	2026-05-29T02:42:27+0000	false			Clinica-Santa-Monica:Clinica.WASM/Components/Roles/RolEditForm.razor	false	-	0min	-	OPEN
2026-05-30T23:47:29+0000	79.0	external_roslyn:CS1998	Clinica-Santa-Monica	0min	CODE_SMELL	CONVENTIONAL		OPEN		MAIN	roslyn	bd452aa2-23f7-460d-b45f-7b32478de5d4	MAJOR		yukyuel@gmail.com	false	CONSISTENT	NOT_LINKED		"{softwareQuality=MAINTAINABILITY, severity=MEDIUM} / "	"El método asincrónico carece de operadores ""await"" y se ejecutará de forma sincrónica. Puede usar el operador 'await' para esperar llamadas API que no sean de bloqueo o 'await Task.Run(...)' para hacer tareas enlazadas a la CPU en un subproceso en segundo plano."	2026-05-29T01:46:25+0000	false			Clinica-Santa-Monica:Clinica.WASM/Pages/Historiales/HistorialClinicoPage.razor.cs	false	{startLine=79.0, endLine=79.0, startOffset=42.0, endOffset=56.0}	0min	197faa8bf2f25589c1adee5b713ebc24	OPEN
2026-05-30T23:47:29+0000	125.0	csharpsquid:S6580	Clinica-Santa-Monica	10min	CODE_SMELL	CONVENTIONAL		OPEN		MAIN	-	20a2a9f4-462d-43be-a2b7-40d51d5b3227	MAJOR		yukyuel@gmail.com	false	CONSISTENT	NOT_LINKED		"{softwareQuality=MAINTAINABILITY, severity=MEDIUM} / "	Use a format provider when parsing date and time.	2026-05-29T01:37:22+0000	false	"pitfall / "		Clinica-Santa-Monica:Clinica.API/Controllers/HorariosController.cs	false	{startLine=125.0, endLine=125.0, startOffset=14.0, endOffset=35.0}	10min	4f5a8dd7fa3e0c66b64890a2c15658ef	OPEN
2026-05-30T23:47:29+0000	23.0	csharpsquid:S3776	Clinica-Santa-Monica	6min	CODE_SMELL	FOCUSED		OPEN	"{locations=[{component=Clinica-Santa-Monica:Clinica.API/Services/Imp/HorarioDoctorService.cs, textRange={startLine=29.0, endLine=29.0, startOffset=8.0, endOffset=10.0}, msg=+1, msgFormattings=[]}]} / {locations=[{component=Clinica-Santa-Monica:Clinica.API/Services/Imp/HorarioDoctorService.cs, textRange={startLine=42.0, endLine=42.0, startOffset=75.0, endOffset=77.0}, msg=+1, msgFormattings=[]}]} / {locations=[{component=Clinica-Santa-Monica:Clinica.API/Services/Imp/HorarioDoctorService.cs, textRange={startLine=61.0, endLine=61.0, startOffset=8.0, endOffset=13.0}, msg=+1, msgFormattings=[]}]} / {locations=[{component=Clinica-Santa-Monica:Clinica.API/Services/Imp/HorarioDoctorService.cs, textRange={startLine=70.0, endLine=70.0, startOffset=12.0, endOffset=15.0}, msg=+2 (incl 1 for nesting), msgFormattings=[]}]} / {locations=[{component=Clinica-Santa-Monica:Clinica.API/Services/Imp/HorarioDoctorService.cs, textRange={startLine=82.0, endLine=82.0, startOffset=98.0, endOffset=100.0}, msg=+1, msgFormattings=[]}]} / {locations=[{component=Clinica-Santa-Monica:Clinica.API/Services/Imp/HorarioDoctorService.cs, textRange={startLine=83.0, endLine=83.0, startOffset=89.0, endOffset=91.0}, msg=+1, msgFormattings=[]}]} / {locations=[{component=Clinica-Santa-Monica:Clinica.API/Services/Imp/HorarioDoctorService.cs, textRange={startLine=85.0, endLine=85.0, startOffset=16.0, endOffset=18.0}, msg=+3 (incl 2 for nesting), msgFormattings=[]}]} / {locations=[{component=Clinica-Santa-Monica:Clinica.API/Services/Imp/HorarioDoctorService.cs, textRange={startLine=85.0, endLine=85.0, startOffset=41.0, endOffset=43.0}, msg=+1, msgFormattings=[]}]} / {locations=[{component=Clinica-Santa-Monica:Clinica.API/Services/Imp/HorarioDoctorService.cs, textRange={startLine=90.0, endLine=90.0, startOffset=87.0, endOffset=89.0}, msg=+1, msgFormattings=[]}]} / {locations=[{component=Clinica-Santa-Monica:Clinica.API/Services/Imp/HorarioDoctorService.cs, textRange={startLine=91.0, endLine=91.0, startOffset=76.0, endOffset=78.0}, msg=+1, msgFormattings=[]}]} / {locations=[{component=Clinica-Santa-Monica:Clinica.API/Services/Imp/HorarioDoctorService.cs, textRange={startLine=91.0, endLine=91.0, startOffset=49.0, endOffset=51.0}, msg=+1, msgFormattings=[]}]} / {locations=[{component=Clinica-Santa-Monica:Clinica.API/Services/Imp/HorarioDoctorService.cs, textRange={startLine=91.0, endLine=91.0, startOffset=107.0, endOffset=109.0}, msg=+1, msgFormattings=[]}]} / {locations=[{component=Clinica-Santa-Monica:Clinica.API/Services/Imp/HorarioDoctorService.cs, textRange={startLine=93.0, endLine=93.0, startOffset=16.0, endOffset=18.0}, msg=+3 (incl 2 for nesting), msgFormattings=[]}]} / {locations=[{component=Clinica-Santa-Monica:Clinica.API/Services/Imp/HorarioDoctorService.cs, textRange={startLine=98.0, endLine=98.0, startOffset=71.0, endOffset=72.0}, msg=+4 (incl 3 for nesting), msgFormattings=[]}]} / "	MAIN	-	9abc74c4-273d-4af2-b9fb-a3a1b9fde332	CRITICAL		yukyuel@gmail.com	false	ADAPTABLE	NOT_LINKED		"{softwareQuality=MAINTAINABILITY, severity=HIGH} / "	Refactor this method to reduce its Cognitive Complexity from 22 to the 15 allowed.	2026-05-29T01:37:22+0000	false	"brain-overload / "		Clinica-Santa-Monica:Clinica.API/Services/Imp/HorarioDoctorService.cs	false	{startLine=23.0, endLine=23.0, startOffset=36.0, endOffset=61.0}	6min	ff00558631405554fb09e202de26eafd	OPEN
2026-05-30T23:47:29+0000	176.0	external_roslyn:CS1998	Clinica-Santa-Monica	0min	CODE_SMELL	CONVENTIONAL		OPEN		MAIN	roslyn	97725d27-fc05-469b-9dfb-57141828203f	MAJOR		yukyuel@gmail.com	false	CONSISTENT	NOT_LINKED		"{softwareQuality=MAINTAINABILITY, severity=MEDIUM} / "	"El método asincrónico carece de operadores ""await"" y se ejecutará de forma sincrónica. Puede usar el operador 'await' para esperar llamadas API que no sean de bloqueo o 'await Task.Run(...)' para hacer tareas enlazadas a la CPU en un subproceso en segundo plano."	2026-05-29T00:38:54+0000	false			Clinica-Santa-Monica:Clinica.WASM/Components/Citas/CitaForm.razor	false	{startLine=176.0, endLine=176.0, startOffset=43.0, endOffset=57.0}	0min	aa71b65c8f340a745b3cf52795ef5dae	OPEN
2026-05-30T23:47:29+0000	35.0	csharpsquid:S1192	Clinica-Santa-Monica	4min	CODE_SMELL	DISTINCT		OPEN	"{locations=[{component=Clinica-Santa-Monica:Clinica.WASM/Themes/ClinicaTheme.cs, textRange={startLine=38.0, endLine=38.0, startOffset=41.0, endOffset=50.0}, msgFormattings=[]}]} / {locations=[{component=Clinica-Santa-Monica:Clinica.WASM/Themes/ClinicaTheme.cs, textRange={startLine=48.0, endLine=48.0, startOffset=41.0, endOffset=50.0}, msgFormattings=[]}]} / {locations=[{component=Clinica-Santa-Monica:Clinica.WASM/Themes/ClinicaTheme.cs, textRange={startLine=90.0, endLine=90.0, startOffset=42.0, endOffset=51.0}, msgFormattings=[]}]} / "	MAIN	-	4542911b-f116-48ad-bb79-29b43f35d75f	MINOR		yukyuel@gmail.com	false	ADAPTABLE	NOT_LINKED		"{softwareQuality=MAINTAINABILITY, severity=LOW} / "	Define a constant instead of using this literal '#64748B' 4 times.	2026-05-28T23:36:56+0000	false	"design / "		Clinica-Santa-Monica:Clinica.WASM/Themes/ClinicaTheme.cs	false	{startLine=35.0, endLine=35.0, startOffset=38.0, endOffset=47.0}	4min	c8f719db4bc3d952e2fec6b74e179a9c	OPEN
2026-06-22T04:22:54+0000	-	external_roslyn:MUD0002	Clinica-Santa-Monica	0min	CODE_SMELL	CONVENTIONAL		OPEN		MAIN	roslyn	93a0f478-0fd3-4278-8a87-bf5b1403db54	MAJOR		yukyuel@gmail.com	false	CONSISTENT	NOT_LINKED		"{softwareQuality=MAINTAINABILITY, severity=MEDIUM} / "	Illegal Attribute 'Thickness' on 'MudProgressCircular' using pattern 'LowerCase' source location '(426,12)-(426,65)'	2026-05-28T22:35:34+0000	false			Clinica-Santa-Monica:Clinica.WASM/Pages/Home.razor	false	-	0min	-	OPEN
2026-05-30T23:47:29+0000	49.0	csharpsquid:S1192	Clinica-Santa-Monica	4min	CODE_SMELL	DISTINCT		OPEN	"{locations=[{component=Clinica-Santa-Monica:Clinica.WASM/Themes/ClinicaTheme.cs, textRange={startLine=77.0, endLine=77.0, startOffset=38.0, endOffset=47.0}, msgFormattings=[]}]} / {locations=[{component=Clinica-Santa-Monica:Clinica.WASM/Themes/ClinicaTheme.cs, textRange={startLine=80.0, endLine=80.0, startOffset=41.0, endOffset=50.0}, msgFormattings=[]}]} / {locations=[{component=Clinica-Santa-Monica:Clinica.WASM/Themes/ClinicaTheme.cs, textRange={startLine=89.0, endLine=89.0, startOffset=41.0, endOffset=50.0}, msgFormattings=[]}]} / "	MAIN	-	267ba965-1ec8-4fdf-a2fb-04bf50721fe3	MINOR		yukyuel@gmail.com	false	ADAPTABLE	NOT_LINKED		"{softwareQuality=MAINTAINABILITY, severity=LOW} / "	Define a constant instead of using this literal '#94A3B8' 4 times.	2026-05-28T22:35:34+0000	false	"design / "		Clinica-Santa-Monica:Clinica.WASM/Themes/ClinicaTheme.cs	false	{startLine=49.0, endLine=49.0, startOffset=42.0, endOffset=51.0}	4min	2ed23267c233b63e085304bd7052bcd3	OPEN
2026-05-30T23:47:29+0000	70.0	csharpsquid:S1192	Clinica-Santa-Monica	4min	CODE_SMELL	DISTINCT		OPEN	"{locations=[{component=Clinica-Santa-Monica:Clinica.WASM/Themes/ClinicaTheme.cs, textRange={startLine=73.0, endLine=73.0, startOffset=44.0, endOffset=53.0}, msgFormattings=[]}]} / {locations=[{component=Clinica-Santa-Monica:Clinica.WASM/Themes/ClinicaTheme.cs, textRange={startLine=75.0, endLine=75.0, startOffset=44.0, endOffset=53.0}, msgFormattings=[]}]} / {locations=[{component=Clinica-Santa-Monica:Clinica.WASM/Themes/ClinicaTheme.cs, textRange={startLine=91.0, endLine=91.0, startOffset=52.0, endOffset=61.0}, msgFormattings=[]}]} / "	MAIN	-	e0a52bac-dff1-4ed8-92e6-e8d606c75646	MINOR		yukyuel@gmail.com	false	ADAPTABLE	NOT_LINKED		"{softwareQuality=MAINTAINABILITY, severity=LOW} / "	Define a constant instead of using this literal '#111827' 4 times.	2026-05-28T22:35:34+0000	false	"design / "		Clinica-Santa-Monica:Clinica.WASM/Themes/ClinicaTheme.cs	false	{startLine=70.0, endLine=70.0, startOffset=42.0, endOffset=51.0}	4min	b28e46d47d4bac25647fe17bb8c58176	OPEN
2026-05-30T23:47:29+0000	98.0	csharpsquid:S1192	Clinica-Santa-Monica	4min	CODE_SMELL	DISTINCT		OPEN	"{locations=[{component=Clinica-Santa-Monica:Clinica.WASM/Themes/ClinicaTheme.cs, textRange={startLine=105.0, endLine=105.0, startOffset=37.0, endOffset=44.0}, msgFormattings=[]}]} / {locations=[{component=Clinica-Santa-Monica:Clinica.WASM/Themes/ClinicaTheme.cs, textRange={startLine=113.0, endLine=113.0, startOffset=37.0, endOffset=44.0}, msgFormattings=[]}]} / {locations=[{component=Clinica-Santa-Monica:Clinica.WASM/Themes/ClinicaTheme.cs, textRange={startLine=121.0, endLine=121.0, startOffset=37.0, endOffset=44.0}, msgFormattings=[]}]} / {locations=[{component=Clinica-Santa-Monica:Clinica.WASM/Themes/ClinicaTheme.cs, textRange={startLine=128.0, endLine=128.0, startOffset=37.0, endOffset=44.0}, msgFormattings=[]}]} / "	MAIN	-	5c18917a-0ed5-4191-b92e-f2de005d7668	MINOR		yukyuel@gmail.com	false	ADAPTABLE	NOT_LINKED		"{softwareQuality=MAINTAINABILITY, severity=LOW} / "	Define a constant instead of using this literal 'Inter' 5 times.	2026-05-28T22:35:34+0000	false	"design / "		Clinica-Santa-Monica:Clinica.WASM/Themes/ClinicaTheme.cs	false	{startLine=98.0, endLine=98.0, startOffset=37.0, endOffset=44.0}	4min	3badda046fdb34739597b2741a5b3e0a	OPEN
2026-05-30T23:47:29+0000	98.0	csharpsquid:S1192	Clinica-Santa-Monica	4min	CODE_SMELL	DISTINCT		OPEN	"{locations=[{component=Clinica-Santa-Monica:Clinica.WASM/Themes/ClinicaTheme.cs, textRange={startLine=105.0, endLine=105.0, startOffset=46.0, endOffset=57.0}, msgFormattings=[]}]} / {locations=[{component=Clinica-Santa-Monica:Clinica.WASM/Themes/ClinicaTheme.cs, textRange={startLine=113.0, endLine=113.0, startOffset=46.0, endOffset=57.0}, msgFormattings=[]}]} / {locations=[{component=Clinica-Santa-Monica:Clinica.WASM/Themes/ClinicaTheme.cs, textRange={startLine=121.0, endLine=121.0, startOffset=46.0, endOffset=57.0}, msgFormattings=[]}]} / {locations=[{component=Clinica-Santa-Monica:Clinica.WASM/Themes/ClinicaTheme.cs, textRange={startLine=128.0, endLine=128.0, startOffset=46.0, endOffset=57.0}, msgFormattings=[]}]} / "	MAIN	-	bdc177d2-e7c7-4218-8f6a-89d06d0357b5	MINOR		yukyuel@gmail.com	false	ADAPTABLE	NOT_LINKED		"{softwareQuality=MAINTAINABILITY, severity=LOW} / "	Define a constant instead of using this literal 'system-ui' 5 times.	2026-05-28T22:35:34+0000	false	"design / "		Clinica-Santa-Monica:Clinica.WASM/Themes/ClinicaTheme.cs	false	{startLine=98.0, endLine=98.0, startOffset=46.0, endOffset=57.0}	4min	3badda046fdb34739597b2741a5b3e0a	OPEN
2026-05-30T23:47:29+0000	98.0	csharpsquid:S1192	Clinica-Santa-Monica	4min	CODE_SMELL	DISTINCT		OPEN	"{locations=[{component=Clinica-Santa-Monica:Clinica.WASM/Themes/ClinicaTheme.cs, textRange={startLine=105.0, endLine=105.0, startOffset=59.0, endOffset=71.0}, msgFormattings=[]}]} / {locations=[{component=Clinica-Santa-Monica:Clinica.WASM/Themes/ClinicaTheme.cs, textRange={startLine=113.0, endLine=113.0, startOffset=59.0, endOffset=71.0}, msgFormattings=[]}]} / {locations=[{component=Clinica-Santa-Monica:Clinica.WASM/Themes/ClinicaTheme.cs, textRange={startLine=121.0, endLine=121.0, startOffset=59.0, endOffset=71.0}, msgFormattings=[]}]} / {locations=[{component=Clinica-Santa-Monica:Clinica.WASM/Themes/ClinicaTheme.cs, textRange={startLine=128.0, endLine=128.0, startOffset=59.0, endOffset=71.0}, msgFormattings=[]}]} / "	MAIN	-	e4898871-daa9-4132-9295-0d3a96487824	MINOR		yukyuel@gmail.com	false	ADAPTABLE	NOT_LINKED		"{softwareQuality=MAINTAINABILITY, severity=LOW} / "	Define a constant instead of using this literal 'sans-serif' 5 times.	2026-05-28T22:35:34+0000	false	"design / "		Clinica-Santa-Monica:Clinica.WASM/Themes/ClinicaTheme.cs	false	{startLine=98.0, endLine=98.0, startOffset=59.0, endOffset=71.0}	4min	3badda046fdb34739597b2741a5b3e0a	OPEN
2026-05-30T23:47:29+0000	100.0	external_roslyn:CS1998	Clinica-Santa-Monica	0min	CODE_SMELL	CONVENTIONAL		OPEN		MAIN	roslyn	a37625ff-446f-41dd-b1de-81089aa003cc	MAJOR		yukyuel@gmail.com	false	CONSISTENT	NOT_LINKED		"{softwareQuality=MAINTAINABILITY, severity=MEDIUM} / "	"El método asincrónico carece de operadores ""await"" y se ejecutará de forma sincrónica. Puede usar el operador 'await' para esperar llamadas API que no sean de bloqueo o 'await Task.Run(...)' para hacer tareas enlazadas a la CPU en un subproceso en segundo plano."	2026-05-28T18:04:11+0000	false			Clinica-Santa-Monica:Clinica.WASM/Components/Finanzas/RegistrarAjusteFinancieroDialog.razor	false	{startLine=100.0, endLine=100.0, startOffset=23.0, endOffset=37.0}	0min	66f1a74021217c3c2b5017b4a0b14c4c	OPEN
2026-05-30T23:47:29+0000	77.0	external_roslyn:CS8602	Clinica-Santa-Monica	0min	CODE_SMELL	CONVENTIONAL		OPEN		MAIN	roslyn	4ff66167-8539-43f3-a37f-356d11e8cd1f	MAJOR		yukyuel@gmail.com	false	CONSISTENT	NOT_LINKED		"{softwareQuality=MAINTAINABILITY, severity=MEDIUM} / "	Desreferencia de una referencia posiblemente NULL.	2026-05-28T18:04:11+0000	false			Clinica-Santa-Monica:Clinica.WASM/Components/Pagos/AjustesPagoDialog.razor	false	{startLine=77.0, endLine=77.0, startOffset=13.0, endOffset=19.0}	0min	a578a89959af0858a8e393dbfa7176b0	OPEN
2026-05-30T23:47:29+0000	50.0	csharpsquid:S2486	Clinica-Santa-Monica	1h	CODE_SMELL	CLEAR		OPEN		MAIN	-	02d2c423-2033-4e4d-af6c-443e2208d9eb	MINOR		yukyuel@gmail.com	false	INTENTIONAL	NOT_LINKED		"{softwareQuality=MAINTAINABILITY, severity=LOW} / "	Handle the exception or explain in a comment why it can be ignored.	2026-05-28T18:04:11+0000	false	"cwe / error-handling / suspicious / "		Clinica-Santa-Monica:Clinica.WASM/Pages/Finanzas/FinanzasPage.razor.cs	false	{startLine=50.0, endLine=50.0, startOffset=8.0, endOffset=17.0}	1h	66f7e29d950751a7076c612a51838ebc	OPEN
2026-05-30T23:47:29+0000	50.0	csharpsquid:S108	Clinica-Santa-Monica	5min	CODE_SMELL	CLEAR		OPEN		MAIN	-	12cab008-eb42-4c4e-bc2c-14294a6da2d9	MAJOR		yukyuel@gmail.com	false	INTENTIONAL	NOT_LINKED		"{softwareQuality=MAINTAINABILITY, severity=MEDIUM} / "	Either remove or fill this block of code.	2026-05-28T18:04:11+0000	false	"suspicious / "		Clinica-Santa-Monica:Clinica.WASM/Pages/Finanzas/FinanzasPage.razor.cs	false	{startLine=50.0, endLine=50.0, startOffset=14.0, endOffset=17.0}	5min	66f7e29d950751a7076c612a51838ebc	OPEN
2026-05-30T23:47:29+0000	211.0	external_roslyn:CS8602	Clinica-Santa-Monica	0min	CODE_SMELL	CONVENTIONAL		OPEN		MAIN	roslyn	a2693c5c-835c-43ef-8184-eca7fb55b86c	MAJOR		yukyuel@gmail.com	false	CONSISTENT	NOT_LINKED		"{softwareQuality=MAINTAINABILITY, severity=MEDIUM} / "	Desreferencia de una referencia posiblemente NULL.	2026-05-28T18:04:11+0000	false			Clinica-Santa-Monica:Clinica.WASM/Pages/Pagos/PagosPage.razor.cs	false	{startLine=211.0, endLine=211.0, startOffset=17.0, endOffset=23.0}	0min	ce7b2372622616382eaa180d5b7d3059	OPEN
2026-05-30T23:47:29+0000	145.0	external_roslyn:CS1998	Clinica-Santa-Monica	0min	CODE_SMELL	CONVENTIONAL		OPEN		MAIN	roslyn	d7dac993-ce4e-4409-8507-1591cab1e109	MAJOR		yukyuel@gmail.com	false	CONSISTENT	NOT_LINKED		"{softwareQuality=MAINTAINABILITY, severity=MEDIUM} / "	"El método asincrónico carece de operadores ""await"" y se ejecutará de forma sincrónica. Puede usar el operador 'await' para esperar llamadas API que no sean de bloqueo o 'await Task.Run(...)' para hacer tareas enlazadas a la CPU en un subproceso en segundo plano."	2026-05-28T17:14:34+0000	false			Clinica-Santa-Monica:Clinica.WASM/Components/Pagos/RegistrarPagoDialog.razor	false	{startLine=145.0, endLine=145.0, startOffset=23.0, endOffset=37.0}	0min	66f1a74021217c3c2b5017b4a0b14c4c	OPEN
2026-06-23T02:26:07+0000	26.0	external_roslyn:CS0414	Clinica-Santa-Monica	0min	CODE_SMELL	CONVENTIONAL		OPEN		MAIN	roslyn	31d32536-81ff-45ef-b46b-c6d00119e916	MAJOR		yukyuel@gmail.com	false	CONSISTENT	NOT_LINKED		"{softwareQuality=MAINTAINABILITY, severity=MEDIUM} / "	El campo 'PagosPage.EstaCargandoPacientes' está asignado pero su valor nunca se usa	2026-05-28T17:14:34+0000	false			Clinica-Santa-Monica:Clinica.WASM/Pages/Pagos/PagosPage.razor.cs	false	{startLine=26.0, endLine=26.0, startOffset=17.0, endOffset=38.0}	0min	eac2626f8f8cc51f3d753b3b69c8449d	OPEN
2026-05-30T23:47:29+0000	181.0	external_roslyn:CS8602	Clinica-Santa-Monica	0min	CODE_SMELL	CONVENTIONAL		OPEN		MAIN	roslyn	37d95d33-dbf1-4c1d-8c97-26a28665c6d9	MAJOR		yukyuel@gmail.com	false	CONSISTENT	NOT_LINKED		"{softwareQuality=MAINTAINABILITY, severity=MEDIUM} / "	Desreferencia de una referencia posiblemente NULL.	2026-05-28T17:14:34+0000	false			Clinica-Santa-Monica:Clinica.WASM/Pages/Pagos/PagosPage.razor.cs	false	{startLine=181.0, endLine=181.0, startOffset=13.0, endOffset=19.0}	0min	9b5638a8b4aaf8b1b6dad87e15c73bc1	OPEN
2026-05-30T23:47:29+0000	87.0	csharpsquid:S2486	Clinica-Santa-Monica	1h	CODE_SMELL	CLEAR		OPEN		MAIN	-	26dbe266-700d-4a30-a424-c38efdb9426a	MINOR		yukyuel@gmail.com	false	INTENTIONAL	NOT_LINKED		"{softwareQuality=MAINTAINABILITY, severity=LOW} / "	Handle the exception or explain in a comment why it can be ignored.	2026-05-28T16:44:24+0000	false	"cwe / error-handling / suspicious / "		Clinica-Santa-Monica:Clinica.WASM/Services/Api/AuthStateService.cs	false	{startLine=87.0, endLine=87.0, startOffset=8.0, endOffset=17.0}	1h	66f7e29d950751a7076c612a51838ebc	OPEN
2026-05-30T23:47:29+0000	87.0	csharpsquid:S108	Clinica-Santa-Monica	5min	CODE_SMELL	CLEAR		OPEN		MAIN	-	ab118d5e-83ff-4437-8d0c-587547e5a3a4	MAJOR		yukyuel@gmail.com	false	INTENTIONAL	NOT_LINKED		"{softwareQuality=MAINTAINABILITY, severity=MEDIUM} / "	Either remove or fill this block of code.	2026-05-28T16:44:24+0000	false	"suspicious / "		Clinica-Santa-Monica:Clinica.WASM/Services/Api/AuthStateService.cs	false	{startLine=87.0, endLine=87.0, startOffset=14.0, endOffset=17.0}	5min	66f7e29d950751a7076c612a51838ebc	OPEN
2026-05-30T23:47:29+0000	13.0	csharpsquid:S4487	Clinica-Santa-Monica	5min	CODE_SMELL	CLEAR		OPEN		MAIN	-	63df5b53-bbc1-404c-be9c-60602b65c0b8	CRITICAL		yukyuel@gmail.com	false	INTENTIONAL	NOT_LINKED		"{softwareQuality=MAINTAINABILITY, severity=HIGH} / "	Remove this unread private field 'EstaCargando' or refactor the code to use its value.	2026-05-28T04:30:53+0000	false	"cwe / unused / "		Clinica-Santa-Monica:Clinica.WASM/Pages/Permisos/PermisosPage.razor.cs	false	{startLine=13.0, endLine=13.0, startOffset=17.0, endOffset=36.0}	5min	851461985f341a3cee4635a0456f3913	OPEN
2026-05-30T23:47:29+0000	13.0	external_roslyn:CS0414	Clinica-Santa-Monica	0min	CODE_SMELL	CONVENTIONAL		OPEN		MAIN	roslyn	da2edbb6-703f-4472-b64e-c40e7659974b	MAJOR		yukyuel@gmail.com	false	CONSISTENT	NOT_LINKED		"{softwareQuality=MAINTAINABILITY, severity=MEDIUM} / "	El campo 'PermisosPage.EstaCargando' está asignado pero su valor nunca se usa	2026-05-28T04:30:53+0000	false			Clinica-Santa-Monica:Clinica.WASM/Pages/Permisos/PermisosPage.razor.cs	false	{startLine=13.0, endLine=13.0, startOffset=17.0, endOffset=29.0}	0min	851461985f341a3cee4635a0456f3913	OPEN
2026-05-30T23:47:29+0000	40.0	external_roslyn:CS0105	Clinica-Santa-Monica	0min	CODE_SMELL	CONVENTIONAL		OPEN		MAIN	roslyn	79b315d4-14ec-40f8-ac5a-8c7d36db9f96	MAJOR		yukyuel@gmail.com	false	CONSISTENT	NOT_LINKED		"{softwareQuality=MAINTAINABILITY, severity=MEDIUM} / "	La directiva using para 'Clinica.WASM.DTOs.Permisos' aparece previamente en este espacio de nombres	2026-05-28T04:30:53+0000	false			Clinica-Santa-Monica:Clinica.WASM/_Imports.razor	false	{startLine=40.0, endLine=40.0, startOffset=7.0, endOffset=33.0}	0min	d29dd9b631ef0f030f70dc22b667c6cb	OPEN
2026-05-30T23:47:29+0000	79.0	external_roslyn:CS1998	Clinica-Santa-Monica	0min	CODE_SMELL	CONVENTIONAL		OPEN		MAIN	roslyn	b80a47ef-b9c4-400d-9ccd-eb7d19a04ebf	MAJOR		yukyuel@gmail.com	false	CONSISTENT	NOT_LINKED		"{softwareQuality=MAINTAINABILITY, severity=MEDIUM} / "	"El método asincrónico carece de operadores ""await"" y se ejecutará de forma sincrónica. Puede usar el operador 'await' para esperar llamadas API que no sean de bloqueo o 'await Task.Run(...)' para hacer tareas enlazadas a la CPU en un subproceso en segundo plano."	2026-05-28T03:52:44+0000	false			Clinica-Santa-Monica:Clinica.WASM/Components/Roles/AsignarPermisosDialog.razor	false	{startLine=79.0, endLine=79.0, startOffset=23.0, endOffset=35.0}	0min	186bb9f93b45eebb566455a86eab0876	OPEN
2026-05-30T23:47:29+0000	183.0	external_roslyn:CS8602	Clinica-Santa-Monica	0min	CODE_SMELL	CONVENTIONAL		OPEN		MAIN	roslyn	36f448e6-ac58-4d47-8ecd-6b49c5a64738	MAJOR		yukyuel@gmail.com	false	CONSISTENT	NOT_LINKED		"{softwareQuality=MAINTAINABILITY, severity=MEDIUM} / "	Desreferencia de una referencia posiblemente NULL.	2026-05-28T03:52:44+0000	false			Clinica-Santa-Monica:Clinica.WASM/Pages/Roles/RolesPage.razor.cs	false	{startLine=183.0, endLine=183.0, startOffset=13.0, endOffset=19.0}	0min	e414e10a8612cef5ddeac17f1c6e2cc3	OPEN
2026-05-30T23:47:29+0000	62.0	external_roslyn:CS1998	Clinica-Santa-Monica	0min	CODE_SMELL	CONVENTIONAL		OPEN		MAIN	roslyn	39c17079-8816-4450-962b-f5ab7c76fe40	MAJOR		yukyuel@gmail.com	false	CONSISTENT	NOT_LINKED		"{softwareQuality=MAINTAINABILITY, severity=MEDIUM} / "	"El método asincrónico carece de operadores ""await"" y se ejecutará de forma sincrónica. Puede usar el operador 'await' para esperar llamadas API que no sean de bloqueo o 'await Task.Run(...)' para hacer tareas enlazadas a la CPU en un subproceso en segundo plano."	2026-05-28T03:30:03+0000	false			Clinica-Santa-Monica:Clinica.WASM/Components/Usuarios/AsignarRolDialog.razor	false	{startLine=62.0, endLine=62.0, startOffset=23.0, endOffset=35.0}	0min	186bb9f93b45eebb566455a86eab0876	OPEN
2026-05-30T23:47:29+0000	206.0	external_roslyn:CS8602	Clinica-Santa-Monica	0min	CODE_SMELL	CONVENTIONAL		OPEN		MAIN	roslyn	4d562eef-941b-4737-8cb6-8f92f8dda8ec	MAJOR		yukyuel@gmail.com	false	CONSISTENT	NOT_LINKED		"{softwareQuality=MAINTAINABILITY, severity=MEDIUM} / "	Desreferencia de una referencia posiblemente NULL.	2026-05-28T03:30:03+0000	false			Clinica-Santa-Monica:Clinica.WASM/Pages/Usuarios/UsuariosPage.razor.cs	false	{startLine=206.0, endLine=206.0, startOffset=13.0, endOffset=19.0}	0min	84dd938b5e44ce67dd2b76430c1baf7a	OPEN
2026-05-30T23:47:29+0000	49.0	external_roslyn:CS1998	Clinica-Santa-Monica	0min	CODE_SMELL	CONVENTIONAL		OPEN		MAIN	roslyn	e66578db-7848-4bc9-a303-bf94997456e7	MAJOR		yukyuel@gmail.com	false	CONSISTENT	NOT_LINKED		"{softwareQuality=MAINTAINABILITY, severity=MEDIUM} / "	"El método asincrónico carece de operadores ""await"" y se ejecutará de forma sincrónica. Puede usar el operador 'await' para esperar llamadas API que no sean de bloqueo o 'await Task.Run(...)' para hacer tareas enlazadas a la CPU en un subproceso en segundo plano."	2026-05-27T20:36:17+0000	false			Clinica-Santa-Monica:Clinica.WASM/Components/Citas/CitaCancelarDialog.razor	false	{startLine=49.0, endLine=49.0, startOffset=23.0, endOffset=36.0}	0min	b8776e74375f065cd2623c9ede2dff8a	OPEN
2026-05-30T23:47:29+0000	76.0	external_roslyn:CS1998	Clinica-Santa-Monica	0min	CODE_SMELL	CONVENTIONAL		OPEN		MAIN	roslyn	973fd87b-075f-4756-bfb5-6ed2bede3652	MAJOR		yukyuel@gmail.com	false	CONSISTENT	NOT_LINKED		"{softwareQuality=MAINTAINABILITY, severity=MEDIUM} / "	"El método asincrónico carece de operadores ""await"" y se ejecutará de forma sincrónica. Puede usar el operador 'await' para esperar llamadas API que no sean de bloqueo o 'await Task.Run(...)' para hacer tareas enlazadas a la CPU en un subproceso en segundo plano."	2026-05-27T20:36:17+0000	false			Clinica-Santa-Monica:Clinica.WASM/Components/Citas/CitaReprogramarDialog.razor	false	{startLine=76.0, endLine=76.0, startOffset=23.0, endOffset=39.0}	0min	744288dd49f66457c020355e77c34e3f	OPEN
2026-05-30T23:47:29+0000	146.0	external_roslyn:CS8602	Clinica-Santa-Monica	0min	CODE_SMELL	CONVENTIONAL		OPEN		MAIN	roslyn	9ba014c7-c799-4953-b4ee-9b28b97ea8ab	MAJOR		yukyuel@gmail.com	false	CONSISTENT	NOT_LINKED		"{softwareQuality=MAINTAINABILITY, severity=MEDIUM} / "	Desreferencia de una referencia posiblemente NULL.	2026-05-27T20:36:17+0000	false			Clinica-Santa-Monica:Clinica.WASM/Pages/Citas/CitasPage.razor.cs	false	{startLine=146.0, endLine=146.0, startOffset=13.0, endOffset=19.0}	0min	a324d4b093e6a8b543a510009ddcb0fc	OPEN
2026-05-30T23:47:29+0000	167.0	external_roslyn:CS8602	Clinica-Santa-Monica	0min	CODE_SMELL	CONVENTIONAL		OPEN		MAIN	roslyn	57093b7d-38ae-440e-9b10-d5654d17e88b	MAJOR		yukyuel@gmail.com	false	CONSISTENT	NOT_LINKED		"{softwareQuality=MAINTAINABILITY, severity=MEDIUM} / "	Desreferencia de una referencia posiblemente NULL.	2026-05-27T20:36:17+0000	false			Clinica-Santa-Monica:Clinica.WASM/Pages/Citas/CitasPage.razor.cs	false	{startLine=167.0, endLine=167.0, startOffset=13.0, endOffset=19.0}	0min	d7a57e4daeb8745ceb9780db63e30d3a	OPEN
2026-05-30T23:47:29+0000	39.0	csharpsquid:S1192	Clinica-Santa-Monica	4min	CODE_SMELL	DISTINCT		OPEN	"{locations=[{component=Clinica-Santa-Monica:Clinica.API/Filters/AuditoriaAutomaticaFilter.cs, textRange={startLine=67.0, endLine=67.0, startOffset=41.0, endOffset=48.0}, msgFormattings=[]}]} / {locations=[{component=Clinica-Santa-Monica:Clinica.API/Filters/AuditoriaAutomaticaFilter.cs, textRange={startLine=136.0, endLine=136.0, startOffset=12.0, endOffset=19.0}, msgFormattings=[]}]} / {locations=[{component=Clinica-Santa-Monica:Clinica.API/Filters/AuditoriaAutomaticaFilter.cs, textRange={startLine=148.0, endLine=148.0, startOffset=12.0, endOffset=19.0}, msgFormattings=[]}]} / "	MAIN	-	4b082541-7de4-4411-80c0-91ba4b6f8b63	MINOR		yukyuel@gmail.com	false	ADAPTABLE	NOT_LINKED		"{softwareQuality=MAINTAINABILITY, severity=LOW} / "	Define a constant instead of using this literal 'PATCH' 4 times.	2026-05-15T01:12:06+0000	false	"design / "		Clinica-Santa-Monica:Clinica.API/Filters/AuditoriaAutomaticaFilter.cs	false	{startLine=39.0, endLine=39.0, startOffset=32.0, endOffset=39.0}	4min	2e868b2f1955043da5562fa2bc25870d	OPEN
2026-05-30T23:47:29+0000	69.0	csharpsquid:S1066	Clinica-Santa-Monica	5min	CODE_SMELL	CLEAR		OPEN	"{locations=[{component=Clinica-Santa-Monica:Clinica.API/Filters/AuditoriaAutomaticaFilter.cs, textRange={startLine=67.0, endLine=67.0, startOffset=8.0, endOffset=10.0}, msg=Merge this if statement with its nested one., msgFormattings=[]}]} / "	MAIN	-	9e698ac1-f2e9-4346-88de-9ff693ef7091	MAJOR		yukyuel@gmail.com	false	INTENTIONAL	NOT_LINKED		"{softwareQuality=MAINTAINABILITY, severity=MEDIUM} / "	Merge this if statement with the enclosing one.	2026-05-15T01:12:06+0000	false	"clumsy / "		Clinica-Santa-Monica:Clinica.API/Filters/AuditoriaAutomaticaFilter.cs	false	{startLine=69.0, endLine=69.0, startOffset=12.0, endOffset=14.0}	5min	fd459d3529d21ae4230d986c8c1e0067	OPEN
2026-05-30T23:47:29+0000	261.0	external_roslyn:CA1869	Clinica-Santa-Monica	0min	CODE_SMELL	CONVENTIONAL		OPEN		MAIN	roslyn	509cc334-c396-4820-912f-23461bf461ac	INFO		yukyuel@gmail.com	false	CONSISTENT	NOT_LINKED		"{softwareQuality=MAINTAINABILITY, severity=INFO} / "	"Evite crear una nueva instancia de ""JsonSerializerOptions"" para cada operación de serialización. En su lugar, almacene en caché y reutilice instancias."	2026-05-15T01:12:06+0000	false			Clinica-Santa-Monica:Clinica.API/Filters/AuditoriaAutomaticaFilter.cs	false	{startLine=261.0, endLine=265.0, startOffset=50.0, endOffset=9.0}	0min	23f48580aa0835d88977b05bad190e57	OPEN
2026-05-30T23:47:29+0000	79.0	external_roslyn:CA1869	Clinica-Santa-Monica	0min	CODE_SMELL	CONVENTIONAL		OPEN		MAIN	roslyn	43071dc7-2a10-49f0-9ad9-549153d54543	INFO		yukyuel@gmail.com	false	CONSISTENT	NOT_LINKED		"{softwareQuality=MAINTAINABILITY, severity=INFO} / "	"Evite crear una nueva instancia de ""JsonSerializerOptions"" para cada operación de serialización. En su lugar, almacene en caché y reutilice instancias."	2026-05-15T01:12:06+0000	false			Clinica-Santa-Monica:Clinica.API/Middlewares/ExceptionMiddleware.cs	false	{startLine=79.0, endLine=82.0, startOffset=55.0, endOffset=9.0}	0min	8501491a6b0781f7be7a7deb167acbfa	OPEN
2026-05-30T23:47:29+0000	291.0	csharpsquid:S1118	Clinica-Santa-Monica	10min	CODE_SMELL	CLEAR		OPEN		MAIN	-	f5e4a547-50a6-4337-8736-1c7ef05b9a5a	MAJOR		yukyuel@gmail.com	false	INTENTIONAL	NOT_LINKED		"{softwareQuality=MAINTAINABILITY, severity=MEDIUM} / "	Add a 'protected' constructor or the 'static' keyword to the class declaration.	2026-05-15T01:12:06+0000	false	"design / "		Clinica-Santa-Monica:Clinica.API/Program.cs	false	{startLine=291.0, endLine=291.0, startOffset=21.0, endOffset=28.0}	10min	c65d7262225e479c211afd60b3418b45	OPEN
2026-05-30T23:47:29+0000	77.0	csharpsquid:S1481	Clinica-Santa-Monica	5min	CODE_SMELL	CLEAR		OPEN		MAIN	-	a76a1ffe-b8f1-4b28-9b86-40a2a16b5d9e	MINOR		yukyuel@gmail.com	false	INTENTIONAL	NOT_LINKED		"{softwareQuality=MAINTAINABILITY, severity=LOW} / "	Remove the unused local variable 'doctor'.	2026-05-15T01:12:06+0000	false	"unused / "		Clinica-Santa-Monica:Clinica.API/Services/Imp/CitaService.cs	false	{startLine=77.0, endLine=77.0, startOffset=12.0, endOffset=18.0}	5min	81b488225831883ac1cbd825cba33282	OPEN
2026-06-22T04:22:54+0000	71.0	csharpsquid:S1192	Clinica-Santa-Monica	4min	CODE_SMELL	DISTINCT		OPEN	"{locations=[{component=Clinica-Santa-Monica:Clinica.API/Services/Imp/ComprobanteService.cs, textRange={startLine=92.0, endLine=92.0, startOffset=66.0, endOffset=84.0}, msgFormattings=[]}]} / {locations=[{component=Clinica-Santa-Monica:Clinica.API/Services/Imp/ComprobanteService.cs, textRange={startLine=170.0, endLine=170.0, startOffset=59.0, endOffset=77.0}, msgFormattings=[]}]} / {locations=[{component=Clinica-Santa-Monica:Clinica.API/Services/Imp/ComprobanteService.cs, textRange={startLine=190.0, endLine=190.0, startOffset=58.0, endOffset=76.0}, msgFormattings=[]}]} / {locations=[{component=Clinica-Santa-Monica:Clinica.API/Services/Imp/ComprobanteService.cs, textRange={startLine=785.0, endLine=785.0, startOffset=59.0, endOffset=77.0}, msgFormattings=[]}]} / {locations=[{component=Clinica-Santa-Monica:Clinica.API/Services/Imp/ComprobanteService.cs, textRange={startLine=826.0, endLine=826.0, startOffset=77.0, endOffset=95.0}, msgFormattings=[]}]} / {locations=[{component=Clinica-Santa-Monica:Clinica.API/Services/Imp/ComprobanteService.cs, textRange={startLine=878.0, endLine=878.0, startOffset=56.0, endOffset=74.0}, msgFormattings=[]}]} / {locations=[{component=Clinica-Santa-Monica:Clinica.API/Services/Imp/ComprobanteService.cs, textRange={startLine=917.0, endLine=917.0, startOffset=60.0, endOffset=78.0}, msgFormattings=[]}]} / "	MAIN	-	781b5af9-26b1-4a7c-8be3-46216cfd050c	MINOR		yukyuel@gmail.com	false	ADAPTABLE	NOT_LINKED		"{softwareQuality=MAINTAINABILITY, severity=LOW} / "	Define a constant instead of using this literal 'Servicio clínico' 8 times.	2026-05-15T01:12:06+0000	false	"design / "		Clinica-Santa-Monica:Clinica.API/Services/Imp/ComprobanteService.cs	false	{startLine=71.0, endLine=71.0, startOffset=55.0, endOffset=73.0}	4min	4d51859b30a64e580a198576761f2a4d	OPEN
2026-05-30T23:47:29+0000	209.0	csharpsquid:S1192	Clinica-Santa-Monica	4min	CODE_SMELL	DISTINCT		OPEN	"{locations=[{component=Clinica-Santa-Monica:Clinica.API/Services/Imp/ComprobanteService.cs, textRange={startLine=346.0, endLine=346.0, startOffset=48.0, endOffset=98.0}, msgFormattings=[]}]} / {locations=[{component=Clinica-Santa-Monica:Clinica.API/Services/Imp/ComprobanteService.cs, textRange={startLine=475.0, endLine=475.0, startOffset=48.0, endOffset=98.0}, msgFormattings=[]}]} / {locations=[{component=Clinica-Santa-Monica:Clinica.API/Services/Imp/ComprobanteService.cs, textRange={startLine=645.0, endLine=645.0, startOffset=48.0, endOffset=98.0}, msgFormattings=[]}]} / {locations=[{component=Clinica-Santa-Monica:Clinica.API/Services/Imp/ComprobanteService.cs, textRange={startLine=673.0, endLine=673.0, startOffset=48.0, endOffset=98.0}, msgFormattings=[]}]} / {locations=[{component=Clinica-Santa-Monica:Clinica.API/Services/Imp/ComprobanteService.cs, textRange={startLine=711.0, endLine=711.0, startOffset=48.0, endOffset=98.0}, msgFormattings=[]}]} / "	MAIN	-	efd84356-d92c-44d6-a3cc-a7598b630506	MINOR		yukyuel@gmail.com	false	ADAPTABLE	NOT_LINKED		"{softwareQuality=MAINTAINABILITY, severity=LOW} / "	Define a constant instead of using this literal 'El identificador del comprobante es obligatorio.' 6 times.	2026-05-15T01:12:06+0000	false	"design / "		Clinica-Santa-Monica:Clinica.API/Services/Imp/ComprobanteService.cs	false	{startLine=209.0, endLine=209.0, startOffset=48.0, endOffset=98.0}	4min	90b643594ad0e3977115286b768f87ab	OPEN
2026-05-30T23:47:29+0000	212.0	csharpsquid:S1192	Clinica-Santa-Monica	4min	CODE_SMELL	DISTINCT		OPEN	"{locations=[{component=Clinica-Santa-Monica:Clinica.API/Services/Imp/ComprobanteService.cs, textRange={startLine=349.0, endLine=349.0, startOffset=46.0, endOffset=74.0}, msgFormattings=[]}]} / {locations=[{component=Clinica-Santa-Monica:Clinica.API/Services/Imp/ComprobanteService.cs, textRange={startLine=478.0, endLine=478.0, startOffset=46.0, endOffset=74.0}, msgFormattings=[]}]} / {locations=[{component=Clinica-Santa-Monica:Clinica.API/Services/Imp/ComprobanteService.cs, textRange={startLine=648.0, endLine=648.0, startOffset=46.0, endOffset=74.0}, msgFormattings=[]}]} / {locations=[{component=Clinica-Santa-Monica:Clinica.API/Services/Imp/ComprobanteService.cs, textRange={startLine=676.0, endLine=676.0, startOffset=46.0, endOffset=74.0}, msgFormattings=[]}]} / {locations=[{component=Clinica-Santa-Monica:Clinica.API/Services/Imp/ComprobanteService.cs, textRange={startLine=717.0, endLine=717.0, startOffset=46.0, endOffset=74.0}, msgFormattings=[]}]} / "	MAIN	-	cadd2247-732e-49f6-b65b-9c5ccf60679e	MINOR		yukyuel@gmail.com	false	ADAPTABLE	NOT_LINKED		"{softwareQuality=MAINTAINABILITY, severity=LOW} / "	Define a constant instead of using this literal 'Comprobante no encontrado.' 6 times.	2026-05-15T01:12:06+0000	false	"design / "		Clinica-Santa-Monica:Clinica.API/Services/Imp/ComprobanteService.cs	false	{startLine=212.0, endLine=212.0, startOffset=46.0, endOffset=74.0}	4min	bcb48090e37d2d43e07f18a5d9bbd315	OPEN
2026-05-30T23:47:29+0000	218.0	csharpsquid:S1192	Clinica-Santa-Monica	4min	CODE_SMELL	DISTINCT		OPEN	"{locations=[{component=Clinica-Santa-Monica:Clinica.API/Services/Imp/ComprobanteService.cs, textRange={startLine=355.0, endLine=355.0, startOffset=48.0, endOffset=100.0}, msgFormattings=[]}]} / {locations=[{component=Clinica-Santa-Monica:Clinica.API/Services/Imp/ComprobanteService.cs, textRange={startLine=484.0, endLine=484.0, startOffset=48.0, endOffset=100.0}, msgFormattings=[]}]} / {locations=[{component=Clinica-Santa-Monica:Clinica.API/Services/Imp/ComprobanteService.cs, textRange={startLine=654.0, endLine=654.0, startOffset=48.0, endOffset=100.0}, msgFormattings=[]}]} / "	MAIN	-	b6412263-32cb-4ea1-b2d1-0cb835d5347f	MINOR		yukyuel@gmail.com	false	ADAPTABLE	NOT_LINKED		"{softwareQuality=MAINTAINABILITY, severity=LOW} / "	Define a constant instead of using this literal 'No se puede generar PDF de un comprobante anulado.' 4 times.	2026-05-15T01:12:06+0000	false	"design / "		Clinica-Santa-Monica:Clinica.API/Services/Imp/ComprobanteService.cs	false	{startLine=218.0, endLine=218.0, startOffset=48.0, endOffset=100.0}	4min	8173abc7a91d2ac88503c7638c3629d1	OPEN
2026-05-30T23:47:29+0000	226.0	csharpsquid:S1192	Clinica-Santa-Monica	4min	CODE_SMELL	DISTINCT		OPEN	"{locations=[{component=Clinica-Santa-Monica:Clinica.API/Services/Imp/ComprobanteService.cs, textRange={startLine=363.0, endLine=363.0, startOffset=26.0, endOffset=43.0}, msgFormattings=[]}]} / {locations=[{component=Clinica-Santa-Monica:Clinica.API/Services/Imp/ComprobanteService.cs, textRange={startLine=497.0, endLine=497.0, startOffset=26.0, endOffset=43.0}, msgFormattings=[]}]} / {locations=[{component=Clinica-Santa-Monica:Clinica.API/Services/Imp/ComprobanteService.cs, textRange={startLine=662.0, endLine=662.0, startOffset=26.0, endOffset=43.0}, msgFormattings=[]}]} / "	MAIN	-	d09782a1-6be9-4163-8eba-3c3661ad15e4	MINOR		yukyuel@gmail.com	false	ADAPTABLE	NOT_LINKED		"{softwareQuality=MAINTAINABILITY, severity=LOW} / "	Define a constant instead of using this literal 'application/pdf' 4 times.	2026-05-15T01:12:06+0000	false	"design / "		Clinica-Santa-Monica:Clinica.API/Services/Imp/ComprobanteService.cs	false	{startLine=226.0, endLine=226.0, startOffset=26.0, endOffset=43.0}	4min	afb5caa6bf6125fc88be5339208626db	OPEN
2026-05-30T23:47:29+0000	320.0	external_roslyn:CA1860	Clinica-Santa-Monica	0min	CODE_SMELL	CONVENTIONAL		OPEN		MAIN	roslyn	6d052f29-f3ea-4fa1-9f02-8f9a3ae602b6	INFO		yukyuel@gmail.com	false	CONSISTENT	NOT_LINKED		"{softwareQuality=MAINTAINABILITY, severity=INFO} / "	"Es preferible comparar ""Count"" con 0 en lugar de usar ""Any()"", tanto por claridad como por rendimiento."	2026-05-15T01:12:06+0000	false			Clinica-Santa-Monica:Clinica.API/Services/Imp/FinanzasService.cs	false	{startLine=320.0, endLine=320.0, startOffset=13.0, endOffset=32.0}	0min	cdb5e8d25ea9a818c35cb98f93925ef8	OPEN
2026-05-30T23:47:29+0000	609.0	csharpsquid:S6608	Clinica-Santa-Monica	5min	CODE_SMELL	EFFICIENT		OPEN		MAIN	-	dd63b7b5-fcf8-4b91-8f25-86a53943a33e	MINOR		yukyuel@gmail.com	false	INTENTIONAL	NOT_LINKED		"{softwareQuality=MAINTAINABILITY, severity=LOW} / "	"Indexing at 0 should be used instead of the ""Enumerable"" extension method ""First"""	2026-05-15T01:12:06+0000	false	"performance / "		Clinica-Santa-Monica:Clinica.API/Services/Imp/FinanzasService.cs	false	{startLine=609.0, endLine=609.0, startOffset=31.0, endOffset=36.0}	5min	ba4a7a00b04db1444f106691bcf11811	OPEN
2026-05-30T23:47:29+0000	5.0	csharpsquid:S3993	Clinica-Santa-Monica	5min	CODE_SMELL	CONVENTIONAL		OPEN		MAIN	-	f6deb000-97e0-4d80-aa22-c46ebd91ae1d	MAJOR		yukyuel@gmail.com	false	CONSISTENT	NOT_LINKED		"{softwareQuality=MAINTAINABILITY, severity=MEDIUM} / "	Specify AttributeUsage on 'NotEmptyGuidAttribute'.	2026-05-15T01:12:06+0000	false	"api-design / "		Clinica-Santa-Monica:Clinica.Domain/Validations/NotEmptyGuidAttribute.cs	false	{startLine=5.0, endLine=5.0, startOffset=13.0, endOffset=34.0}	5min	7e2e11535ea355f4045a477d0f8df22e	OPEN
2026-05-30T23:47:29+0000	34.0	csharpsquid:S1192	Clinica-Santa-Monica	4min	CODE_SMELL	DISTINCT		OPEN	"{locations=[{component=Clinica-Santa-Monica:Clinica.Infrastructure/Data/Seeds/DataSeeder.cs, textRange={startLine=35.0, endLine=35.0, startOffset=84.0, endOffset=91.0}, msgFormattings=[]}]} / {locations=[{component=Clinica-Santa-Monica:Clinica.Infrastructure/Data/Seeds/DataSeeder.cs, textRange={startLine=36.0, endLine=36.0, startOffset=88.0, endOffset=95.0}, msgFormattings=[]}]} / {locations=[{component=Clinica-Santa-Monica:Clinica.Infrastructure/Data/Seeds/DataSeeder.cs, textRange={startLine=37.0, endLine=37.0, startOffset=82.0, endOffset=89.0}, msgFormattings=[]}]} / "	MAIN	-	3023982b-6517-4c74-8752-2215f64ecc18	MINOR		yukyuel@gmail.com	false	ADAPTABLE	NOT_LINKED		"{softwareQuality=MAINTAINABILITY, severity=LOW} / "	Define a constant instead of using this literal 'Citas' 4 times.	2026-05-15T01:12:06+0000	false	"design / "		Clinica-Santa-Monica:Clinica.Infrastructure/Data/Seeds/DataSeeder.cs	false	{startLine=34.0, endLine=34.0, startOffset=72.0, endOffset=79.0}	4min	f0ddd813e09c87fdb55a7e5cf034911e	OPEN
2026-05-30T23:47:29+0000	71.0	csharpsquid:S1192	Clinica-Santa-Monica	4min	CODE_SMELL	DISTINCT		OPEN	"{locations=[{component=Clinica-Santa-Monica:Clinica.Infrastructure/Data/Seeds/DataSeeder.cs, textRange={startLine=72.0, endLine=72.0, startOffset=82.0, endOffset=92.0}, msgFormattings=[]}]} / {locations=[{component=Clinica-Santa-Monica:Clinica.Infrastructure/Data/Seeds/DataSeeder.cs, textRange={startLine=73.0, endLine=73.0, startOffset=84.0, endOffset=94.0}, msgFormattings=[]}]} / {locations=[{component=Clinica-Santa-Monica:Clinica.Infrastructure/Data/Seeds/DataSeeder.cs, textRange={startLine=74.0, endLine=74.0, startOffset=95.0, endOffset=105.0}, msgFormattings=[]}]} / "	MAIN	-	38a9bb18-ff93-4db7-bf31-6af8e08d4281	MINOR		yukyuel@gmail.com	false	ADAPTABLE	NOT_LINKED		"{softwareQuality=MAINTAINABILITY, severity=LOW} / "	Define a constant instead of using this literal 'Usuarios' 4 times.	2026-05-15T01:12:06+0000	false	"design / "		Clinica-Santa-Monica:Clinica.Infrastructure/Data/Seeds/DataSeeder.cs	false	{startLine=71.0, endLine=71.0, startOffset=78.0, endOffset=88.0}	4min	d79fda506553afe172ae4f1e56b6919a	OPEN
2026-05-30T23:47:29+0000	77.0	csharpsquid:S1192	Clinica-Santa-Monica	4min	CODE_SMELL	DISTINCT		OPEN	"{locations=[{component=Clinica-Santa-Monica:Clinica.Infrastructure/Data/Seeds/DataSeeder.cs, textRange={startLine=78.0, endLine=78.0, startOffset=75.0, endOffset=82.0}, msgFormattings=[]}]} / {locations=[{component=Clinica-Santa-Monica:Clinica.Infrastructure/Data/Seeds/DataSeeder.cs, textRange={startLine=79.0, endLine=79.0, startOffset=77.0, endOffset=84.0}, msgFormattings=[]}]} / {locations=[{component=Clinica-Santa-Monica:Clinica.Infrastructure/Data/Seeds/DataSeeder.cs, textRange={startLine=80.0, endLine=80.0, startOffset=97.0, endOffset=104.0}, msgFormattings=[]}]} / "	MAIN	-	7ada3864-86a1-4ff1-b681-61c70216683b	MINOR		yukyuel@gmail.com	false	ADAPTABLE	NOT_LINKED		"{softwareQuality=MAINTAINABILITY, severity=LOW} / "	Define a constant instead of using this literal 'Roles' 4 times.	2026-05-15T01:12:06+0000	false	"design / "		Clinica-Santa-Monica:Clinica.Infrastructure/Data/Seeds/DataSeeder.cs	false	{startLine=77.0, endLine=77.0, startOffset=71.0, endOffset=78.0}	4min	6458936241593e89b47b222c7529e510	OPEN
2026-05-30T23:47:29+0000	89.0	csharpsquid:S1192	Clinica-Santa-Monica	4min	CODE_SMELL	DISTINCT		OPEN	"{locations=[{component=Clinica-Santa-Monica:Clinica.Infrastructure/Data/Seeds/DataSeeder.cs, textRange={startLine=90.0, endLine=90.0, startOffset=92.0, endOffset=106.0}, msgFormattings=[]}]} / {locations=[{component=Clinica-Santa-Monica:Clinica.Infrastructure/Data/Seeds/DataSeeder.cs, textRange={startLine=91.0, endLine=91.0, startOffset=92.0, endOffset=106.0}, msgFormattings=[]}]} / {locations=[{component=Clinica-Santa-Monica:Clinica.Infrastructure/Data/Seeds/DataSeeder.cs, textRange={startLine=92.0, endLine=92.0, startOffset=96.0, endOffset=110.0}, msgFormattings=[]}]} / "	MAIN	-	72108f3c-d0b3-4dd4-876e-776174df4408	MINOR		yukyuel@gmail.com	false	ADAPTABLE	NOT_LINKED		"{softwareQuality=MAINTAINABILITY, severity=LOW} / "	Define a constant instead of using this literal 'Comprobantes' 4 times.	2026-05-15T01:12:06+0000	false	"design / "		Clinica-Santa-Monica:Clinica.Infrastructure/Data/Seeds/DataSeeder.cs	false	{startLine=89.0, endLine=89.0, startOffset=86.0, endOffset=100.0}	4min	70c00656e729d8c001b44c5939229a9d	OPEN
2026-06-22T04:22:54+0000	171.0	csharpsquid:S3267	Clinica-Santa-Monica	5min	CODE_SMELL	CLEAR		OPEN	"{locations=[{component=Clinica-Santa-Monica:Clinica.Infrastructure/Data/Seeds/DataSeeder.cs, textRange={startLine=173.0, endLine=173.0, startOffset=20.0, endOffset=65.0}, msgFormattings=[]}]} / "	MAIN	-	db5d6ac0-2090-426b-bcc3-4a59fd75a2bf	MINOR		yukyuel@gmail.com	false	INTENTIONAL	NOT_LINKED		"{softwareQuality=MAINTAINABILITY, severity=LOW} / "	"Loops should be simplified using the ""Where"" LINQ method"	2026-05-15T01:12:06+0000	false			Clinica-Santa-Monica:Clinica.Infrastructure/Data/Seeds/DataSeeder.cs	false	{startLine=171.0, endLine=171.0, startOffset=36.0, endOffset=44.0}	5min	375a62cfe0e785ad6554f7f9cf9d2fcb	OPEN
2026-05-30T23:47:29+0000	3.0	csharpsquid:S2094	Clinica-Santa-Monica	5min	CODE_SMELL	CLEAR		OPEN		MAIN	-	86401300-e81d-4a2b-9382-6ba43ab16d92	MINOR		yukyuel@gmail.com	false	INTENTIONAL	NOT_LINKED		"{softwareQuality=MAINTAINABILITY, severity=LOW} / "	"Remove this empty class, write its code or make it an ""interface""."	2026-05-15T01:12:06+0000	false	"clumsy / "		Clinica-Santa-Monica:Clinica.Infrastructure/Documents/Comprobantes/Pdf/BoletaPagoPdfDocument.cs	false	{startLine=3.0, endLine=3.0, startOffset=13.0, endOffset=34.0}	5min	e6ea7c1c5cc04607c6b2929b4387e6a5	OPEN
2026-05-30T23:47:29+0000	3.0	csharpsquid:S2094	Clinica-Santa-Monica	5min	CODE_SMELL	CLEAR		OPEN		MAIN	-	cb6cc3df-2bd1-4f24-a190-3f4483a5b9d9	MINOR		yukyuel@gmail.com	false	INTENTIONAL	NOT_LINKED		"{softwareQuality=MAINTAINABILITY, severity=LOW} / "	"Remove this empty class, write its code or make it an ""interface""."	2026-05-15T01:12:06+0000	false	"clumsy / "		Clinica-Santa-Monica:Clinica.Infrastructure/Documents/Comprobantes/Pdf/ConstanciaCitaPdfDocument.cs	false	{startLine=3.0, endLine=3.0, startOffset=13.0, endOffset=38.0}	5min	a9ee9941bb699d68e0224a8f6451d3e0	OPEN
2026-05-30T23:47:29+0000	3.0	csharpsquid:S2094	Clinica-Santa-Monica	5min	CODE_SMELL	CLEAR		OPEN		MAIN	-	06dc4703-37ab-46d3-ab01-8870b9e7749c	MINOR		yukyuel@gmail.com	false	INTENTIONAL	NOT_LINKED		"{softwareQuality=MAINTAINABILITY, severity=LOW} / "	"Remove this empty class, write its code or make it an ""interface""."	2026-05-15T01:12:06+0000	false	"clumsy / "		Clinica-Santa-Monica:Clinica.Infrastructure/Documents/Comprobantes/Pdf/EstadoCuentaPacientePdfDocument.cs	false	{startLine=3.0, endLine=3.0, startOffset=13.0, endOffset=44.0}	5min	1d31f5ce70ce6a80f247a0f40d1882b0	OPEN
2026-05-30T23:47:29+0000	3.0	csharpsquid:S2094	Clinica-Santa-Monica	5min	CODE_SMELL	CLEAR		OPEN		MAIN	-	5fad1b0b-17cf-48f2-97ab-24d9ea1281e5	MINOR		yukyuel@gmail.com	false	INTENTIONAL	NOT_LINKED		"{softwareQuality=MAINTAINABILITY, severity=LOW} / "	"Remove this empty class, write its code or make it an ""interface""."	2026-05-15T01:12:06+0000	false	"clumsy / "		Clinica-Santa-Monica:Clinica.Infrastructure/Documents/Comprobantes/Pdf/ReporteCajaDiarioPdfDocument.cs	false	{startLine=3.0, endLine=3.0, startOffset=13.0, endOffset=41.0}	5min	9887f4436a84c9eda51d3f5278f7c70e	OPEN
2026-05-30T23:47:29+0000	3.0	csharpsquid:S2094	Clinica-Santa-Monica	5min	CODE_SMELL	CLEAR		OPEN		MAIN	-	eb29a3a8-36eb-468d-8541-4679b9b7d178	MINOR		yukyuel@gmail.com	false	INTENTIONAL	NOT_LINKED		"{softwareQuality=MAINTAINABILITY, severity=LOW} / "	"Remove this empty class, write its code or make it an ""interface""."	2026-05-15T01:12:06+0000	false	"clumsy / "		Clinica-Santa-Monica:Clinica.Infrastructure/Documents/Comprobantes/Pdf/ResumenAtencionPdfDocument.cs	false	{startLine=3.0, endLine=3.0, startOffset=13.0, endOffset=39.0}	5min	4da40ac0bf5c24025797468076d86e2f	OPEN
2026-05-30T23:47:29+0000	63.0	external_roslyn:CA1862	Clinica-Santa-Monica	0min	CODE_SMELL	CONVENTIONAL		OPEN		MAIN	roslyn	848278cc-6ab4-49bb-aff3-e0b0720ae944	INFO		yukyuel@gmail.com	false	CONSISTENT	NOT_LINKED		"{softwareQuality=MAINTAINABILITY, severity=INFO} / "	"Prefiera usar ""string.Equals(string, StringComparison)"" para realizar una comparación sin distinción de mayúsculas y minúsculas, pero tenga en cuenta que esto puede provocar cambios sutiles en el comportamiento, por lo que asegúrese de realizar pruebas exhaustivas después de aplicar la sugerencia, o si no se requiere una comparación culturalmente confidencial, considere la posibilidad de usar ""StringComparison.OrdinalIgnoreCase"""	2026-05-15T01:12:06+0000	false			Clinica-Santa-Monica:Clinica.Infrastructure/Repositories/AjusteFinancieroRepository.cs	false	{startLine=63.0, endLine=63.0, startOffset=16.0, endOffset=62.0}	0min	1abb95f915ba7394949a4aa27f31ce12	OPEN
2026-05-30T23:47:29+0000	193.0	csharpsquid:S1144	Clinica-Santa-Monica	2min	CODE_SMELL	CLEAR		OPEN		MAIN	-	d52876fa-b01e-40e7-90ee-1d3e11815b09	MAJOR		yukyuel@gmail.com	false	INTENTIONAL	NOT_LINKED		"{softwareQuality=MAINTAINABILITY, severity=MEDIUM} / "	Remove the unused private method 'Cerrar'.	2026-05-15T01:12:06+0000	false	"unused / "		Clinica-Santa-Monica:Clinica.WASM/Components/Pacientes/PacienteDetalleDialog.razor	false	{startLine=193.0, endLine=193.0, startOffset=17.0, endOffset=23.0}	2min	944a3fcedf520b5c13002e4aaef18c3d	OPEN
2026-05-30T23:47:29+0000	8.0	csharpsquid:S2325	Clinica-Santa-Monica	5min	CODE_SMELL	CLEAR		OPEN		MAIN	-	0d992142-8f66-491e-84ca-56ce9ef3bc0e	MINOR		yukyuel@gmail.com	false	INTENTIONAL	NOT_LINKED		"{softwareQuality=MAINTAINABILITY, severity=LOW} / "	Make 'ObtenerMensajeErrorAsync' a static method.	2026-05-15T01:12:06+0000	false	"pitfall / "		Clinica-Santa-Monica:Clinica.WASM/Services/Api/ApiErrorService.cs	false	{startLine=8.0, endLine=8.0, startOffset=30.0, endOffset=54.0}	5min	869663907ebc8af19f3f391409fb1e28	OPEN
2026-05-30T23:47:29+0000	8.0	external_roslyn:CA1822	Clinica-Santa-Monica	0min	CODE_SMELL	CONVENTIONAL		OPEN		MAIN	roslyn	2eead41c-a245-42e1-9c84-dc5c91f1c66f	INFO		yukyuel@gmail.com	false	CONSISTENT	NOT_LINKED		"{softwareQuality=MAINTAINABILITY, severity=INFO} / "	"El miembro ""ObtenerMensajeErrorAsync"" no tiene acceso a los datos de la instancia y se puede marcar como static."	2026-05-15T01:12:06+0000	false			Clinica-Santa-Monica:Clinica.WASM/Services/Api/ApiErrorService.cs	false	{startLine=8.0, endLine=8.0, startOffset=30.0, endOffset=54.0}	0min	869663907ebc8af19f3f391409fb1e28	OPEN
2026-05-30T23:47:29+0000	29.0	csharpsquid:S1192	Clinica-Santa-Monica	4min	CODE_SMELL	DISTINCT		OPEN	"{locations=[{component=Clinica-Santa-Monica:Clinica.WASM/Services/Auth/TokenStorageService.cs, textRange={startLine=30.0, endLine=30.0, startOffset=41.0, endOffset=63.0}, msgFormattings=[]}]} / {locations=[{component=Clinica-Santa-Monica:Clinica.WASM/Services/Auth/TokenStorageService.cs, textRange={startLine=31.0, endLine=31.0, startOffset=41.0, endOffset=63.0}, msgFormattings=[]}]} / {locations=[{component=Clinica-Santa-Monica:Clinica.WASM/Services/Auth/TokenStorageService.cs, textRange={startLine=32.0, endLine=32.0, startOffset=41.0, endOffset=63.0}, msgFormattings=[]}]} / {locations=[{component=Clinica-Santa-Monica:Clinica.WASM/Services/Auth/TokenStorageService.cs, textRange={startLine=33.0, endLine=33.0, startOffset=41.0, endOffset=63.0}, msgFormattings=[]}]} / {locations=[{component=Clinica-Santa-Monica:Clinica.WASM/Services/Auth/TokenStorageService.cs, textRange={startLine=34.0, endLine=34.0, startOffset=41.0, endOffset=63.0}, msgFormattings=[]}]} / "	MAIN	-	aa6ddf54-7b3f-4134-be55-95d74eebc406	MINOR		yukyuel@gmail.com	false	ADAPTABLE	NOT_LINKED		"{softwareQuality=MAINTAINABILITY, severity=LOW} / "	Define a constant instead of using this literal 'localStorage.setItem' 6 times.	2026-05-15T01:12:06+0000	false	"design / "		Clinica-Santa-Monica:Clinica.WASM/Services/Auth/TokenStorageService.cs	false	{startLine=29.0, endLine=29.0, startOffset=41.0, endOffset=63.0}	4min	d6ea8547e6251dcc7a6826452e4a40e4	OPEN
2026-05-30T23:47:29+0000	39.0	csharpsquid:S1192	Clinica-Santa-Monica	4min	CODE_SMELL	DISTINCT		OPEN	"{locations=[{component=Clinica-Santa-Monica:Clinica.WASM/Services/Auth/TokenStorageService.cs, textRange={startLine=44.0, endLine=44.0, startOffset=53.0, endOffset=75.0}, msgFormattings=[]}]} / {locations=[{component=Clinica-Santa-Monica:Clinica.WASM/Services/Auth/TokenStorageService.cs, textRange={startLine=49.0, endLine=49.0, startOffset=53.0, endOffset=75.0}, msgFormattings=[]}]} / {locations=[{component=Clinica-Santa-Monica:Clinica.WASM/Services/Auth/TokenStorageService.cs, textRange={startLine=54.0, endLine=54.0, startOffset=53.0, endOffset=75.0}, msgFormattings=[]}]} / {locations=[{component=Clinica-Santa-Monica:Clinica.WASM/Services/Auth/TokenStorageService.cs, textRange={startLine=59.0, endLine=59.0, startOffset=58.0, endOffset=80.0}, msgFormattings=[]}]} / {locations=[{component=Clinica-Santa-Monica:Clinica.WASM/Services/Auth/TokenStorageService.cs, textRange={startLine=68.0, endLine=68.0, startOffset=61.0, endOffset=83.0}, msgFormattings=[]}]} / "	MAIN	-	eb1cab53-c3e3-4d0e-96ec-10b744cdfd3c	MINOR		yukyuel@gmail.com	false	ADAPTABLE	NOT_LINKED		"{softwareQuality=MAINTAINABILITY, severity=LOW} / "	Define a constant instead of using this literal 'localStorage.getItem' 6 times.	2026-05-15T01:12:06+0000	false	"design / "		Clinica-Santa-Monica:Clinica.WASM/Services/Auth/TokenStorageService.cs	false	{startLine=39.0, endLine=39.0, startOffset=53.0, endOffset=75.0}	4min	d40a5da79ed20593d7347842234b2366	OPEN
2026-05-30T23:47:29+0000	77.0	csharpsquid:S1192	Clinica-Santa-Monica	4min	CODE_SMELL	DISTINCT		OPEN	"{locations=[{component=Clinica-Santa-Monica:Clinica.WASM/Services/Auth/TokenStorageService.cs, textRange={startLine=78.0, endLine=78.0, startOffset=41.0, endOffset=66.0}, msgFormattings=[]}]} / {locations=[{component=Clinica-Santa-Monica:Clinica.WASM/Services/Auth/TokenStorageService.cs, textRange={startLine=79.0, endLine=79.0, startOffset=41.0, endOffset=66.0}, msgFormattings=[]}]} / {locations=[{component=Clinica-Santa-Monica:Clinica.WASM/Services/Auth/TokenStorageService.cs, textRange={startLine=80.0, endLine=80.0, startOffset=41.0, endOffset=66.0}, msgFormattings=[]}]} / {locations=[{component=Clinica-Santa-Monica:Clinica.WASM/Services/Auth/TokenStorageService.cs, textRange={startLine=81.0, endLine=81.0, startOffset=41.0, endOffset=66.0}, msgFormattings=[]}]} / {locations=[{component=Clinica-Santa-Monica:Clinica.WASM/Services/Auth/TokenStorageService.cs, textRange={startLine=82.0, endLine=82.0, startOffset=41.0, endOffset=66.0}, msgFormattings=[]}]} / "	MAIN	-	3c736500-ed0c-44ed-99b9-b0e4464ef701	MINOR		yukyuel@gmail.com	false	ADAPTABLE	NOT_LINKED		"{softwareQuality=MAINTAINABILITY, severity=LOW} / "	Define a constant instead of using this literal 'localStorage.removeItem' 6 times.	2026-05-15T01:12:06+0000	false	"design / "		Clinica-Santa-Monica:Clinica.WASM/Services/Auth/TokenStorageService.cs	false	{startLine=77.0, endLine=77.0, startOffset=41.0, endOffset=66.0}	4min	fc9d0a0274ca39be08e96a3b0df7d48f	OPEN
