ID,Petición (Tiempo),Marca de tiempo Respuesta,Método,URL,Código,Razón,RTT,Tamaño de la Cabecera de Respuesta,Respuesta (Tamaño del cuerpo)
113767,Tue Jun 23 11:46:26 PET 2026,Tue Jun 23 11:46:27 PET 2026,POST,https://localhost:7241/api/auth/login,200,OK,127,420,2643
113961,Tue Jun 23 11:46:28 PET 2026,Tue Jun 23 11:46:29 PET 2026,POST,https://localhost:7241/api/auth/login,200,OK,110,420,2643
114285,Tue Jun 23 11:46:38 PET 2026,Tue Jun 23 11:46:38 PET 2026,POST,https://localhost:7241/api/Auth/login,400,Bad Request,2,428,261
114495,Tue Jun 23 11:46:40 PET 2026,Tue Jun 23 11:46:40 PET 2026,POST,https://localhost:7241/api/Auth/login,400,Bad Request,2,428,260
113823,Tue Jun 23 11:46:27 PET 2026,Tue Jun 23 11:46:27 PET 2026,POST,https://localhost:7241/api/auth/login,400,Bad Request,2,428,248
113998,Tue Jun 23 11:46:29 PET 2026,Tue Jun 23 11:46:29 PET 2026,POST,https://localhost:7241/api/auth/login,400,Bad Request,1,428,235
113856,Tue Jun 23 11:46:27 PET 2026,Tue Jun 23 11:46:27 PET 2026,POST,https://localhost:7241/api/auth/login,400,Bad Request,7,428,210
113879,Tue Jun 23 11:46:28 PET 2026,Tue Jun 23 11:46:28 PET 2026,POST,https://localhost:7241/api/auth/login,400,Bad Request,2,428,210
113907,Tue Jun 23 11:46:28 PET 2026,Tue Jun 23 11:46:28 PET 2026,POST,https://localhost:7241/api/auth/login,400,Bad Request,2,428,210
113951,Tue Jun 23 11:46:28 PET 2026,Tue Jun 23 11:46:28 PET 2026,POST,https://localhost:7241/api/auth/login,400,Bad Request,2,428,210
114748,Tue Jun 23 11:46:43 PET 2026,Tue Jun 23 11:46:43 PET 2026,POST,https://localhost:7241/api/auth/login,400,Bad Request,1,428,210
114907,Tue Jun 23 11:46:45 PET 2026,Tue Jun 23 11:46:45 PET 2026,POST,https://localhost:7241/api/auth/login,400,Bad Request,2,428,210
113698,Tue Jun 23 11:46:26 PET 2026,Tue Jun 23 11:46:26 PET 2026,POST,https://localhost:7241/api/Auth/login,400,Bad Request,2,428,202
113765,Tue Jun 23 11:46:26 PET 2026,Tue Jun 23 11:46:26 PET 2026,POST,https://localhost:7241/api/Auth/login,400,Bad Request,2,428,202
113980,Tue Jun 23 11:46:29 PET 2026,Tue Jun 23 11:46:29 PET 2026,POST,https://localhost:7241/api/auth/login,400,Bad Request,2,428,202
114011,Tue Jun 23 11:46:29 PET 2026,Tue Jun 23 11:46:29 PET 2026,POST,https://localhost:7241/api/auth/login,400,Bad Request,2,428,202
114025,Tue Jun 23 11:46:30 PET 2026,Tue Jun 23 11:46:30 PET 2026,POST,https://localhost:7241/api/auth/login,400,Bad Request,3,428,202
114046,Tue Jun 23 11:46:30 PET 2026,Tue Jun 23 11:46:30 PET 2026,POST,https://localhost:7241/api/auth/login,400,Bad Request,2,428,202
114307,Tue Jun 23 11:46:38 PET 2026,Tue Jun 23 11:46:38 PET 2026,POST,https://localhost:7241/api/Auth/login,400,Bad Request,9,428,202
114334,Tue Jun 23 11:46:39 PET 2026,Tue Jun 23 11:46:39 PET 2026,POST,https://localhost:7241/api/Auth/login,400,Bad Request,1,428,202
114394,Tue Jun 23 11:46:39 PET 2026,Tue Jun 23 11:46:39 PET 2026,POST,https://localhost:7241/api/Auth/login,400,Bad Request,3,428,202
114440,Tue Jun 23 11:46:40 PET 2026,Tue Jun 23 11:46:40 PET 2026,POST,https://localhost:7241/api/Auth/login,400,Bad Request,2,428,202
114536,Tue Jun 23 11:46:41 PET 2026,Tue Jun 23 11:46:41 PET 2026,POST,https://localhost:7241/api/Auth/login,400,Bad Request,1,428,202
114554,Tue Jun 23 11:46:41 PET 2026,Tue Jun 23 11:46:41 PET 2026,POST,https://localhost:7241/api/Auth/login,400,Bad Request,1,428,202
114962,Tue Jun 23 11:46:46 PET 2026,Tue Jun 23 11:46:46 PET 2026,POST,https://localhost:7241/api/auth/login,400,Bad Request,1,428,202
114036,Tue Jun 23 11:46:30 PET 2026,Tue Jun 23 11:46:30 PET 2026,POST,https://localhost:7241/api/auth/login,400,Bad Request,2,428,201
114363,Tue Jun 23 11:46:39 PET 2026,Tue Jun 23 11:46:39 PET 2026,POST,https://localhost:7241/api/Auth/login,400,Bad Request,1,428,201
113783,Tue Jun 23 11:46:27 PET 2026,Tue Jun 23 11:46:27 PET 2026,POST,https://localhost:7241/api/auth/login,400,Bad Request,6,135,145
114603,Tue Jun 23 11:46:42 PET 2026,Tue Jun 23 11:46:42 PET 2026,POST,https://localhost:7241/api/Auth/login,400,Bad Request,11,135,145
114629,Tue Jun 23 11:46:42 PET 2026,Tue Jun 23 11:46:42 PET 2026,POST,https://localhost:7241/api/Auth/login,400,Bad Request,6,135,145
114661,Tue Jun 23 11:46:42 PET 2026,Tue Jun 23 11:46:42 PET 2026,POST,https://localhost:7241/api/Auth/login,400,Bad Request,5,135,145
114816,Tue Jun 23 11:46:44 PET 2026,Tue Jun 23 11:46:44 PET 2026,POST,https://localhost:7241/api/auth/login,400,Bad Request,6,135,145
114839,Tue Jun 23 11:46:44 PET 2026,Tue Jun 23 11:46:44 PET 2026,POST,https://localhost:7241/api/auth/login,400,Bad Request,6,135,145
114858,Tue Jun 23 11:46:44 PET 2026,Tue Jun 23 11:46:44 PET 2026,POST,https://localhost:7241/api/auth/login,400,Bad Request,5,135,145
114883,Tue Jun 23 11:46:45 PET 2026,Tue Jun 23 11:46:45 PET 2026,POST,https://localhost:7241/api/auth/login,400,Bad Request,6,135,145
114928,Tue Jun 23 11:46:45 PET 2026,Tue Jun 23 11:46:45 PET 2026,POST,https://localhost:7241/api/auth/login,400,Bad Request,4,135,145
114991,Tue Jun 23 11:46:46 PET 2026,Tue Jun 23 11:46:46 PET 2026,POST,https://localhost:7241/api/auth/login,400,Bad Request,123,135,145
115010,Tue Jun 23 11:46:46 PET 2026,Tue Jun 23 11:46:46 PET 2026,POST,https://localhost:7241/api/auth/login,400,Bad Request,123,135,145
115026,Tue Jun 23 11:46:46 PET 2026,Tue Jun 23 11:46:47 PET 2026,POST,https://localhost:7241/api/auth/login,400,Bad Request,129,135,144
114791,Tue Jun 23 11:46:44 PET 2026,Tue Jun 23 11:46:44 PET 2026,POST,https://localhost:7241/api/auth/login,400,Bad Request,7,135,143
113439,Tue Jun 23 11:46:17 PET 2026,Tue Jun 23 11:46:17 PET 2026,POST,https://localhost:7241/api/Atenciones,401,Unauthorized,3,406,0
113456,Tue Jun 23 11:46:18 PET 2026,Tue Jun 23 11:46:18 PET 2026,POST,https://localhost:7241/api/Atenciones,401,Unauthorized,4,406,0
113460,Tue Jun 23 11:46:18 PET 2026,Tue Jun 23 11:46:18 PET 2026,POST,https://localhost:7241/api/Atenciones,401,Unauthorized,3,406,0
113463,Tue Jun 23 11:46:18 PET 2026,Tue Jun 23 11:46:18 PET 2026,POST,https://localhost:7241/api/Atenciones,401,Unauthorized,4,406,0
113466,Tue Jun 23 11:46:18 PET 2026,Tue Jun 23 11:46:18 PET 2026,POST,https://localhost:7241/api/Atenciones,401,Unauthorized,3,406,0
113469,Tue Jun 23 11:46:18 PET 2026,Tue Jun 23 11:46:18 PET 2026,POST,https://localhost:7241/api/Atenciones,401,Unauthorized,4,406,0
113472,Tue Jun 23 11:46:18 PET 2026,Tue Jun 23 11:46:18 PET 2026,POST,https://localhost:7241/api/Atenciones,401,Unauthorized,3,406,0
113475,Tue Jun 23 11:46:18 PET 2026,Tue Jun 23 11:46:18 PET 2026,POST,https://localhost:7241/api/Atenciones,401,Unauthorized,3,406,0
113478,Tue Jun 23 11:46:19 PET 2026,Tue Jun 23 11:46:19 PET 2026,POST,https://localhost:7241/api/Atenciones,401,Unauthorized,3,406,0
113481,Tue Jun 23 11:46:19 PET 2026,Tue Jun 23 11:46:19 PET 2026,POST,https://localhost:7241/api/Atenciones,401,Unauthorized,4,406,0
113484,Tue Jun 23 11:46:19 PET 2026,Tue Jun 23 11:46:19 PET 2026,POST,https://localhost:7241/api/Atenciones,401,Unauthorized,3,406,0
113487,Tue Jun 23 11:46:19 PET 2026,Tue Jun 23 11:46:19 PET 2026,POST,https://localhost:7241/api/Atenciones,401,Unauthorized,3,406,0
113490,Tue Jun 23 11:46:19 PET 2026,Tue Jun 23 11:46:19 PET 2026,POST,https://localhost:7241/api/Atenciones,401,Unauthorized,3,406,0
113493,Tue Jun 23 11:46:19 PET 2026,Tue Jun 23 11:46:19 PET 2026,POST,https://localhost:7241/api/Atenciones,401,Unauthorized,4,406,0
113496,Tue Jun 23 11:46:19 PET 2026,Tue Jun 23 11:46:19 PET 2026,POST,https://localhost:7241/api/Atenciones,401,Unauthorized,3,406,0
113499,Tue Jun 23 11:46:20 PET 2026,Tue Jun 23 11:46:20 PET 2026,POST,https://localhost:7241/api/Atenciones,401,Unauthorized,3,406,0
113505,Tue Jun 23 11:46:20 PET 2026,Tue Jun 23 11:46:20 PET 2026,POST,https://localhost:7241/api/Atenciones,401,Unauthorized,3,406,0
113520,Tue Jun 23 11:46:20 PET 2026,Tue Jun 23 11:46:20 PET 2026,POST,https://localhost:7241/api/Atenciones,401,Unauthorized,5,406,0
113524,Tue Jun 23 11:46:20 PET 2026,Tue Jun 23 11:46:20 PET 2026,POST,https://localhost:7241/api/Atenciones,401,Unauthorized,3,406,0
113527,Tue Jun 23 11:46:20 PET 2026,Tue Jun 23 11:46:20 PET 2026,POST,https://localhost:7241/api/Atenciones,401,Unauthorized,3,406,0
113530,Tue Jun 23 11:46:20 PET 2026,Tue Jun 23 11:46:20 PET 2026,POST,https://localhost:7241/api/Atenciones,401,Unauthorized,3,406,0
113533,Tue Jun 23 11:46:20 PET 2026,Tue Jun 23 11:46:20 PET 2026,POST,https://localhost:7241/api/Atenciones,401,Unauthorized,3,406,0
113536,Tue Jun 23 11:46:21 PET 2026,Tue Jun 23 11:46:21 PET 2026,POST,https://localhost:7241/api/Atenciones,401,Unauthorized,3,406,0
113539,Tue Jun 23 11:46:21 PET 2026,Tue Jun 23 11:46:21 PET 2026,POST,https://localhost:7241/api/Atenciones,401,Unauthorized,4,406,0
113542,Tue Jun 23 11:46:21 PET 2026,Tue Jun 23 11:46:21 PET 2026,POST,https://localhost:7241/api/Atenciones,401,Unauthorized,2,406,0
113545,Tue Jun 23 11:46:21 PET 2026,Tue Jun 23 11:46:21 PET 2026,POST,https://localhost:7241/api/Atenciones,401,Unauthorized,3,406,0
113548,Tue Jun 23 11:46:21 PET 2026,Tue Jun 23 11:46:21 PET 2026,POST,https://localhost:7241/api/Atenciones,401,Unauthorized,3,406,0
113551,Tue Jun 23 11:46:21 PET 2026,Tue Jun 23 11:46:21 PET 2026,POST,https://localhost:7241/api/Atenciones,401,Unauthorized,3,406,0
113554,Tue Jun 23 11:46:21 PET 2026,Tue Jun 23 11:46:21 PET 2026,POST,https://localhost:7241/api/Atenciones,401,Unauthorized,3,406,0
113557,Tue Jun 23 11:46:22 PET 2026,Tue Jun 23 11:46:22 PET 2026,POST,https://localhost:7241/api/Atenciones,401,Unauthorized,3,406,0
113560,Tue Jun 23 11:46:22 PET 2026,Tue Jun 23 11:46:22 PET 2026,POST,https://localhost:7241/api/Atenciones,401,Unauthorized,3,406,0
113563,Tue Jun 23 11:46:22 PET 2026,Tue Jun 23 11:46:22 PET 2026,POST,https://localhost:7241/api/Atenciones,401,Unauthorized,3,406,0
113580,Tue Jun 23 11:46:22 PET 2026,Tue Jun 23 11:46:22 PET 2026,POST,https://localhost:7241/api/Atenciones,401,Unauthorized,5,406,0
113583,Tue Jun 23 11:46:22 PET 2026,Tue Jun 23 11:46:22 PET 2026,POST,https://localhost:7241/api/Atenciones,401,Unauthorized,4,406,0
113586,Tue Jun 23 11:46:22 PET 2026,Tue Jun 23 11:46:22 PET 2026,POST,https://localhost:7241/api/Atenciones,401,Unauthorized,3,406,0
113589,Tue Jun 23 11:46:22 PET 2026,Tue Jun 23 11:46:22 PET 2026,POST,https://localhost:7241/api/Atenciones,401,Unauthorized,4,406,0
113592,Tue Jun 23 11:46:23 PET 2026,Tue Jun 23 11:46:23 PET 2026,POST,https://localhost:7241/api/Atenciones,401,Unauthorized,3,406,0
113595,Tue Jun 23 11:46:23 PET 2026,Tue Jun 23 11:46:23 PET 2026,POST,https://localhost:7241/api/Atenciones,401,Unauthorized,3,406,0
113598,Tue Jun 23 11:46:23 PET 2026,Tue Jun 23 11:46:23 PET 2026,POST,https://localhost:7241/api/Atenciones,401,Unauthorized,3,406,0
113601,Tue Jun 23 11:46:23 PET 2026,Tue Jun 23 11:46:23 PET 2026,POST,https://localhost:7241/api/Atenciones,401,Unauthorized,3,406,0
113604,Tue Jun 23 11:46:23 PET 2026,Tue Jun 23 11:46:23 PET 2026,POST,https://localhost:7241/api/Atenciones,401,Unauthorized,3,406,0
113607,Tue Jun 23 11:46:23 PET 2026,Tue Jun 23 11:46:23 PET 2026,POST,https://localhost:7241/api/Atenciones,401,Unauthorized,3,406,0
113610,Tue Jun 23 11:46:23 PET 2026,Tue Jun 23 11:46:23 PET 2026,POST,https://localhost:7241/api/Atenciones,401,Unauthorized,3,406,0
113613,Tue Jun 23 11:46:24 PET 2026,Tue Jun 23 11:46:24 PET 2026,POST,https://localhost:7241/api/Atenciones,401,Unauthorized,3,406,0
113616,Tue Jun 23 11:46:24 PET 2026,Tue Jun 23 11:46:24 PET 2026,POST,https://localhost:7241/api/Atenciones,401,Unauthorized,3,406,0
113619,Tue Jun 23 11:46:24 PET 2026,Tue Jun 23 11:46:24 PET 2026,POST,https://localhost:7241/api/Atenciones,401,Unauthorized,3,406,0
113636,Tue Jun 23 11:46:24 PET 2026,Tue Jun 23 11:46:24 PET 2026,POST,https://localhost:7241/api/Atenciones,401,Unauthorized,2,406,0
113640,Tue Jun 23 11:46:24 PET 2026,Tue Jun 23 11:46:24 PET 2026,POST,https://localhost:7241/api/Atenciones,401,Unauthorized,3,406,0
113643,Tue Jun 23 11:46:24 PET 2026,Tue Jun 23 11:46:24 PET 2026,POST,https://localhost:7241/api/Atenciones,401,Unauthorized,3,406,0
113646,Tue Jun 23 11:46:24 PET 2026,Tue Jun 23 11:46:24 PET 2026,POST,https://localhost:7241/api/Atenciones,401,Unauthorized,3,406,0
113649,Tue Jun 23 11:46:25 PET 2026,Tue Jun 23 11:46:25 PET 2026,POST,https://localhost:7241/api/Atenciones,401,Unauthorized,3,406,0
113652,Tue Jun 23 11:46:25 PET 2026,Tue Jun 23 11:46:25 PET 2026,POST,https://localhost:7241/api/Atenciones,401,Unauthorized,2,406,0
113655,Tue Jun 23 11:46:25 PET 2026,Tue Jun 23 11:46:25 PET 2026,POST,https://localhost:7241/api/Atenciones,401,Unauthorized,2,406,0
113658,Tue Jun 23 11:46:25 PET 2026,Tue Jun 23 11:46:25 PET 2026,POST,https://localhost:7241/api/Atenciones,401,Unauthorized,3,406,0
113661,Tue Jun 23 11:46:25 PET 2026,Tue Jun 23 11:46:25 PET 2026,POST,https://localhost:7241/api/Atenciones,401,Unauthorized,3,406,0
113664,Tue Jun 23 11:46:25 PET 2026,Tue Jun 23 11:46:25 PET 2026,POST,https://localhost:7241/api/Atenciones,401,Unauthorized,4,406,0
113667,Tue Jun 23 11:46:25 PET 2026,Tue Jun 23 11:46:25 PET 2026,POST,https://localhost:7241/api/Atenciones,401,Unauthorized,2,406,0
113670,Tue Jun 23 11:46:25 PET 2026,Tue Jun 23 11:46:25 PET 2026,POST,https://localhost:7241/api/Atenciones,401,Unauthorized,3,406,0
113673,Tue Jun 23 11:46:26 PET 2026,Tue Jun 23 11:46:26 PET 2026,POST,https://localhost:7241/api/Atenciones,401,Unauthorized,3,406,0
113676,Tue Jun 23 11:46:26 PET 2026,Tue Jun 23 11:46:26 PET 2026,PUT,https://localhost:7241/api/Atenciones/id/anular,404,Not Found,1,377,0
113679,Tue Jun 23 11:46:26 PET 2026,Tue Jun 23 11:46:26 PET 2026,POST,https://localhost:7241/api/Usuarios/asignar-rol,401,Unauthorized,1,406,0
113680,Tue Jun 23 11:46:26 PET 2026,Tue Jun 23 11:46:26 PET 2026,PUT,https://localhost:7241/api/Atenciones/id/cerrar,404,Not Found,0,377,0
113681,Tue Jun 23 11:46:26 PET 2026,Tue Jun 23 11:46:26 PET 2026,PUT,https://localhost:7241/api/Atenciones/id/cerrar,404,Not Found,0,377,0
113685,Tue Jun 23 11:46:26 PET 2026,Tue Jun 23 11:46:26 PET 2026,POST,https://localhost:7241/api/Horarios,401,Unauthorized,0,406,0
113686,Tue Jun 23 11:46:26 PET 2026,Tue Jun 23 11:46:26 PET 2026,POST,https://localhost:7241/api/Roles,401,Unauthorized,1,406,0
113687,Tue Jun 23 11:46:26 PET 2026,Tue Jun 23 11:46:26 PET 2026,POST,https://localhost:7241/api/Atenciones,401,Unauthorized,1,406,0
113688,Tue Jun 23 11:46:26 PET 2026,Tue Jun 23 11:46:26 PET 2026,PUT,https://localhost:7241/api/Pacientes/id/estado,404,Not Found,1,377,0
113689,Tue Jun 23 11:46:26 PET 2026,Tue Jun 23 11:46:26 PET 2026,POST,https://localhost:7241/api/Comprobantes/emitir/estado-cuenta,401,Unauthorized,1,406,0
113690,Tue Jun 23 11:46:26 PET 2026,Tue Jun 23 11:46:26 PET 2026,POST,https://localhost:7241/api/Finanzas/ajustes-financieros,401,Unauthorized,1,406,0
113691,Tue Jun 23 11:46:26 PET 2026,Tue Jun 23 11:46:26 PET 2026,POST,https://localhost:7241/api/Pagos,401,Unauthorized,1,406,0
113692,Tue Jun 23 11:46:26 PET 2026,Tue Jun 23 11:46:26 PET 2026,PUT,https://localhost:7241/api/Pacientes/id/contacto,404,Not Found,1,377,0
113693,Tue Jun 23 11:46:26 PET 2026,Tue Jun 23 11:46:26 PET 2026,POST,https://localhost:7241/api/Pacientes,401,Unauthorized,1,406,0
113694,Tue Jun 23 11:46:26 PET 2026,Tue Jun 23 11:46:26 PET 2026,POST,https://localhost:7241/api/Doctores,401,Unauthorized,1,406,0
113695,Tue Jun 23 11:46:26 PET 2026,Tue Jun 23 11:46:26 PET 2026,POST,https://localhost:7241/api/Roles/asignar-permisos,401,Unauthorized,1,406,0
113697,Tue Jun 23 11:46:26 PET 2026,Tue Jun 23 11:46:26 PET 2026,PUT,https://localhost:7241/api/Doctores/id,404,Not Found,0,377,0
113708,Tue Jun 23 11:46:26 PET 2026,Tue Jun 23 11:46:26 PET 2026,PUT,https://localhost:7241/api/Horarios/id,404,Not Found,5,377,0
113707,Tue Jun 23 11:46:26 PET 2026,Tue Jun 23 11:46:26 PET 2026,POST,https://localhost:7241/api/Atenciones,401,Unauthorized,4,406,0
113706,Tue Jun 23 11:46:26 PET 2026,Tue Jun 23 11:46:26 PET 2026,POST,https://localhost:7241/api/Auth/cambiar-contrasena,401,Unauthorized,5,406,0
113703,Tue Jun 23 11:46:26 PET 2026,Tue Jun 23 11:46:26 PET 2026,PUT,https://localhost:7241/api/Pagos/id/estado,404,Not Found,1,377,0
113701,Tue Jun 23 11:46:26 PET 2026,Tue Jun 23 11:46:26 PET 2026,PUT,https://localhost:7241/api/Roles/id,404,Not Found,5,377,0
113702,Tue Jun 23 11:46:26 PET 2026,Tue Jun 23 11:46:26 PET 2026,POST,https://localhost:7241/api/Certificados/block,401,Unauthorized,0,406,0
113700,Tue Jun 23 11:46:26 PET 2026,Tue Jun 23 11:46:26 PET 2026,POST,https://localhost:7241/api/Pacientes,401,Unauthorized,1,406,0
113733,Tue Jun 23 11:46:26 PET 2026,Tue Jun 23 11:46:26 PET 2026,POST,https://localhost:7241/api/Usuarios/asignar-rol,401,Unauthorized,4,406,0
113732,Tue Jun 23 11:46:26 PET 2026,Tue Jun 23 11:46:26 PET 2026,PUT,https://localhost:7241/api/Usuarios/id/estado,404,Not Found,2,377,0
113731,Tue Jun 23 11:46:26 PET 2026,Tue Jun 23 11:46:26 PET 2026,PUT,https://localhost:7241/api/Comprobantes/comprobanteId/anular,404,Not Found,2,377,0
113729,Tue Jun 23 11:46:26 PET 2026,Tue Jun 23 11:46:26 PET 2026,POST,https://localhost:7241/api/Comprobantes/emitir/resumen-atencion,401,Unauthorized,1,406,0
113728,Tue Jun 23 11:46:26 PET 2026,Tue Jun 23 11:46:26 PET 2026,POST,https://localhost:7241/api/Comprobantes/emitir/boleta-pago,401,Unauthorized,1,406,0
113727,Tue Jun 23 11:46:26 PET 2026,Tue Jun 23 11:46:26 PET 2026,PUT,https://localhost:7241/api/Citas/id/reprogramar,404,Not Found,1,377,0
113726,Tue Jun 23 11:46:26 PET 2026,Tue Jun 23 11:46:26 PET 2026,POST,https://localhost:7241/api/Citas,401,Unauthorized,1,406,0
113725,Tue Jun 23 11:46:26 PET 2026,Tue Jun 23 11:46:26 PET 2026,POST,https://localhost:7241/api/Doctores/contratar,401,Unauthorized,1,406,0
113724,Tue Jun 23 11:46:26 PET 2026,Tue Jun 23 11:46:26 PET 2026,PUT,https://localhost:7241/api/Atenciones/id/cerrar,404,Not Found,0,377,0
113723,Tue Jun 23 11:46:26 PET 2026,Tue Jun 23 11:46:26 PET 2026,POST,https://localhost:7241/api/Comprobantes/emitir/constancia-cita,401,Unauthorized,2,406,0
113722,Tue Jun 23 11:46:26 PET 2026,Tue Jun 23 11:46:26 PET 2026,PUT,https://localhost:7241/api/Citas/id/cancelar,404,Not Found,1,377,0
113735,Tue Jun 23 11:46:26 PET 2026,Tue Jun 23 11:46:26 PET 2026,PUT,https://localhost:7241/api/Roles/id,404,Not Found,1,377,0
113736,Tue Jun 23 11:46:26 PET 2026,Tue Jun 23 11:46:26 PET 2026,PUT,https://localhost:7241/api/Atenciones/id/cerrar,404,Not Found,1,377,0
113737,Tue Jun 23 11:46:26 PET 2026,Tue Jun 23 11:46:26 PET 2026,POST,https://localhost:7241/api/Doctores,401,Unauthorized,0,406,0
113738,Tue Jun 23 11:46:26 PET 2026,Tue Jun 23 11:46:26 PET 2026,POST,https://localhost:7241/api/Roles/asignar-permisos,401,Unauthorized,0,406,0
113739,Tue Jun 23 11:46:26 PET 2026,Tue Jun 23 11:46:26 PET 2026,POST,https://localhost:7241/api/Pacientes,401,Unauthorized,0,406,0
113742,Tue Jun 23 11:46:26 PET 2026,Tue Jun 23 11:46:26 PET 2026,PUT,https://localhost:7241/api/Pacientes/id/contacto,404,Not Found,1,377,0
113743,Tue Jun 23 11:46:26 PET 2026,Tue Jun 23 11:46:26 PET 2026,PUT,https://localhost:7241/api/Horarios/id,404,Not Found,0,377,0
113744,Tue Jun 23 11:46:26 PET 2026,Tue Jun 23 11:46:26 PET 2026,POST,https://localhost:7241/api/Comprobantes/emitir/estado-cuenta,401,Unauthorized,0,406,0
113745,Tue Jun 23 11:46:26 PET 2026,Tue Jun 23 11:46:26 PET 2026,PUT,https://localhost:7241/api/Doctores/id,404,Not Found,1,377,0
113746,Tue Jun 23 11:46:26 PET 2026,Tue Jun 23 11:46:26 PET 2026,POST,https://localhost:7241/api/Horarios,401,Unauthorized,1,406,0
113747,Tue Jun 23 11:46:26 PET 2026,Tue Jun 23 11:46:26 PET 2026,POST,https://localhost:7241/api/Finanzas/ajustes-financieros,401,Unauthorized,1,406,0
113748,Tue Jun 23 11:46:26 PET 2026,Tue Jun 23 11:46:26 PET 2026,POST,https://localhost:7241/api/Pagos,401,Unauthorized,1,406,0
113766,Tue Jun 23 11:46:26 PET 2026,Tue Jun 23 11:46:26 PET 2026,POST,https://localhost:7241/api/atenciones/atencionId/ecografias,404,Not Found,1,377,0
113764,Tue Jun 23 11:46:26 PET 2026,Tue Jun 23 11:46:26 PET 2026,PUT,https://localhost:7241/api/Usuarios/id,404,Not Found,0,377,0
113763,Tue Jun 23 11:46:26 PET 2026,Tue Jun 23 11:46:26 PET 2026,POST,https://localhost:7241/api/Pacientes,401,Unauthorized,0,406,0
113762,Tue Jun 23 11:46:26 PET 2026,Tue Jun 23 11:46:26 PET 2026,POST,https://localhost:7241/api/Auth/cambiar-contrasena,401,Unauthorized,0,406,0
113761,Tue Jun 23 11:46:26 PET 2026,Tue Jun 23 11:46:26 PET 2026,PUT,https://localhost:7241/api/Citas/id/reprogramar,404,Not Found,0,377,0
113760,Tue Jun 23 11:46:26 PET 2026,Tue Jun 23 11:46:26 PET 2026,POST,https://localhost:7241/api/Atenciones,401,Unauthorized,0,406,0
113759,Tue Jun 23 11:46:26 PET 2026,Tue Jun 23 11:46:26 PET 2026,POST,https://localhost:7241/api/Certificados/block,401,Unauthorized,0,406,0
113758,Tue Jun 23 11:46:26 PET 2026,Tue Jun 23 11:46:26 PET 2026,POST,https://localhost:7241/api/Comprobantes/emitir/resumen-atencion,401,Unauthorized,0,406,0
113757,Tue Jun 23 11:46:26 PET 2026,Tue Jun 23 11:46:26 PET 2026,POST,https://localhost:7241/api/Doctores/contratar,401,Unauthorized,1,406,0
113756,Tue Jun 23 11:46:26 PET 2026,Tue Jun 23 11:46:26 PET 2026,POST,https://localhost:7241/api/atenciones/atencionId/anamnesis,404,Not Found,1,377,0
113755,Tue Jun 23 11:46:26 PET 2026,Tue Jun 23 11:46:26 PET 2026,POST,https://localhost:7241/api/atenciones/atencionId/diagnostico,404,Not Found,1,377,0
113754,Tue Jun 23 11:46:26 PET 2026,Tue Jun 23 11:46:26 PET 2026,POST,https://localhost:7241/api/Comprobantes/emitir/constancia-cita,401,Unauthorized,1,406,0
113753,Tue Jun 23 11:46:26 PET 2026,Tue Jun 23 11:46:26 PET 2026,POST,https://localhost:7241/api/Usuarios,401,Unauthorized,1,406,0
113752,Tue Jun 23 11:46:26 PET 2026,Tue Jun 23 11:46:26 PET 2026,POST,https://localhost:7241/api/Citas,401,Unauthorized,1,406,0
113751,Tue Jun 23 11:46:26 PET 2026,Tue Jun 23 11:46:26 PET 2026,POST,https://localhost:7241/api/Comprobantes/emitir/boleta-pago,401,Unauthorized,1,406,0
113750,Tue Jun 23 11:46:26 PET 2026,Tue Jun 23 11:46:26 PET 2026,PUT,https://localhost:7241/api/Atenciones/id/cerrar,404,Not Found,1,377,0
113769,Tue Jun 23 11:46:27 PET 2026,Tue Jun 23 11:46:27 PET 2026,POST,https://localhost:7241/api/atenciones/atencionId/examenes-fisicos,404,Not Found,1,377,0
113770,Tue Jun 23 11:46:27 PET 2026,Tue Jun 23 11:46:27 PET 2026,POST,https://localhost:7241/api/Atenciones,401,Unauthorized,0,406,0
113771,Tue Jun 23 11:46:27 PET 2026,Tue Jun 23 11:46:27 PET 2026,POST,https://localhost:7241/api/Roles,401,Unauthorized,0,406,0
113772,Tue Jun 23 11:46:27 PET 2026,Tue Jun 23 11:46:27 PET 2026,POST,https://localhost:7241/api/Pacientes,401,Unauthorized,1,406,0
113775,Tue Jun 23 11:46:27 PET 2026,Tue Jun 23 11:46:27 PET 2026,PUT,https://localhost:7241/api/Atenciones/id/cerrar,404,Not Found,0,377,0
113776,Tue Jun 23 11:46:27 PET 2026,Tue Jun 23 11:46:27 PET 2026,PUT,https://localhost:7241/api/Pacientes/id/contacto,404,Not Found,0,377,0
113777,Tue Jun 23 11:46:27 PET 2026,Tue Jun 23 11:46:27 PET 2026,PUT,https://localhost:7241/api/Atenciones/id/cerrar,404,Not Found,0,377,0
113778,Tue Jun 23 11:46:27 PET 2026,Tue Jun 23 11:46:27 PET 2026,POST,https://localhost:7241/api/atenciones/atencionId/tactos-vaginales,404,Not Found,0,377,0
113782,Tue Jun 23 11:46:27 PET 2026,Tue Jun 23 11:46:27 PET 2026,POST,https://localhost:7241/api/Doctores,401,Unauthorized,0,406,0
113781,Tue Jun 23 11:46:27 PET 2026,Tue Jun 23 11:46:27 PET 2026,PUT,https://localhost:7241/api/Usuarios/id,404,Not Found,2,377,0
113780,Tue Jun 23 11:46:27 PET 2026,Tue Jun 23 11:46:27 PET 2026,POST,https://localhost:7241/api/Pacientes,401,Unauthorized,2,406,0
113785,Tue Jun 23 11:46:27 PET 2026,Tue Jun 23 11:46:27 PET 2026,PUT,https://localhost:7241/api/Citas/id/reprogramar,404,Not Found,0,377,0
113786,Tue Jun 23 11:46:27 PET 2026,Tue Jun 23 11:46:27 PET 2026,POST,https://localhost:7241/api/atenciones/atencionId/anamnesis,404,Not Found,1,377,0
113787,Tue Jun 23 11:46:27 PET 2026,Tue Jun 23 11:46:27 PET 2026,PUT,https://localhost:7241/api/Horarios/id,404,Not Found,0,377,0
113788,Tue Jun 23 11:46:27 PET 2026,Tue Jun 23 11:46:27 PET 2026,POST,https://localhost:7241/api/Pagos,401,Unauthorized,1,406,0
113789,Tue Jun 23 11:46:27 PET 2026,Tue Jun 23 11:46:27 PET 2026,POST,https://localhost:7241/api/Atenciones,401,Unauthorized,1,406,0
113790,Tue Jun 23 11:46:27 PET 2026,Tue Jun 23 11:46:27 PET 2026,POST,https://localhost:7241/api/Comprobantes/emitir/resumen-atencion,401,Unauthorized,0,406,0
113806,Tue Jun 23 11:46:27 PET 2026,Tue Jun 23 11:46:27 PET 2026,POST,https://localhost:7241/api/Pacientes,401,Unauthorized,4,406,0
113805,Tue Jun 23 11:46:27 PET 2026,Tue Jun 23 11:46:27 PET 2026,GET,https://localhost:7241/api/Auditoria?Pagina=10&CantidadPorPagina=10&OrdenarPor=OrdenarPor&OrdenDescendente=true&tipoAccion=1&soloConsultas=true,401,Unauthorized,4,406,0
113804,Tue Jun 23 11:46:27 PET 2026,Tue Jun 23 11:46:27 PET 2026,POST,https://localhost:7241/api/Atenciones,401,Unauthorized,4,406,0
113803,Tue Jun 23 11:46:27 PET 2026,Tue Jun 23 11:46:27 PET 2026,POST,https://localhost:7241/api/atenciones/atencionId/examenes-fisicos,404,Not Found,4,377,0
113802,Tue Jun 23 11:46:27 PET 2026,Tue Jun 23 11:46:27 PET 2026,GET,https://localhost:7241/api/Auditoria/usuario/usuarioId?Pagina=10&CantidadPorPagina=10&OrdenarPor=OrdenarPor&OrdenDescendente=true&tipoAccion=1&soloConsultas=true,404,Not Found,4,377,0
113801,Tue Jun 23 11:46:27 PET 2026,Tue Jun 23 11:46:27 PET 2026,POST,https://localhost:7241/api/atenciones/atencionId/diagnostico,404,Not Found,1,377,0
113800,Tue Jun 23 11:46:27 PET 2026,Tue Jun 23 11:46:27 PET 2026,POST,https://localhost:7241/api/Doctores/contratar,401,Unauthorized,1,406,0
113799,Tue Jun 23 11:46:27 PET 2026,Tue Jun 23 11:46:27 PET 2026,POST,https://localhost:7241/api/Comprobantes/emitir/estado-cuenta,401,Unauthorized,1,406,0
113798,Tue Jun 23 11:46:27 PET 2026,Tue Jun 23 11:46:27 PET 2026,POST,https://localhost:7241/api/Comprobantes/emitir/constancia-cita,401,Unauthorized,1,406,0
113797,Tue Jun 23 11:46:27 PET 2026,Tue Jun 23 11:46:27 PET 2026,PUT,https://localhost:7241/api/Doctores/id,404,Not Found,0,377,0
113796,Tue Jun 23 11:46:27 PET 2026,Tue Jun 23 11:46:27 PET 2026,POST,https://localhost:7241/api/Usuarios,401,Unauthorized,1,406,0
113795,Tue Jun 23 11:46:27 PET 2026,Tue Jun 23 11:46:27 PET 2026,GET,https://localhost:7241/api/Certificados,404,Not Found,0,377,0
113794,Tue Jun 23 11:46:27 PET 2026,Tue Jun 23 11:46:27 PET 2026,POST,https://localhost:7241/api/Comprobantes/emitir/boleta-pago,401,Unauthorized,1,406,0
113793,Tue Jun 23 11:46:27 PET 2026,Tue Jun 23 11:46:27 PET 2026,POST,https://localhost:7241/api/Citas,401,Unauthorized,2,406,0
113792,Tue Jun 23 11:46:27 PET 2026,Tue Jun 23 11:46:27 PET 2026,POST,https://localhost:7241/api/atenciones/atencionId/ecografias,404,Not Found,0,377,0
113808,Tue Jun 23 11:46:27 PET 2026,Tue Jun 23 11:46:27 PET 2026,POST,https://localhost:7241/api/Doctores,401,Unauthorized,0,406,0
113809,Tue Jun 23 11:46:27 PET 2026,Tue Jun 23 11:46:27 PET 2026,POST,https://localhost:7241/api/Finanzas/ajustes-financieros,401,Unauthorized,0,406,0
113810,Tue Jun 23 11:46:27 PET 2026,Tue Jun 23 11:46:27 PET 2026,POST,https://localhost:7241/api/Horarios,401,Unauthorized,0,406,0
113811,Tue Jun 23 11:46:27 PET 2026,Tue Jun 23 11:46:27 PET 2026,POST,https://localhost:7241/api/atenciones/atencionId/tactos-vaginales,404,Not Found,1,377,0
113814,Tue Jun 23 11:46:27 PET 2026,Tue Jun 23 11:46:27 PET 2026,POST,https://localhost:7241/api/atenciones/atencionId/ecografias,404,Not Found,0,377,0
113815,Tue Jun 23 11:46:27 PET 2026,Tue Jun 23 11:46:27 PET 2026,PUT,https://localhost:7241/api/Atenciones/id/cerrar,404,Not Found,0,377,0
113816,Tue Jun 23 11:46:27 PET 2026,Tue Jun 23 11:46:27 PET 2026,PUT,https://localhost:7241/api/Atenciones/id/cerrar,404,Not Found,0,377,0
113817,Tue Jun 23 11:46:27 PET 2026,Tue Jun 23 11:46:27 PET 2026,POST,https://localhost:7241/api/Comprobantes/emitir/boleta-pago,401,Unauthorized,2,406,0
113818,Tue Jun 23 11:46:27 PET 2026,Tue Jun 23 11:46:27 PET 2026,PUT,https://localhost:7241/api/Usuarios/id,404,Not Found,0,377,0
113819,Tue Jun 23 11:46:27 PET 2026,Tue Jun 23 11:46:27 PET 2026,GET,https://localhost:7241/api/Auditoria/usuario/usuarioId?Pagina=10&CantidadPorPagina=10&OrdenarPor=OrdenarPor&OrdenDescendente=true&tipoAccion=1&soloConsultas=true,404,Not Found,2,377,0
113820,Tue Jun 23 11:46:27 PET 2026,Tue Jun 23 11:46:27 PET 2026,POST,https://localhost:7241/api/Pacientes,401,Unauthorized,2,406,0
113821,Tue Jun 23 11:46:27 PET 2026,Tue Jun 23 11:46:27 PET 2026,GET,https://localhost:7241/api/Auditoria?Pagina=10&CantidadPorPagina=10&OrdenarPor=OrdenarPor&OrdenDescendente=true&tipoAccion=1&soloConsultas=true,401,Unauthorized,2,406,0
113822,Tue Jun 23 11:46:27 PET 2026,Tue Jun 23 11:46:27 PET 2026,POST,https://localhost:7241/api/atenciones/atencionId/examenes-fisicos,404,Not Found,2,377,0
113824,Tue Jun 23 11:46:27 PET 2026,Tue Jun 23 11:46:27 PET 2026,PUT,https://localhost:7241/api/Doctores/id,404,Not Found,2,377,0
113825,Tue Jun 23 11:46:27 PET 2026,Tue Jun 23 11:46:27 PET 2026,POST,https://localhost:7241/api/Pacientes,401,Unauthorized,2,406,0
113828,Tue Jun 23 11:46:27 PET 2026,Tue Jun 23 11:46:27 PET 2026,PUT,https://localhost:7241/api/Citas/id/reprogramar,404,Not Found,0,377,0
113829,Tue Jun 23 11:46:27 PET 2026,Tue Jun 23 11:46:27 PET 2026,POST,https://localhost:7241/api/Usuarios,401,Unauthorized,0,406,0
113830,Tue Jun 23 11:46:27 PET 2026,Tue Jun 23 11:46:27 PET 2026,POST,https://localhost:7241/api/Doctores/contratar,401,Unauthorized,0,406,0
113831,Tue Jun 23 11:46:27 PET 2026,Tue Jun 23 11:46:27 PET 2026,POST,https://localhost:7241/api/Pagos,401,Unauthorized,1,406,0
113832,Tue Jun 23 11:46:27 PET 2026,Tue Jun 23 11:46:27 PET 2026,POST,https://localhost:7241/api/Comprobantes/emitir/estado-cuenta,401,Unauthorized,0,406,0
113833,Tue Jun 23 11:46:27 PET 2026,Tue Jun 23 11:46:27 PET 2026,POST,https://localhost:7241/api/Finanzas/ajustes-financieros,401,Unauthorized,1,406,0
113834,Tue Jun 23 11:46:27 PET 2026,Tue Jun 23 11:46:27 PET 2026,POST,https://localhost:7241/api/atenciones/atencionId/diagnostico,404,Not Found,0,377,0
113835,Tue Jun 23 11:46:27 PET 2026,Tue Jun 23 11:46:27 PET 2026,POST,https://localhost:7241/api/Comprobantes/emitir/constancia-cita,401,Unauthorized,0,406,0
113836,Tue Jun 23 11:46:27 PET 2026,Tue Jun 23 11:46:27 PET 2026,POST,https://localhost:7241/api/Atenciones,401,Unauthorized,0,406,0
113843,Tue Jun 23 11:46:27 PET 2026,Tue Jun 23 11:46:27 PET 2026,POST,https://localhost:7241/api/Citas,401,Unauthorized,0,406,0
113842,Tue Jun 23 11:46:27 PET 2026,Tue Jun 23 11:46:27 PET 2026,POST,https://localhost:7241/api/atenciones/atencionId/tactos-vaginales,404,Not Found,1,377,0
113841,Tue Jun 23 11:46:27 PET 2026,Tue Jun 23 11:46:27 PET 2026,PUT,https://localhost:7241/api/Horarios/id,404,Not Found,0,377,0
113840,Tue Jun 23 11:46:27 PET 2026,Tue Jun 23 11:46:27 PET 2026,POST,https://localhost:7241/api/Doctores,401,Unauthorized,1,406,0
113839,Tue Jun 23 11:46:27 PET 2026,Tue Jun 23 11:46:27 PET 2026,POST,https://localhost:7241/api/Horarios,401,Unauthorized,1,406,0
113838,Tue Jun 23 11:46:27 PET 2026,Tue Jun 23 11:46:27 PET 2026,POST,https://localhost:7241/api/atenciones/atencionId/anamnesis,404,Not Found,0,377,0
113845,Tue Jun 23 11:46:27 PET 2026,Tue Jun 23 11:46:27 PET 2026,POST,https://localhost:7241/api/Atenciones,401,Unauthorized,3,406,0
113846,Tue Jun 23 11:46:27 PET 2026,Tue Jun 23 11:46:27 PET 2026,POST,https://localhost:7241/api/Pacientes,401,Unauthorized,3,406,0
113847,Tue Jun 23 11:46:27 PET 2026,Tue Jun 23 11:46:27 PET 2026,POST,https://localhost:7241/api/Comprobantes/emitir/resumen-atencion,401,Unauthorized,3,406,0
113858,Tue Jun 23 11:46:27 PET 2026,Tue Jun 23 11:46:27 PET 2026,GET,https://localhost:7241/api/Auditoria/usuario/usuarioId?Pagina=10&CantidadPorPagina=10&OrdenarPor=OrdenarPor&OrdenDescendente=true&tipoAccion=1&soloConsultas=true,404,Not Found,7,377,0
113857,Tue Jun 23 11:46:27 PET 2026,Tue Jun 23 11:46:27 PET 2026,PUT,https://localhost:7241/api/Atenciones/id/cerrar,404,Not Found,8,377,0
113855,Tue Jun 23 11:46:27 PET 2026,Tue Jun 23 11:46:27 PET 2026,POST,https://localhost:7241/api/Comprobantes/emitir/boleta-pago,401,Unauthorized,7,406,0
113854,Tue Jun 23 11:46:27 PET 2026,Tue Jun 23 11:46:27 PET 2026,GET,https://localhost:7241/api/Auditoria?Pagina=10&CantidadPorPagina=10&OrdenarPor=OrdenarPor&OrdenDescendente=true&tipoAccion=1&soloConsultas=true,401,Unauthorized,7,406,0
113853,Tue Jun 23 11:46:27 PET 2026,Tue Jun 23 11:46:27 PET 2026,POST,https://localhost:7241/api/atenciones/atencionId/examenes-fisicos,404,Not Found,7,377,0
113852,Tue Jun 23 11:46:27 PET 2026,Tue Jun 23 11:46:27 PET 2026,PUT,https://localhost:7241/api/Usuarios/id,404,Not Found,7,377,0
113851,Tue Jun 23 11:46:27 PET 2026,Tue Jun 23 11:46:27 PET 2026,POST,https://localhost:7241/api/atenciones/atencionId/ecografias,404,Not Found,7,377,0
113850,Tue Jun 23 11:46:27 PET 2026,Tue Jun 23 11:46:27 PET 2026,PUT,https://localhost:7241/api/Doctores/id,404,Not Found,6,377,0
113849,Tue Jun 23 11:46:27 PET 2026,Tue Jun 23 11:46:27 PET 2026,POST,https://localhost:7241/api/Pacientes,401,Unauthorized,5,406,0
113860,Tue Jun 23 11:46:28 PET 2026,Tue Jun 23 11:46:28 PET 2026,GET,https://localhost:7241/api/Finanzas/resumen-financiero-mensual-completo?anio=10&mes=10,401,Unauthorized,0,406,0
113861,Tue Jun 23 11:46:28 PET 2026,Tue Jun 23 11:46:28 PET 2026,GET,https://localhost:7241/api/Finanzas/pagos-pendientes-paginado?Pagina=10&CantidadPorPagina=10&OrdenarPor=OrdenarPor&OrdenDescendente=true,401,Unauthorized,0,406,0
113862,Tue Jun 23 11:46:28 PET 2026,Tue Jun 23 11:46:28 PET 2026,POST,https://localhost:7241/api/Citas,401,Unauthorized,0,406,0
113863,Tue Jun 23 11:46:28 PET 2026,Tue Jun 23 11:46:28 PET 2026,POST,https://localhost:7241/api/Finanzas/ajustes-financieros,401,Unauthorized,0,406,0
113864,Tue Jun 23 11:46:28 PET 2026,Tue Jun 23 11:46:28 PET 2026,PUT,https://localhost:7241/api/Citas/id/reprogramar,404,Not Found,0,377,0
113865,Tue Jun 23 11:46:28 PET 2026,Tue Jun 23 11:46:28 PET 2026,POST,https://localhost:7241/api/Doctores/contratar,401,Unauthorized,0,406,0
113866,Tue Jun 23 11:46:28 PET 2026,Tue Jun 23 11:46:28 PET 2026,POST,https://localhost:7241/api/Usuarios,401,Unauthorized,0,406,0
113867,Tue Jun 23 11:46:28 PET 2026,Tue Jun 23 11:46:28 PET 2026,POST,https://localhost:7241/api/Pagos,401,Unauthorized,0,406,0
113868,Tue Jun 23 11:46:28 PET 2026,Tue Jun 23 11:46:28 PET 2026,POST,https://localhost:7241/api/atenciones/atencionId/diagnostico,404,Not Found,0,377,0
113871,Tue Jun 23 11:46:28 PET 2026,Tue Jun 23 11:46:28 PET 2026,POST,https://localhost:7241/api/atenciones/atencionId/tactos-vaginales,404,Not Found,0,377,0
113872,Tue Jun 23 11:46:28 PET 2026,Tue Jun 23 11:46:28 PET 2026,GET,https://localhost:7241/api/Finanzas/resumen-diario?fecha=fecha,401,Unauthorized,1,406,0
113873,Tue Jun 23 11:46:28 PET 2026,Tue Jun 23 11:46:28 PET 2026,POST,https://localhost:7241/api/Horarios,401,Unauthorized,1,406,0
113874,Tue Jun 23 11:46:28 PET 2026,Tue Jun 23 11:46:28 PET 2026,GET,https://localhost:7241/api/Finanzas/libro-diario?fecha=fecha,401,Unauthorized,1,406,0
113875,Tue Jun 23 11:46:28 PET 2026,Tue Jun 23 11:46:28 PET 2026,GET,https://localhost:7241/api/Doctores/buscar?nombre=nombre&especialidad=especialidad&estado=1&Pagina=10&CantidadPorPagina=10&OrdenarPor=OrdenarPor&OrdenDescendente=true,401,Unauthorized,1,406,0
113876,Tue Jun 23 11:46:28 PET 2026,Tue Jun 23 11:46:28 PET 2026,POST,https://localhost:7241/api/Atenciones,401,Unauthorized,0,406,0
113877,Tue Jun 23 11:46:28 PET 2026,Tue Jun 23 11:46:28 PET 2026,GET,https://localhost:7241/api/Finanzas/resumen-mensual?anio=10&mes=10,401,Unauthorized,0,406,0
113878,Tue Jun 23 11:46:28 PET 2026,Tue Jun 23 11:46:28 PET 2026,PUT,https://localhost:7241/api/Horarios/id,404,Not Found,0,377,0
113888,Tue Jun 23 11:46:28 PET 2026,Tue Jun 23 11:46:28 PET 2026,POST,https://localhost:7241/api/atenciones/atencionId/anamnesis,404,Not Found,1,377,0
113887,Tue Jun 23 11:46:28 PET 2026,Tue Jun 23 11:46:28 PET 2026,POST,https://localhost:7241/api/Doctores,401,Unauthorized,1,406,0
113886,Tue Jun 23 11:46:28 PET 2026,Tue Jun 23 11:46:28 PET 2026,GET,https://localhost:7241/api/Finanzas/resumen-anual?anio=10,401,Unauthorized,1,406,0
113885,Tue Jun 23 11:46:28 PET 2026,Tue Jun 23 11:46:28 PET 2026,POST,https://localhost:7241/api/Pacientes,401,Unauthorized,0,406,0
113884,Tue Jun 23 11:46:28 PET 2026,Tue Jun 23 11:46:28 PET 2026,POST,https://localhost:7241/api/Atenciones,401,Unauthorized,0,406,0
113883,Tue Jun 23 11:46:28 PET 2026,Tue Jun 23 11:46:28 PET 2026,GET,https://localhost:7241/api/Auditoria/usuario/usuarioId?Pagina=10&CantidadPorPagina=10&OrdenarPor=OrdenarPor&OrdenDescendente=true&tipoAccion=1&soloConsultas=true,404,Not Found,0,377,0
113882,Tue Jun 23 11:46:28 PET 2026,Tue Jun 23 11:46:28 PET 2026,POST,https://localhost:7241/api/Pacientes,401,Unauthorized,0,406,0
113881,Tue Jun 23 11:46:28 PET 2026,Tue Jun 23 11:46:28 PET 2026,GET,https://localhost:7241/api/Auditoria?Pagina=10&CantidadPorPagina=10&OrdenarPor=OrdenarPor&OrdenDescendente=true&tipoAccion=1&soloConsultas=true,401,Unauthorized,0,406,0
113890,Tue Jun 23 11:46:28 PET 2026,Tue Jun 23 11:46:28 PET 2026,PUT,https://localhost:7241/api/Doctores/id,404,Not Found,0,377,0
113891,Tue Jun 23 11:46:28 PET 2026,Tue Jun 23 11:46:28 PET 2026,POST,https://localhost:7241/api/Pagos,401,Unauthorized,0,406,0
113892,Tue Jun 23 11:46:28 PET 2026,Tue Jun 23 11:46:28 PET 2026,POST,https://localhost:7241/api/atenciones/atencionId/ecografias,404,Not Found,0,377,0
113893,Tue Jun 23 11:46:28 PET 2026,Tue Jun 23 11:46:28 PET 2026,GET,https://localhost:7241/api/HistoriaClinica,404,Not Found,0,377,0
113894,Tue Jun 23 11:46:28 PET 2026,Tue Jun 23 11:46:28 PET 2026,POST,https://localhost:7241/api/atenciones/atencionId/examenes-fisicos,404,Not Found,0,377,0
113897,Tue Jun 23 11:46:28 PET 2026,Tue Jun 23 11:46:28 PET 2026,PUT,https://localhost:7241/api/Citas/id/reprogramar,404,Not Found,0,377,0
113898,Tue Jun 23 11:46:28 PET 2026,Tue Jun 23 11:46:28 PET 2026,POST,https://localhost:7241/api/Doctores/contratar,401,Unauthorized,0,406,0
113899,Tue Jun 23 11:46:28 PET 2026,Tue Jun 23 11:46:28 PET 2026,GET,https://localhost:7241/api/Doctores/buscar?nombre=nombre&especialidad=especialidad&estado=1&Pagina=10&CantidadPorPagina=10&OrdenarPor=OrdenarPor&OrdenDescendente=true,401,Unauthorized,1,406,0
113900,Tue Jun 23 11:46:28 PET 2026,Tue Jun 23 11:46:28 PET 2026,POST,https://localhost:7241/api/Atenciones,401,Unauthorized,1,406,0
113901,Tue Jun 23 11:46:28 PET 2026,Tue Jun 23 11:46:28 PET 2026,GET,https://localhost:7241/api/Finanzas/resumen-mensual?anio=10&mes=10,401,Unauthorized,1,406,0
113902,Tue Jun 23 11:46:28 PET 2026,Tue Jun 23 11:46:28 PET 2026,GET,https://localhost:7241/api/Finanzas/resumen-financiero-mensual-completo?anio=10&mes=10,401,Unauthorized,0,406,0
113903,Tue Jun 23 11:46:28 PET 2026,Tue Jun 23 11:46:28 PET 2026,GET,https://localhost:7241/api/Finanzas/pagos-pendientes-paginado?Pagina=10&CantidadPorPagina=10&OrdenarPor=OrdenarPor&OrdenDescendente=true,401,Unauthorized,0,406,0
113916,Tue Jun 23 11:46:28 PET 2026,Tue Jun 23 11:46:28 PET 2026,GET,https://localhost:7241/api/Auditoria/usuario/usuarioId?Pagina=10&CantidadPorPagina=10&OrdenarPor=OrdenarPor&OrdenDescendente=true&tipoAccion=1&soloConsultas=true,404,Not Found,0,377,0
113915,Tue Jun 23 11:46:28 PET 2026,Tue Jun 23 11:46:28 PET 2026,POST,https://localhost:7241/api/Usuarios,401,Unauthorized,0,406,0
113914,Tue Jun 23 11:46:28 PET 2026,Tue Jun 23 11:46:28 PET 2026,POST,https://localhost:7241/api/Citas,401,Unauthorized,0,406,0
113913,Tue Jun 23 11:46:28 PET 2026,Tue Jun 23 11:46:28 PET 2026,POST,https://localhost:7241/api/Horarios,401,Unauthorized,1,406,0
113912,Tue Jun 23 11:46:28 PET 2026,Tue Jun 23 11:46:28 PET 2026,POST,https://localhost:7241/api/Doctores,401,Unauthorized,1,406,0
113911,Tue Jun 23 11:46:28 PET 2026,Tue Jun 23 11:46:28 PET 2026,POST,https://localhost:7241/api/atenciones/atencionId/anamnesis,404,Not Found,1,377,0
113910,Tue Jun 23 11:46:28 PET 2026,Tue Jun 23 11:46:28 PET 2026,POST,https://localhost:7241/api/Atenciones,401,Unauthorized,1,406,0
113909,Tue Jun 23 11:46:28 PET 2026,Tue Jun 23 11:46:28 PET 2026,POST,https://localhost:7241/api/Pacientes,401,Unauthorized,1,406,0
113908,Tue Jun 23 11:46:28 PET 2026,Tue Jun 23 11:46:28 PET 2026,GET,https://localhost:7241/api/Auditoria?Pagina=10&CantidadPorPagina=10&OrdenarPor=OrdenarPor&OrdenDescendente=true&tipoAccion=1&soloConsultas=true,401,Unauthorized,1,406,0
113906,Tue Jun 23 11:46:28 PET 2026,Tue Jun 23 11:46:28 PET 2026,POST,https://localhost:7241/api/Pacientes,401,Unauthorized,0,406,0
113905,Tue Jun 23 11:46:28 PET 2026,Tue Jun 23 11:46:28 PET 2026,POST,https://localhost:7241/api/atenciones/atencionId/diagnostico,404,Not Found,0,377,0
113918,Tue Jun 23 11:46:28 PET 2026,Tue Jun 23 11:46:28 PET 2026,POST,https://localhost:7241/api/atenciones/atencionId/examenes-fisicos,404,Not Found,1,377,0
113919,Tue Jun 23 11:46:28 PET 2026,Tue Jun 23 11:46:28 PET 2026,POST,https://localhost:7241/api/atenciones/atencionId/tactos-vaginales,404,Not Found,1,377,0
113920,Tue Jun 23 11:46:28 PET 2026,Tue Jun 23 11:46:28 PET 2026,PUT,https://localhost:7241/api/Doctores/id,404,Not Found,0,377,0
113921,Tue Jun 23 11:46:28 PET 2026,Tue Jun 23 11:46:28 PET 2026,POST,https://localhost:7241/api/atenciones/atencionId/ecografias,404,Not Found,0,377,0
113922,Tue Jun 23 11:46:28 PET 2026,Tue Jun 23 11:46:28 PET 2026,POST,https://localhost:7241/api/Pagos,401,Unauthorized,0,406,0
113950,Tue Jun 23 11:46:28 PET 2026,Tue Jun 23 11:46:28 PET 2026,GET,https://localhost:7241/api/Auditoria?Pagina=10&CantidadPorPagina=10&OrdenarPor=OrdenarPor&OrdenDescendente=true&tipoAccion=1&soloConsultas=true,401,Unauthorized,1,406,0
113949,Tue Jun 23 11:46:28 PET 2026,Tue Jun 23 11:46:28 PET 2026,GET,https://localhost:7241/api/Auditoria/usuario/usuarioId?Pagina=10&CantidadPorPagina=10&OrdenarPor=OrdenarPor&OrdenDescendente=true&tipoAccion=1&soloConsultas=true,404,Not Found,1,377,0
113948,Tue Jun 23 11:46:28 PET 2026,Tue Jun 23 11:46:28 PET 2026,GET,https://localhost:7241/api/Doctores/buscar?nombre=nombre&especialidad=especialidad&estado=1&Pagina=10&CantidadPorPagina=10&OrdenarPor=OrdenarPor&OrdenDescendente=true,401,Unauthorized,0,406,0
113947,Tue Jun 23 11:46:28 PET 2026,Tue Jun 23 11:46:28 PET 2026,POST,https://localhost:7241/api/Doctores/contratar,401,Unauthorized,1,406,0
113946,Tue Jun 23 11:46:28 PET 2026,Tue Jun 23 11:46:28 PET 2026,POST,https://localhost:7241/api/Atenciones,401,Unauthorized,0,406,0
113945,Tue Jun 23 11:46:28 PET 2026,Tue Jun 23 11:46:28 PET 2026,POST,https://localhost:7241/api/Atenciones,401,Unauthorized,0,406,0
113943,Tue Jun 23 11:46:28 PET 2026,Tue Jun 23 11:46:28 PET 2026,POST,https://localhost:7241/api/Citas,401,Unauthorized,0,406,0
113944,Tue Jun 23 11:46:28 PET 2026,Tue Jun 23 11:46:28 PET 2026,POST,https://localhost:7241/api/atenciones/atencionId/anamnesis,404,Not Found,0,377,0
113942,Tue Jun 23 11:46:28 PET 2026,Tue Jun 23 11:46:28 PET 2026,POST,https://localhost:7241/api/Pacientes,401,Unauthorized,0,406,0
113941,Tue Jun 23 11:46:28 PET 2026,Tue Jun 23 11:46:28 PET 2026,POST,https://localhost:7241/api/Doctores,401,Unauthorized,0,406,0
113940,Tue Jun 23 11:46:28 PET 2026,Tue Jun 23 11:46:28 PET 2026,GET,https://localhost:7241/api/Finanzas/pagos-pendientes-paginado?Pagina=10&CantidadPorPagina=10&OrdenarPor=OrdenarPor&OrdenDescendente=true,401,Unauthorized,0,406,0
113939,Tue Jun 23 11:46:28 PET 2026,Tue Jun 23 11:46:28 PET 2026,GET,https://localhost:7241/api/HistoriaClinica/paciente,404,Not Found,1,377,0
113955,Tue Jun 23 11:46:28 PET 2026,Tue Jun 23 11:46:28 PET 2026,POST,https://localhost:7241/api/Pagos,401,Unauthorized,0,406,0
113956,Tue Jun 23 11:46:28 PET 2026,Tue Jun 23 11:46:28 PET 2026,POST,https://localhost:7241/api/atenciones/atencionId/examenes-fisicos,404,Not Found,1,377,0
113957,Tue Jun 23 11:46:28 PET 2026,Tue Jun 23 11:46:28 PET 2026,POST,https://localhost:7241/api/atenciones/atencionId/tactos-vaginales,404,Not Found,1,377,0
113958,Tue Jun 23 11:46:28 PET 2026,Tue Jun 23 11:46:28 PET 2026,PUT,https://localhost:7241/api/Doctores/id,404,Not Found,1,377,0
113959,Tue Jun 23 11:46:28 PET 2026,Tue Jun 23 11:46:28 PET 2026,POST,https://localhost:7241/api/atenciones/atencionId/ecografias,404,Not Found,1,377,0
113963,Tue Jun 23 11:46:29 PET 2026,Tue Jun 23 11:46:29 PET 2026,POST,https://localhost:7241/api/atenciones/atencionId/anamnesis,404,Not Found,0,377,0
113964,Tue Jun 23 11:46:29 PET 2026,Tue Jun 23 11:46:29 PET 2026,POST,https://localhost:7241/api/Pacientes,401,Unauthorized,1,406,0
113965,Tue Jun 23 11:46:29 PET 2026,Tue Jun 23 11:46:29 PET 2026,POST,https://localhost:7241/api/Atenciones,401,Unauthorized,1,406,0
113966,Tue Jun 23 11:46:29 PET 2026,Tue Jun 23 11:46:29 PET 2026,POST,https://localhost:7241/api/Atenciones,401,Unauthorized,0,406,0
113967,Tue Jun 23 11:46:29 PET 2026,Tue Jun 23 11:46:29 PET 2026,POST,https://localhost:7241/api/Doctores/contratar,401,Unauthorized,0,406,0
113968,Tue Jun 23 11:46:29 PET 2026,Tue Jun 23 11:46:29 PET 2026,GET,https://localhost:7241/api/Finanzas/pagos-pendientes-paginado?Pagina=10&CantidadPorPagina=10&OrdenarPor=OrdenarPor&OrdenDescendente=true,401,Unauthorized,0,406,0
113969,Tue Jun 23 11:46:29 PET 2026,Tue Jun 23 11:46:29 PET 2026,GET,https://localhost:7241/api/Doctores/buscar?nombre=nombre&especialidad=especialidad&estado=1&Pagina=10&CantidadPorPagina=10&OrdenarPor=OrdenarPor&OrdenDescendente=true,401,Unauthorized,0,406,0
113970,Tue Jun 23 11:46:29 PET 2026,Tue Jun 23 11:46:29 PET 2026,POST,https://localhost:7241/api/Citas,401,Unauthorized,0,406,0
113973,Tue Jun 23 11:46:29 PET 2026,Tue Jun 23 11:46:29 PET 2026,GET,https://localhost:7241/api/Horarios/doctor/doctorId/matriz?fecha=fecha,404,Not Found,1,377,0
113972,Tue Jun 23 11:46:29 PET 2026,Tue Jun 23 11:46:29 PET 2026,GET,https://localhost:7241/api/ReportesFinancieros,404,Not Found,1,377,0
113975,Tue Jun 23 11:46:29 PET 2026,Tue Jun 23 11:46:29 PET 2026,POST,https://localhost:7241/api/atenciones/atencionId/examenes-fisicos,404,Not Found,1,377,0
113976,Tue Jun 23 11:46:29 PET 2026,Tue Jun 23 11:46:29 PET 2026,POST,https://localhost:7241/api/atenciones/atencionId/ecografias,404,Not Found,0,377,0
113977,Tue Jun 23 11:46:29 PET 2026,Tue Jun 23 11:46:29 PET 2026,POST,https://localhost:7241/api/atenciones/atencionId/tactos-vaginales,404,Not Found,0,377,0
113978,Tue Jun 23 11:46:29 PET 2026,Tue Jun 23 11:46:29 PET 2026,POST,https://localhost:7241/api/Pagos,401,Unauthorized,0,406,0
113981,Tue Jun 23 11:46:29 PET 2026,Tue Jun 23 11:46:29 PET 2026,PUT,https://localhost:7241/api/Doctores/id,404,Not Found,3,377,0
113983,Tue Jun 23 11:46:29 PET 2026,Tue Jun 23 11:46:29 PET 2026,GET,https://localhost:7241/api/ResumenParto,404,Not Found,0,377,0
113984,Tue Jun 23 11:46:29 PET 2026,Tue Jun 23 11:46:29 PET 2026,POST,https://localhost:7241/api/Doctores/contratar,401,Unauthorized,1,406,0
113985,Tue Jun 23 11:46:29 PET 2026,Tue Jun 23 11:46:29 PET 2026,POST,https://localhost:7241/api/Pacientes,401,Unauthorized,1,406,0
113986,Tue Jun 23 11:46:29 PET 2026,Tue Jun 23 11:46:29 PET 2026,GET,https://localhost:7241/api/ReportesFinancieros/diario?fecha=fecha,401,Unauthorized,1,406,0
113987,Tue Jun 23 11:46:29 PET 2026,Tue Jun 23 11:46:29 PET 2026,POST,https://localhost:7241/api/Citas,401,Unauthorized,1,406,0
113988,Tue Jun 23 11:46:29 PET 2026,Tue Jun 23 11:46:29 PET 2026,GET,https://localhost:7241/api/Doctores/buscar?nombre=nombre&especialidad=especialidad&estado=1&Pagina=10&CantidadPorPagina=10&OrdenarPor=OrdenarPor&OrdenDescendente=true,401,Unauthorized,1,406,0
113989,Tue Jun 23 11:46:29 PET 2026,Tue Jun 23 11:46:29 PET 2026,POST,https://localhost:7241/api/atenciones/atencionId/anamnesis,404,Not Found,1,377,0
113990,Tue Jun 23 11:46:29 PET 2026,Tue Jun 23 11:46:29 PET 2026,POST,https://localhost:7241/api/Atenciones,401,Unauthorized,1,406,0
113991,Tue Jun 23 11:46:29 PET 2026,Tue Jun 23 11:46:29 PET 2026,POST,https://localhost:7241/api/Atenciones,401,Unauthorized,1,406,0
113994,Tue Jun 23 11:46:29 PET 2026,Tue Jun 23 11:46:29 PET 2026,POST,https://localhost:7241/api/atenciones/atencionId/ecografias,404,Not Found,0,377,0
113995,Tue Jun 23 11:46:29 PET 2026,Tue Jun 23 11:46:29 PET 2026,POST,https://localhost:7241/api/atenciones/atencionId/examenes-fisicos,404,Not Found,0,377,0
113996,Tue Jun 23 11:46:29 PET 2026,Tue Jun 23 11:46:29 PET 2026,POST,https://localhost:7241/api/atenciones/atencionId/tactos-vaginales,404,Not Found,0,377,0
114000,Tue Jun 23 11:46:29 PET 2026,Tue Jun 23 11:46:29 PET 2026,GET,https://localhost:7241/api/ResumenParto/atencion,404,Not Found,1,377,0
114001,Tue Jun 23 11:46:29 PET 2026,Tue Jun 23 11:46:29 PET 2026,POST,https://localhost:7241/api/Atenciones,401,Unauthorized,0,406,0
114002,Tue Jun 23 11:46:29 PET 2026,Tue Jun 23 11:46:29 PET 2026,GET,https://localhost:7241/api/Doctores/buscar?nombre=nombre&especialidad=especialidad&estado=1&Pagina=10&CantidadPorPagina=10&OrdenarPor=OrdenarPor&OrdenDescendente=true,401,Unauthorized,0,406,0
114003,Tue Jun 23 11:46:29 PET 2026,Tue Jun 23 11:46:29 PET 2026,POST,https://localhost:7241/api/Atenciones,401,Unauthorized,0,406,0
114004,Tue Jun 23 11:46:29 PET 2026,Tue Jun 23 11:46:29 PET 2026,POST,https://localhost:7241/api/Doctores/contratar,401,Unauthorized,0,406,0
114005,Tue Jun 23 11:46:29 PET 2026,Tue Jun 23 11:46:29 PET 2026,POST,https://localhost:7241/api/Pacientes,401,Unauthorized,0,406,0
114007,Tue Jun 23 11:46:29 PET 2026,Tue Jun 23 11:46:29 PET 2026,POST,https://localhost:7241/api/atenciones/atencionId/anamnesis,404,Not Found,3,377,0
114009,Tue Jun 23 11:46:29 PET 2026,Tue Jun 23 11:46:29 PET 2026,POST,https://localhost:7241/api/atenciones/atencionId/examenes-fisicos,404,Not Found,0,377,0
114012,Tue Jun 23 11:46:29 PET 2026,Tue Jun 23 11:46:29 PET 2026,POST,https://localhost:7241/api/atenciones/atencionId/ecografias,404,Not Found,5,377,0
114014,Tue Jun 23 11:46:29 PET 2026,Tue Jun 23 11:46:29 PET 2026,POST,https://localhost:7241/api/Atenciones,401,Unauthorized,1,406,0
114015,Tue Jun 23 11:46:29 PET 2026,Tue Jun 23 11:46:29 PET 2026,POST,https://localhost:7241/api/atenciones/atencionId/anamnesis,404,Not Found,0,377,0
114016,Tue Jun 23 11:46:29 PET 2026,Tue Jun 23 11:46:29 PET 2026,POST,https://localhost:7241/api/Doctores/contratar,401,Unauthorized,1,406,0
114017,Tue Jun 23 11:46:29 PET 2026,Tue Jun 23 11:46:29 PET 2026,GET,https://localhost:7241/api/atenciones,401,Unauthorized,1,406,0
114018,Tue Jun 23 11:46:29 PET 2026,Tue Jun 23 11:46:29 PET 2026,GET,https://localhost:7241/api/Doctores/buscar?nombre=nombre&especialidad=especialidad&estado=1&Pagina=10&CantidadPorPagina=10&OrdenarPor=OrdenarPor&OrdenDescendente=true,401,Unauthorized,1,406,0
114019,Tue Jun 23 11:46:29 PET 2026,Tue Jun 23 11:46:29 PET 2026,POST,https://localhost:7241/api/Atenciones,401,Unauthorized,1,406,0
114021,Tue Jun 23 11:46:29 PET 2026,Tue Jun 23 11:46:29 PET 2026,POST,https://localhost:7241/api/Pacientes,401,Unauthorized,3,406,0
114023,Tue Jun 23 11:46:30 PET 2026,Tue Jun 23 11:46:30 PET 2026,POST,https://localhost:7241/api/atenciones/atencionId/examenes-fisicos,404,Not Found,2,377,0
114027,Tue Jun 23 11:46:30 PET 2026,Tue Jun 23 11:46:30 PET 2026,POST,https://localhost:7241/api/Atenciones,401,Unauthorized,0,406,0
114028,Tue Jun 23 11:46:30 PET 2026,Tue Jun 23 11:46:30 PET 2026,POST,https://localhost:7241/api/Pacientes,401,Unauthorized,1,406,0
114029,Tue Jun 23 11:46:30 PET 2026,Tue Jun 23 11:46:30 PET 2026,POST,https://localhost:7241/api/Doctores/contratar,401,Unauthorized,0,406,0
114032,Tue Jun 23 11:46:30 PET 2026,Tue Jun 23 11:46:30 PET 2026,POST,https://localhost:7241/api/atenciones/atencionId/anamnesis,404,Not Found,2,377,0
114031,Tue Jun 23 11:46:30 PET 2026,Tue Jun 23 11:46:30 PET 2026,GET,https://localhost:7241/api/atenciones/atencionId,404,Not Found,2,377,0
114034,Tue Jun 23 11:46:30 PET 2026,Tue Jun 23 11:46:30 PET 2026,POST,https://localhost:7241/api/atenciones/atencionId/examenes-fisicos,404,Not Found,1,377,0
114038,Tue Jun 23 11:46:30 PET 2026,Tue Jun 23 11:46:30 PET 2026,POST,https://localhost:7241/api/Atenciones,401,Unauthorized,0,406,0
114039,Tue Jun 23 11:46:30 PET 2026,Tue Jun 23 11:46:30 PET 2026,POST,https://localhost:7241/api/atenciones/atencionId/anamnesis,404,Not Found,0,377,0
114042,Tue Jun 23 11:46:30 PET 2026,Tue Jun 23 11:46:30 PET 2026,POST,https://localhost:7241/api/Pacientes,401,Unauthorized,3,406,0
114041,Tue Jun 23 11:46:30 PET 2026,Tue Jun 23 11:46:30 PET 2026,POST,https://localhost:7241/api/Doctores/contratar,401,Unauthorized,3,406,0
114044,Tue Jun 23 11:46:30 PET 2026,Tue Jun 23 11:46:30 PET 2026,POST,https://localhost:7241/api/atenciones/atencionId/examenes-fisicos,404,Not Found,1,377,0
114048,Tue Jun 23 11:46:30 PET 2026,Tue Jun 23 11:46:30 PET 2026,POST,https://localhost:7241/api/atenciones/atencionId/anamnesis,404,Not Found,0,377,0
114049,Tue Jun 23 11:46:30 PET 2026,Tue Jun 23 11:46:30 PET 2026,POST,https://localhost:7241/api/Atenciones,401,Unauthorized,0,406,0
114051,Tue Jun 23 11:46:30 PET 2026,Tue Jun 23 11:46:30 PET 2026,POST,https://localhost:7241/api/Pacientes,401,Unauthorized,3,406,0
114053,Tue Jun 23 11:46:30 PET 2026,Tue Jun 23 11:46:30 PET 2026,POST,https://localhost:7241/api/atenciones/atencionId/examenes-fisicos,404,Not Found,0,377,0
114072,Tue Jun 23 11:46:31 PET 2026,Tue Jun 23 11:46:31 PET 2026,POST,https://localhost:7241/api/Atenciones,401,Unauthorized,0,406,0
114075,Tue Jun 23 11:46:31 PET 2026,Tue Jun 23 11:46:31 PET 2026,POST,https://localhost:7241/api/atenciones/atencionId/examenes-fisicos,404,Not Found,0,377,0
114078,Tue Jun 23 11:46:31 PET 2026,Tue Jun 23 11:46:31 PET 2026,POST,https://localhost:7241/api/Atenciones,401,Unauthorized,1,406,0
114081,Tue Jun 23 11:46:31 PET 2026,Tue Jun 23 11:46:31 PET 2026,POST,https://localhost:7241/api/Atenciones,401,Unauthorized,4,406,0
114084,Tue Jun 23 11:46:31 PET 2026,Tue Jun 23 11:46:31 PET 2026,POST,https://localhost:7241/api/Atenciones,401,Unauthorized,2,406,0
114087,Tue Jun 23 11:46:31 PET 2026,Tue Jun 23 11:46:31 PET 2026,POST,https://localhost:7241/api/Atenciones,401,Unauthorized,3,406,0
114090,Tue Jun 23 11:46:31 PET 2026,Tue Jun 23 11:46:31 PET 2026,POST,https://localhost:7241/api/Atenciones,401,Unauthorized,3,406,0
114093,Tue Jun 23 11:46:32 PET 2026,Tue Jun 23 11:46:32 PET 2026,POST,https://localhost:7241/api/Atenciones,401,Unauthorized,4,406,0
114096,Tue Jun 23 11:46:32 PET 2026,Tue Jun 23 11:46:32 PET 2026,POST,https://localhost:7241/api/Atenciones,401,Unauthorized,3,406,0
114099,Tue Jun 23 11:46:32 PET 2026,Tue Jun 23 11:46:32 PET 2026,POST,https://localhost:7241/api/Atenciones,401,Unauthorized,3,406,0
114102,Tue Jun 23 11:46:32 PET 2026,Tue Jun 23 11:46:32 PET 2026,POST,https://localhost:7241/api/Atenciones,401,Unauthorized,4,406,0
114105,Tue Jun 23 11:46:32 PET 2026,Tue Jun 23 11:46:32 PET 2026,POST,https://localhost:7241/api/Atenciones,401,Unauthorized,3,406,0
114108,Tue Jun 23 11:46:32 PET 2026,Tue Jun 23 11:46:32 PET 2026,POST,https://localhost:7241/api/Atenciones,401,Unauthorized,3,406,0
114111,Tue Jun 23 11:46:32 PET 2026,Tue Jun 23 11:46:32 PET 2026,POST,https://localhost:7241/api/Atenciones,401,Unauthorized,3,406,0
114114,Tue Jun 23 11:46:32 PET 2026,Tue Jun 23 11:46:32 PET 2026,POST,https://localhost:7241/api/Atenciones,401,Unauthorized,4,406,0
114131,Tue Jun 23 11:46:33 PET 2026,Tue Jun 23 11:46:33 PET 2026,POST,https://localhost:7241/api/Atenciones,401,Unauthorized,3,406,0
114135,Tue Jun 23 11:46:33 PET 2026,Tue Jun 23 11:46:33 PET 2026,POST,https://localhost:7241/api/Atenciones,401,Unauthorized,3,406,0
114138,Tue Jun 23 11:46:33 PET 2026,Tue Jun 23 11:46:33 PET 2026,POST,https://localhost:7241/api/Atenciones,401,Unauthorized,3,406,0
114141,Tue Jun 23 11:46:33 PET 2026,Tue Jun 23 11:46:33 PET 2026,POST,https://localhost:7241/api/Atenciones,401,Unauthorized,3,406,0
114144,Tue Jun 23 11:46:33 PET 2026,Tue Jun 23 11:46:33 PET 2026,POST,https://localhost:7241/api/Atenciones,401,Unauthorized,4,406,0
114147,Tue Jun 23 11:46:33 PET 2026,Tue Jun 23 11:46:33 PET 2026,POST,https://localhost:7241/api/Atenciones,401,Unauthorized,3,406,0
114150,Tue Jun 23 11:46:33 PET 2026,Tue Jun 23 11:46:33 PET 2026,POST,https://localhost:7241/api/Atenciones,401,Unauthorized,3,406,0
114153,Tue Jun 23 11:46:34 PET 2026,Tue Jun 23 11:46:34 PET 2026,POST,https://localhost:7241/api/Atenciones,401,Unauthorized,2,406,0
114156,Tue Jun 23 11:46:34 PET 2026,Tue Jun 23 11:46:34 PET 2026,POST,https://localhost:7241/api/Atenciones,401,Unauthorized,3,406,0
114159,Tue Jun 23 11:46:34 PET 2026,Tue Jun 23 11:46:34 PET 2026,POST,https://localhost:7241/api/Atenciones,401,Unauthorized,3,406,0
114162,Tue Jun 23 11:46:34 PET 2026,Tue Jun 23 11:46:34 PET 2026,POST,https://localhost:7241/api/Atenciones,401,Unauthorized,3,406,0
114165,Tue Jun 23 11:46:34 PET 2026,Tue Jun 23 11:46:34 PET 2026,POST,https://localhost:7241/api/Atenciones,401,Unauthorized,4,406,0
114168,Tue Jun 23 11:46:34 PET 2026,Tue Jun 23 11:46:34 PET 2026,POST,https://localhost:7241/api/Atenciones,401,Unauthorized,2,406,0
114171,Tue Jun 23 11:46:34 PET 2026,Tue Jun 23 11:46:34 PET 2026,POST,https://localhost:7241/api/Atenciones,401,Unauthorized,3,406,0
114174,Tue Jun 23 11:46:35 PET 2026,Tue Jun 23 11:46:35 PET 2026,POST,https://localhost:7241/api/Atenciones,401,Unauthorized,3,406,0
114191,Tue Jun 23 11:46:35 PET 2026,Tue Jun 23 11:46:35 PET 2026,POST,https://localhost:7241/api/Atenciones,401,Unauthorized,4,406,0
114196,Tue Jun 23 11:46:35 PET 2026,Tue Jun 23 11:46:35 PET 2026,POST,https://localhost:7241/api/Atenciones,401,Unauthorized,3,406,0
114199,Tue Jun 23 11:46:35 PET 2026,Tue Jun 23 11:46:35 PET 2026,POST,https://localhost:7241/api/Atenciones,401,Unauthorized,3,406,0
114202,Tue Jun 23 11:46:35 PET 2026,Tue Jun 23 11:46:35 PET 2026,POST,https://localhost:7241/api/Atenciones,401,Unauthorized,4,406,0
114205,Tue Jun 23 11:46:35 PET 2026,Tue Jun 23 11:46:35 PET 2026,POST,https://localhost:7241/api/Atenciones,401,Unauthorized,3,406,0
114208,Tue Jun 23 11:46:36 PET 2026,Tue Jun 23 11:46:36 PET 2026,POST,https://localhost:7241/api/Atenciones,401,Unauthorized,4,406,0
114211,Tue Jun 23 11:46:36 PET 2026,Tue Jun 23 11:46:36 PET 2026,POST,https://localhost:7241/api/Atenciones,401,Unauthorized,3,406,0
114214,Tue Jun 23 11:46:36 PET 2026,Tue Jun 23 11:46:36 PET 2026,POST,https://localhost:7241/api/Atenciones,401,Unauthorized,3,406,0
114217,Tue Jun 23 11:46:36 PET 2026,Tue Jun 23 11:46:36 PET 2026,POST,https://localhost:7241/api/Atenciones,401,Unauthorized,4,406,0
114220,Tue Jun 23 11:46:36 PET 2026,Tue Jun 23 11:46:36 PET 2026,POST,https://localhost:7241/api/Atenciones,401,Unauthorized,3,406,0
114223,Tue Jun 23 11:46:36 PET 2026,Tue Jun 23 11:46:36 PET 2026,POST,https://localhost:7241/api/Atenciones,401,Unauthorized,4,406,0
114226,Tue Jun 23 11:46:36 PET 2026,Tue Jun 23 11:46:36 PET 2026,POST,https://localhost:7241/api/Atenciones,401,Unauthorized,3,406,0
114229,Tue Jun 23 11:46:36 PET 2026,Tue Jun 23 11:46:36 PET 2026,POST,https://localhost:7241/api/Atenciones,401,Unauthorized,3,406,0
114232,Tue Jun 23 11:46:37 PET 2026,Tue Jun 23 11:46:37 PET 2026,POST,https://localhost:7241/api/Atenciones,401,Unauthorized,2,406,0
114235,Tue Jun 23 11:46:37 PET 2026,Tue Jun 23 11:46:37 PET 2026,GET,https://localhost:7241/api/Atenciones/id/actuator/health,404,Not Found,3,377,0
114238,Tue Jun 23 11:46:37 PET 2026,Tue Jun 23 11:46:37 PET 2026,GET,https://localhost:7241/api/Certificados,404,Not Found,1,377,0
114239,Tue Jun 23 11:46:37 PET 2026,Tue Jun 23 11:46:37 PET 2026,GET,https://localhost:7241/api/Atenciones/id/actuator/health,404,Not Found,4,377,0
114256,Tue Jun 23 11:46:37 PET 2026,Tue Jun 23 11:46:37 PET 2026,GET,https://localhost:7241/api/HistoriaClinica,404,Not Found,0,377,0
114260,Tue Jun 23 11:46:37 PET 2026,Tue Jun 23 11:46:37 PET 2026,GET,https://localhost:7241/api/HistoriaClinica/paciente,404,Not Found,3,377,0
114263,Tue Jun 23 11:46:37 PET 2026,Tue Jun 23 11:46:37 PET 2026,GET,https://localhost:7241/api/ReportesFinancieros,404,Not Found,3,377,0
114266,Tue Jun 23 11:46:38 PET 2026,Tue Jun 23 11:46:38 PET 2026,GET,https://localhost:7241/api/ResumenParto,404,Not Found,3,377,0
114269,Tue Jun 23 11:46:38 PET 2026,Tue Jun 23 11:46:38 PET 2026,GET,https://localhost:7241/api/ResumenParto/atencion,404,Not Found,3,377,0
114272,Tue Jun 23 11:46:38 PET 2026,Tue Jun 23 11:46:38 PET 2026,GET,https://localhost:7241/api/atenciones,401,Unauthorized,3,406,0
114275,Tue Jun 23 11:46:38 PET 2026,Tue Jun 23 11:46:38 PET 2026,GET,https://localhost:7241/api/atenciones/atencionId,404,Not Found,3,377,0
114278,Tue Jun 23 11:46:38 PET 2026,Tue Jun 23 11:46:38 PET 2026,PUT,https://localhost:7241/api/Citas/id/cancelar,404,Not Found,0,377,0
114279,Tue Jun 23 11:46:38 PET 2026,Tue Jun 23 11:46:38 PET 2026,PUT,https://localhost:7241/api/Atenciones/id/anular,404,Not Found,0,377,0
114280,Tue Jun 23 11:46:38 PET 2026,Tue Jun 23 11:46:38 PET 2026,POST,https://localhost:7241/api/Auth/cambiar-contrasena,401,Unauthorized,0,406,0
114281,Tue Jun 23 11:46:38 PET 2026,Tue Jun 23 11:46:38 PET 2026,POST,https://localhost:7241/api/Comprobantes/emitir/boleta-pago,401,Unauthorized,0,406,0
114282,Tue Jun 23 11:46:38 PET 2026,Tue Jun 23 11:46:38 PET 2026,PUT,https://localhost:7241/api/Citas/id/reprogramar,404,Not Found,0,377,0
114286,Tue Jun 23 11:46:38 PET 2026,Tue Jun 23 11:46:38 PET 2026,PUT,https://localhost:7241/api/Atenciones/id/cerrar,404,Not Found,5,377,0
114284,Tue Jun 23 11:46:38 PET 2026,Tue Jun 23 11:46:38 PET 2026,PUT,https://localhost:7241/api/Atenciones/id/cerrar,404,Not Found,1,377,0
114288,Tue Jun 23 11:46:38 PET 2026,Tue Jun 23 11:46:38 PET 2026,POST,https://localhost:7241/api/Horarios,401,Unauthorized,1,406,0
114289,Tue Jun 23 11:46:38 PET 2026,Tue Jun 23 11:46:38 PET 2026,POST,https://localhost:7241/api/Pacientes,401,Unauthorized,0,406,0
114290,Tue Jun 23 11:46:38 PET 2026,Tue Jun 23 11:46:38 PET 2026,PUT,https://localhost:7241/api/Horarios/id,404,Not Found,0,377,0
114291,Tue Jun 23 11:46:38 PET 2026,Tue Jun 23 11:46:38 PET 2026,PUT,https://localhost:7241/api/Roles/id,404,Not Found,0,377,0
114292,Tue Jun 23 11:46:38 PET 2026,Tue Jun 23 11:46:38 PET 2026,POST,https://localhost:7241/api/Atenciones,401,Unauthorized,1,406,0
114294,Tue Jun 23 11:46:38 PET 2026,Tue Jun 23 11:46:38 PET 2026,PUT,https://localhost:7241/api/Pagos/id/estado,404,Not Found,3,377,0
114296,Tue Jun 23 11:46:38 PET 2026,Tue Jun 23 11:46:38 PET 2026,POST,https://localhost:7241/api/Pagos,401,Unauthorized,1,406,0
114297,Tue Jun 23 11:46:38 PET 2026,Tue Jun 23 11:46:38 PET 2026,POST,https://localhost:7241/api/Finanzas/ajustes-financieros,401,Unauthorized,0,406,0
114298,Tue Jun 23 11:46:38 PET 2026,Tue Jun 23 11:46:38 PET 2026,PUT,https://localhost:7241/api/Pacientes/id/contacto,404,Not Found,1,377,0
114299,Tue Jun 23 11:46:38 PET 2026,Tue Jun 23 11:46:38 PET 2026,PUT,https://localhost:7241/api/Pacientes/id/estado,404,Not Found,0,377,0
114300,Tue Jun 23 11:46:38 PET 2026,Tue Jun 23 11:46:38 PET 2026,POST,https://localhost:7241/api/Roles,401,Unauthorized,1,406,0
114301,Tue Jun 23 11:46:38 PET 2026,Tue Jun 23 11:46:38 PET 2026,POST,https://localhost:7241/api/Doctores/contratar,401,Unauthorized,1,406,0
114302,Tue Jun 23 11:46:38 PET 2026,Tue Jun 23 11:46:38 PET 2026,POST,https://localhost:7241/api/Roles/asignar-permisos,401,Unauthorized,1,406,0
114303,Tue Jun 23 11:46:38 PET 2026,Tue Jun 23 11:46:38 PET 2026,POST,https://localhost:7241/api/Pacientes,401,Unauthorized,1,406,0
114304,Tue Jun 23 11:46:38 PET 2026,Tue Jun 23 11:46:38 PET 2026,POST,https://localhost:7241/api/Usuarios/asignar-rol,401,Unauthorized,2,406,0
114306,Tue Jun 23 11:46:38 PET 2026,Tue Jun 23 11:46:38 PET 2026,PUT,https://localhost:7241/api/Atenciones/id/cerrar,404,Not Found,0,377,0
114309,Tue Jun 23 11:46:39 PET 2026,Tue Jun 23 11:46:39 PET 2026,POST,https://localhost:7241/api/Atenciones,401,Unauthorized,1,406,0
114310,Tue Jun 23 11:46:39 PET 2026,Tue Jun 23 11:46:39 PET 2026,POST,https://localhost:7241/api/Certificados/block,401,Unauthorized,1,406,0
114311,Tue Jun 23 11:46:39 PET 2026,Tue Jun 23 11:46:39 PET 2026,PUT,https://localhost:7241/api/Atenciones/id/cerrar,404,Not Found,1,377,0
114312,Tue Jun 23 11:46:39 PET 2026,Tue Jun 23 11:46:39 PET 2026,PUT,https://localhost:7241/api/Doctores/id,404,Not Found,0,377,0
114313,Tue Jun 23 11:46:39 PET 2026,Tue Jun 23 11:46:39 PET 2026,PUT,https://localhost:7241/api/Comprobantes/comprobanteId/anular,404,Not Found,1,377,0
114314,Tue Jun 23 11:46:39 PET 2026,Tue Jun 23 11:46:39 PET 2026,POST,https://localhost:7241/api/Comprobantes/emitir/constancia-cita,401,Unauthorized,1,406,0
114315,Tue Jun 23 11:46:39 PET 2026,Tue Jun 23 11:46:39 PET 2026,PUT,https://localhost:7241/api/Citas/id/reprogramar,404,Not Found,1,377,0
114316,Tue Jun 23 11:46:39 PET 2026,Tue Jun 23 11:46:39 PET 2026,POST,https://localhost:7241/api/Citas,401,Unauthorized,1,406,0
114325,Tue Jun 23 11:46:39 PET 2026,Tue Jun 23 11:46:39 PET 2026,POST,https://localhost:7241/api/Comprobantes/emitir/estado-cuenta,401,Unauthorized,1,406,0
114324,Tue Jun 23 11:46:39 PET 2026,Tue Jun 23 11:46:39 PET 2026,PUT,https://localhost:7241/api/Horarios/id,404,Not Found,0,377,0
114323,Tue Jun 23 11:46:39 PET 2026,Tue Jun 23 11:46:39 PET 2026,POST,https://localhost:7241/api/Comprobantes/emitir/resumen-atencion,401,Unauthorized,0,406,0
114322,Tue Jun 23 11:46:39 PET 2026,Tue Jun 23 11:46:39 PET 2026,POST,https://localhost:7241/api/Doctores,401,Unauthorized,0,406,0
114321,Tue Jun 23 11:46:39 PET 2026,Tue Jun 23 11:46:39 PET 2026,POST,https://localhost:7241/api/Atenciones,401,Unauthorized,0,406,0
114320,Tue Jun 23 11:46:39 PET 2026,Tue Jun 23 11:46:39 PET 2026,POST,https://localhost:7241/api/Horarios,401,Unauthorized,0,406,0
114319,Tue Jun 23 11:46:39 PET 2026,Tue Jun 23 11:46:39 PET 2026,PUT,https://localhost:7241/api/Roles/id,404,Not Found,0,377,0
114318,Tue Jun 23 11:46:39 PET 2026,Tue Jun 23 11:46:39 PET 2026,PUT,https://localhost:7241/api/Pagos/id/estado,404,Not Found,0,377,0
114327,Tue Jun 23 11:46:39 PET 2026,Tue Jun 23 11:46:39 PET 2026,PUT,https://localhost:7241/api/Atenciones/id/anular,404,Not Found,0,377,0
114328,Tue Jun 23 11:46:39 PET 2026,Tue Jun 23 11:46:39 PET 2026,PUT,https://localhost:7241/api/Citas/id/cancelar,404,Not Found,0,377,0
114329,Tue Jun 23 11:46:39 PET 2026,Tue Jun 23 11:46:39 PET 2026,POST,https://localhost:7241/api/Pacientes,401,Unauthorized,0,406,0
114330,Tue Jun 23 11:46:39 PET 2026,Tue Jun 23 11:46:39 PET 2026,POST,https://localhost:7241/api/Usuarios/asignar-rol,401,Unauthorized,0,406,0
114331,Tue Jun 23 11:46:39 PET 2026,Tue Jun 23 11:46:39 PET 2026,POST,https://localhost:7241/api/Comprobantes/emitir/boleta-pago,401,Unauthorized,0,406,0
114333,Tue Jun 23 11:46:39 PET 2026,Tue Jun 23 11:46:39 PET 2026,POST,https://localhost:7241/api/Auth/cambiar-contrasena,401,Unauthorized,1,406,0
114336,Tue Jun 23 11:46:39 PET 2026,Tue Jun 23 11:46:39 PET 2026,PUT,https://localhost:7241/api/Roles/id,404,Not Found,1,377,0
114337,Tue Jun 23 11:46:39 PET 2026,Tue Jun 23 11:46:39 PET 2026,POST,https://localhost:7241/api/Doctores/contratar,401,Unauthorized,0,406,0
114338,Tue Jun 23 11:46:39 PET 2026,Tue Jun 23 11:46:39 PET 2026,POST,https://localhost:7241/api/Pacientes,401,Unauthorized,0,406,0
114339,Tue Jun 23 11:46:39 PET 2026,Tue Jun 23 11:46:39 PET 2026,PUT,https://localhost:7241/api/Pacientes/id/contacto,404,Not Found,0,377,0
114340,Tue Jun 23 11:46:39 PET 2026,Tue Jun 23 11:46:39 PET 2026,PUT,https://localhost:7241/api/Pacientes/id/estado,404,Not Found,0,377,0
114341,Tue Jun 23 11:46:39 PET 2026,Tue Jun 23 11:46:39 PET 2026,POST,https://localhost:7241/api/Roles,401,Unauthorized,0,406,0
114342,Tue Jun 23 11:46:39 PET 2026,Tue Jun 23 11:46:39 PET 2026,POST,https://localhost:7241/api/Pagos,401,Unauthorized,1,406,0
114343,Tue Jun 23 11:46:39 PET 2026,Tue Jun 23 11:46:39 PET 2026,POST,https://localhost:7241/api/Finanzas/ajustes-financieros,401,Unauthorized,1,406,0
114344,Tue Jun 23 11:46:39 PET 2026,Tue Jun 23 11:46:39 PET 2026,POST,https://localhost:7241/api/Atenciones,401,Unauthorized,0,406,0
114347,Tue Jun 23 11:46:39 PET 2026,Tue Jun 23 11:46:39 PET 2026,PUT,https://localhost:7241/api/Atenciones/id/cerrar,404,Not Found,3,377,0
114346,Tue Jun 23 11:46:39 PET 2026,Tue Jun 23 11:46:39 PET 2026,POST,https://localhost:7241/api/Roles/asignar-permisos,401,Unauthorized,0,406,0
114349,Tue Jun 23 11:46:39 PET 2026,Tue Jun 23 11:46:39 PET 2026,PUT,https://localhost:7241/api/Doctores/id,404,Not Found,1,377,0
114350,Tue Jun 23 11:46:39 PET 2026,Tue Jun 23 11:46:39 PET 2026,PUT,https://localhost:7241/api/Horarios/id,404,Not Found,1,377,0
114362,Tue Jun 23 11:46:39 PET 2026,Tue Jun 23 11:46:39 PET 2026,POST,https://localhost:7241/api/Citas,401,Unauthorized,1,406,0
114361,Tue Jun 23 11:46:39 PET 2026,Tue Jun 23 11:46:39 PET 2026,PUT,https://localhost:7241/api/Pagos/id/estado,404,Not Found,1,377,0
114360,Tue Jun 23 11:46:39 PET 2026,Tue Jun 23 11:46:39 PET 2026,PUT,https://localhost:7241/api/Citas/id/reprogramar,404,Not Found,1,377,0
114359,Tue Jun 23 11:46:39 PET 2026,Tue Jun 23 11:46:39 PET 2026,POST,https://localhost:7241/api/Comprobantes/emitir/constancia-cita,401,Unauthorized,1,406,0
114358,Tue Jun 23 11:46:39 PET 2026,Tue Jun 23 11:46:39 PET 2026,POST,https://localhost:7241/api/Horarios,401,Unauthorized,1,406,0
114357,Tue Jun 23 11:46:39 PET 2026,Tue Jun 23 11:46:39 PET 2026,POST,https://localhost:7241/api/Comprobantes/emitir/estado-cuenta,401,Unauthorized,1,406,0
114356,Tue Jun 23 11:46:39 PET 2026,Tue Jun 23 11:46:39 PET 2026,POST,https://localhost:7241/api/Atenciones,401,Unauthorized,1,406,0
114355,Tue Jun 23 11:46:39 PET 2026,Tue Jun 23 11:46:39 PET 2026,POST,https://localhost:7241/api/Comprobantes/emitir/resumen-atencion,401,Unauthorized,1,406,0
114354,Tue Jun 23 11:46:39 PET 2026,Tue Jun 23 11:46:39 PET 2026,POST,https://localhost:7241/api/Doctores,401,Unauthorized,1,406,0
114353,Tue Jun 23 11:46:39 PET 2026,Tue Jun 23 11:46:39 PET 2026,POST,https://localhost:7241/api/Comprobantes/emitir/boleta-pago,401,Unauthorized,0,406,0
114352,Tue Jun 23 11:46:39 PET 2026,Tue Jun 23 11:46:39 PET 2026,POST,https://localhost:7241/api/Auth/cambiar-contrasena,401,Unauthorized,0,406,0
114365,Tue Jun 23 11:46:39 PET 2026,Tue Jun 23 11:46:39 PET 2026,PUT,https://localhost:7241/api/Citas/id/cancelar,404,Not Found,1,377,0
114366,Tue Jun 23 11:46:39 PET 2026,Tue Jun 23 11:46:39 PET 2026,PUT,https://localhost:7241/api/Atenciones/id/cerrar,404,Not Found,1,377,0
114367,Tue Jun 23 11:46:39 PET 2026,Tue Jun 23 11:46:39 PET 2026,POST,https://localhost:7241/api/Pacientes,401,Unauthorized,1,406,0
114371,Tue Jun 23 11:46:39 PET 2026,Tue Jun 23 11:46:39 PET 2026,PUT,https://localhost:7241/api/Comprobantes/comprobanteId/anular,404,Not Found,1,377,0
114370,Tue Jun 23 11:46:39 PET 2026,Tue Jun 23 11:46:39 PET 2026,POST,https://localhost:7241/api/Usuarios/asignar-rol,401,Unauthorized,2,406,0
114369,Tue Jun 23 11:46:39 PET 2026,Tue Jun 23 11:46:39 PET 2026,POST,https://localhost:7241/api/Certificados/block,401,Unauthorized,1,406,0
114403,Tue Jun 23 11:46:39 PET 2026,Tue Jun 23 11:46:39 PET 2026,PUT,https://localhost:7241/api/Citas/id/reprogramar,404,Not Found,2,377,0
114400,Tue Jun 23 11:46:39 PET 2026,Tue Jun 23 11:46:39 PET 2026,POST,https://localhost:7241/api/Comprobantes/emitir/estado-cuenta,401,Unauthorized,2,406,0
114401,Tue Jun 23 11:46:39 PET 2026,Tue Jun 23 11:46:39 PET 2026,POST,https://localhost:7241/api/Atenciones,401,Unauthorized,2,406,0
114399,Tue Jun 23 11:46:39 PET 2026,Tue Jun 23 11:46:39 PET 2026,POST,https://localhost:7241/api/Comprobantes/emitir/resumen-atencion,401,Unauthorized,2,406,0
114402,Tue Jun 23 11:46:39 PET 2026,Tue Jun 23 11:46:39 PET 2026,POST,https://localhost:7241/api/Doctores,401,Unauthorized,2,406,0
114398,Tue Jun 23 11:46:39 PET 2026,Tue Jun 23 11:46:39 PET 2026,POST,https://localhost:7241/api/Comprobantes/emitir/constancia-cita,401,Unauthorized,2,406,0
114397,Tue Jun 23 11:46:39 PET 2026,Tue Jun 23 11:46:39 PET 2026,POST,https://localhost:7241/api/Pagos,401,Unauthorized,2,406,0
114396,Tue Jun 23 11:46:39 PET 2026,Tue Jun 23 11:46:39 PET 2026,POST,https://localhost:7241/api/Comprobantes/emitir/boleta-pago,401,Unauthorized,2,406,0
114393,Tue Jun 23 11:46:39 PET 2026,Tue Jun 23 11:46:39 PET 2026,PUT,https://localhost:7241/api/Atenciones/id/cerrar,404,Not Found,0,377,0
114392,Tue Jun 23 11:46:39 PET 2026,Tue Jun 23 11:46:39 PET 2026,POST,https://localhost:7241/api/Finanzas/ajustes-financieros,401,Unauthorized,0,406,0
114391,Tue Jun 23 11:46:39 PET 2026,Tue Jun 23 11:46:39 PET 2026,POST,https://localhost:7241/api/Roles/asignar-permisos,401,Unauthorized,0,406,0
114389,Tue Jun 23 11:46:39 PET 2026,Tue Jun 23 11:46:39 PET 2026,POST,https://localhost:7241/api/Horarios,401,Unauthorized,2,406,0
114390,Tue Jun 23 11:46:39 PET 2026,Tue Jun 23 11:46:39 PET 2026,POST,https://localhost:7241/api/Atenciones,401,Unauthorized,2,406,0
114388,Tue Jun 23 11:46:39 PET 2026,Tue Jun 23 11:46:39 PET 2026,PUT,https://localhost:7241/api/Atenciones/id/anular,404,Not Found,2,377,0
114387,Tue Jun 23 11:46:39 PET 2026,Tue Jun 23 11:46:39 PET 2026,PUT,https://localhost:7241/api/Pacientes/id/estado,404,Not Found,0,377,0
114406,Tue Jun 23 11:46:39 PET 2026,Tue Jun 23 11:46:39 PET 2026,PUT,https://localhost:7241/api/Pagos/id/estado,404,Not Found,0,377,0
114407,Tue Jun 23 11:46:39 PET 2026,Tue Jun 23 11:46:39 PET 2026,POST,https://localhost:7241/api/Pacientes,401,Unauthorized,0,406,0
114408,Tue Jun 23 11:46:39 PET 2026,Tue Jun 23 11:46:39 PET 2026,PUT,https://localhost:7241/api/Roles/id,404,Not Found,0,377,0
114409,Tue Jun 23 11:46:39 PET 2026,Tue Jun 23 11:46:39 PET 2026,PUT,https://localhost:7241/api/Pacientes/id/contacto,404,Not Found,0,377,0
114410,Tue Jun 23 11:46:39 PET 2026,Tue Jun 23 11:46:39 PET 2026,POST,https://localhost:7241/api/Auth/cambiar-contrasena,401,Unauthorized,0,406,0
114411,Tue Jun 23 11:46:39 PET 2026,Tue Jun 23 11:46:39 PET 2026,POST,https://localhost:7241/api/Citas,401,Unauthorized,1,406,0
114412,Tue Jun 23 11:46:39 PET 2026,Tue Jun 23 11:46:39 PET 2026,PUT,https://localhost:7241/api/Horarios/id,404,Not Found,1,377,0
114413,Tue Jun 23 11:46:39 PET 2026,Tue Jun 23 11:46:39 PET 2026,POST,https://localhost:7241/api/Roles,401,Unauthorized,0,406,0
114415,Tue Jun 23 11:46:39 PET 2026,Tue Jun 23 11:46:39 PET 2026,POST,https://localhost:7241/api/Doctores/contratar,401,Unauthorized,0,406,0
114417,Tue Jun 23 11:46:40 PET 2026,Tue Jun 23 11:46:40 PET 2026,PUT,https://localhost:7241/api/Citas/id/cancelar,404,Not Found,1,377,0
114418,Tue Jun 23 11:46:40 PET 2026,Tue Jun 23 11:46:40 PET 2026,PUT,https://localhost:7241/api/Comprobantes/comprobanteId/anular,404,Not Found,0,377,0
114419,Tue Jun 23 11:46:40 PET 2026,Tue Jun 23 11:46:40 PET 2026,PUT,https://localhost:7241/api/Doctores/id,404,Not Found,0,377,0
114420,Tue Jun 23 11:46:40 PET 2026,Tue Jun 23 11:46:40 PET 2026,POST,https://localhost:7241/api/Usuarios/asignar-rol,401,Unauthorized,0,406,0
114421,Tue Jun 23 11:46:40 PET 2026,Tue Jun 23 11:46:40 PET 2026,POST,https://localhost:7241/api/Certificados/block,401,Unauthorized,0,406,0
114422,Tue Jun 23 11:46:40 PET 2026,Tue Jun 23 11:46:40 PET 2026,POST,https://localhost:7241/api/Pacientes,401,Unauthorized,0,406,0
114425,Tue Jun 23 11:46:40 PET 2026,Tue Jun 23 11:46:40 PET 2026,POST,https://localhost:7241/api/Finanzas/ajustes-financieros,401,Unauthorized,0,406,0
114426,Tue Jun 23 11:46:40 PET 2026,Tue Jun 23 11:46:40 PET 2026,POST,https://localhost:7241/api/Horarios,401,Unauthorized,1,406,0
114427,Tue Jun 23 11:46:40 PET 2026,Tue Jun 23 11:46:40 PET 2026,PUT,https://localhost:7241/api/Atenciones/id/cerrar,404,Not Found,1,377,0
114428,Tue Jun 23 11:46:40 PET 2026,Tue Jun 23 11:46:40 PET 2026,PUT,https://localhost:7241/api/Pacientes/id/estado,404,Not Found,1,377,0
114429,Tue Jun 23 11:46:40 PET 2026,Tue Jun 23 11:46:40 PET 2026,POST,https://localhost:7241/api/Atenciones,401,Unauthorized,1,406,0
114430,Tue Jun 23 11:46:40 PET 2026,Tue Jun 23 11:46:40 PET 2026,PUT,https://localhost:7241/api/Atenciones/id/anular,404,Not Found,1,377,0
114431,Tue Jun 23 11:46:40 PET 2026,Tue Jun 23 11:46:40 PET 2026,POST,https://localhost:7241/api/Roles/asignar-permisos,401,Unauthorized,0,406,0
114434,Tue Jun 23 11:46:40 PET 2026,Tue Jun 23 11:46:40 PET 2026,POST,https://localhost:7241/api/Citas,401,Unauthorized,0,406,0
114435,Tue Jun 23 11:46:40 PET 2026,Tue Jun 23 11:46:40 PET 2026,POST,https://localhost:7241/api/Comprobantes/emitir/constancia-cita,401,Unauthorized,1,406,0
114436,Tue Jun 23 11:46:40 PET 2026,Tue Jun 23 11:46:40 PET 2026,POST,https://localhost:7241/api/Comprobantes/emitir/resumen-atencion,401,Unauthorized,1,406,0
114437,Tue Jun 23 11:46:40 PET 2026,Tue Jun 23 11:46:40 PET 2026,POST,https://localhost:7241/api/Atenciones,401,Unauthorized,1,406,0
114438,Tue Jun 23 11:46:40 PET 2026,Tue Jun 23 11:46:40 PET 2026,POST,https://localhost:7241/api/Roles,401,Unauthorized,1,406,0
114439,Tue Jun 23 11:46:40 PET 2026,Tue Jun 23 11:46:40 PET 2026,PUT,https://localhost:7241/api/Horarios/id,404,Not Found,1,377,0
114441,Tue Jun 23 11:46:40 PET 2026,Tue Jun 23 11:46:40 PET 2026,POST,https://localhost:7241/api/Comprobantes/emitir/boleta-pago,401,Unauthorized,1,406,0
114448,Tue Jun 23 11:46:40 PET 2026,Tue Jun 23 11:46:40 PET 2026,POST,https://localhost:7241/api/Doctores,401,Unauthorized,4,406,0
114447,Tue Jun 23 11:46:40 PET 2026,Tue Jun 23 11:46:40 PET 2026,POST,https://localhost:7241/api/Pagos,401,Unauthorized,3,406,0
114446,Tue Jun 23 11:46:40 PET 2026,Tue Jun 23 11:46:40 PET 2026,PUT,https://localhost:7241/api/Atenciones/id/cerrar,404,Not Found,1,377,0
114445,Tue Jun 23 11:46:40 PET 2026,Tue Jun 23 11:46:40 PET 2026,PUT,https://localhost:7241/api/Citas/id/reprogramar,404,Not Found,1,377,0
114444,Tue Jun 23 11:46:40 PET 2026,Tue Jun 23 11:46:40 PET 2026,POST,https://localhost:7241/api/Doctores/contratar,401,Unauthorized,1,406,0
114443,Tue Jun 23 11:46:40 PET 2026,Tue Jun 23 11:46:40 PET 2026,POST,https://localhost:7241/api/Comprobantes/emitir/estado-cuenta,401,Unauthorized,1,406,0
114450,Tue Jun 23 11:46:40 PET 2026,Tue Jun 23 11:46:40 PET 2026,POST,https://localhost:7241/api/Usuarios/asignar-rol,401,Unauthorized,1,406,0
114451,Tue Jun 23 11:46:40 PET 2026,Tue Jun 23 11:46:40 PET 2026,PUT,https://localhost:7241/api/Pagos/id/estado,404,Not Found,1,377,0
114452,Tue Jun 23 11:46:40 PET 2026,Tue Jun 23 11:46:40 PET 2026,POST,https://localhost:7241/api/Auth/cambiar-contrasena,401,Unauthorized,0,406,0
114458,Tue Jun 23 11:46:40 PET 2026,Tue Jun 23 11:46:40 PET 2026,POST,https://localhost:7241/api/Pacientes,401,Unauthorized,1,406,0
114457,Tue Jun 23 11:46:40 PET 2026,Tue Jun 23 11:46:40 PET 2026,PUT,https://localhost:7241/api/Roles/id,404,Not Found,1,377,0
114456,Tue Jun 23 11:46:40 PET 2026,Tue Jun 23 11:46:40 PET 2026,PUT,https://localhost:7241/api/Pacientes/id/contacto,404,Not Found,0,377,0
114455,Tue Jun 23 11:46:40 PET 2026,Tue Jun 23 11:46:40 PET 2026,POST,https://localhost:7241/api/Pacientes,401,Unauthorized,1,406,0
114454,Tue Jun 23 11:46:40 PET 2026,Tue Jun 23 11:46:40 PET 2026,POST,https://localhost:7241/api/Certificados/block,401,Unauthorized,1,406,0
114460,Tue Jun 23 11:46:40 PET 2026,Tue Jun 23 11:46:40 PET 2026,PUT,https://localhost:7241/api/Pacientes/id/estado,404,Not Found,2,377,0
114461,Tue Jun 23 11:46:40 PET 2026,Tue Jun 23 11:46:40 PET 2026,PUT,https://localhost:7241/api/Atenciones/id/anular,404,Not Found,2,377,0
114462,Tue Jun 23 11:46:40 PET 2026,Tue Jun 23 11:46:40 PET 2026,PUT,https://localhost:7241/api/Doctores/id,404,Not Found,0,377,0
114468,Tue Jun 23 11:46:40 PET 2026,Tue Jun 23 11:46:40 PET 2026,PUT,https://localhost:7241/api/Citas/id/cancelar,404,Not Found,2,377,0
114467,Tue Jun 23 11:46:40 PET 2026,Tue Jun 23 11:46:40 PET 2026,PUT,https://localhost:7241/api/Comprobantes/comprobanteId/anular,404,Not Found,2,377,0
114466,Tue Jun 23 11:46:40 PET 2026,Tue Jun 23 11:46:40 PET 2026,POST,https://localhost:7241/api/Pagos,401,Unauthorized,0,406,0
114465,Tue Jun 23 11:46:40 PET 2026,Tue Jun 23 11:46:40 PET 2026,POST,https://localhost:7241/api/Atenciones,401,Unauthorized,2,406,0
114464,Tue Jun 23 11:46:40 PET 2026,Tue Jun 23 11:46:40 PET 2026,POST,https://localhost:7241/api/Roles/asignar-permisos,401,Unauthorized,2,406,0
114470,Tue Jun 23 11:46:40 PET 2026,Tue Jun 23 11:46:40 PET 2026,PUT,https://localhost:7241/api/Horarios/id,404,Not Found,0,377,0
114471,Tue Jun 23 11:46:40 PET 2026,Tue Jun 23 11:46:40 PET 2026,PUT,https://localhost:7241/api/Atenciones/id/cerrar,404,Not Found,1,377,0
114472,Tue Jun 23 11:46:40 PET 2026,Tue Jun 23 11:46:40 PET 2026,POST,https://localhost:7241/api/Horarios,401,Unauthorized,1,406,0
114473,Tue Jun 23 11:46:40 PET 2026,Tue Jun 23 11:46:40 PET 2026,POST,https://localhost:7241/api/Finanzas/ajustes-financieros,401,Unauthorized,1,406,0
114474,Tue Jun 23 11:46:40 PET 2026,Tue Jun 23 11:46:40 PET 2026,POST,https://localhost:7241/api/Doctores,401,Unauthorized,0,406,0
114475,Tue Jun 23 11:46:40 PET 2026,Tue Jun 23 11:46:40 PET 2026,POST,https://localhost:7241/api/Comprobantes/emitir/estado-cuenta,401,Unauthorized,0,406,0
114476,Tue Jun 23 11:46:40 PET 2026,Tue Jun 23 11:46:40 PET 2026,PUT,https://localhost:7241/api/Atenciones/id/cerrar,404,Not Found,0,377,0
114480,Tue Jun 23 11:46:40 PET 2026,Tue Jun 23 11:46:40 PET 2026,POST,https://localhost:7241/api/Doctores/contratar,401,Unauthorized,1,406,0
114479,Tue Jun 23 11:46:40 PET 2026,Tue Jun 23 11:46:40 PET 2026,POST,https://localhost:7241/api/Comprobantes/emitir/boleta-pago,401,Unauthorized,1,406,0
114478,Tue Jun 23 11:46:40 PET 2026,Tue Jun 23 11:46:40 PET 2026,PUT,https://localhost:7241/api/Citas/id/reprogramar,404,Not Found,1,377,0
114482,Tue Jun 23 11:46:40 PET 2026,Tue Jun 23 11:46:40 PET 2026,POST,https://localhost:7241/api/Pacientes,401,Unauthorized,1,406,0
114483,Tue Jun 23 11:46:40 PET 2026,Tue Jun 23 11:46:40 PET 2026,POST,https://localhost:7241/api/Comprobantes/emitir/resumen-atencion,401,Unauthorized,0,406,0
114484,Tue Jun 23 11:46:40 PET 2026,Tue Jun 23 11:46:40 PET 2026,POST,https://localhost:7241/api/Certificados/block,401,Unauthorized,1,406,0
114485,Tue Jun 23 11:46:40 PET 2026,Tue Jun 23 11:46:40 PET 2026,POST,https://localhost:7241/api/Auth/cambiar-contrasena,401,Unauthorized,1,406,0
114486,Tue Jun 23 11:46:40 PET 2026,Tue Jun 23 11:46:40 PET 2026,PUT,https://localhost:7241/api/Roles/id,404,Not Found,1,377,0
114494,Tue Jun 23 11:46:40 PET 2026,Tue Jun 23 11:46:40 PET 2026,POST,https://localhost:7241/api/Pacientes,401,Unauthorized,1,406,0
114493,Tue Jun 23 11:46:40 PET 2026,Tue Jun 23 11:46:40 PET 2026,POST,https://localhost:7241/api/Comprobantes/emitir/constancia-cita,401,Unauthorized,0,406,0
114492,Tue Jun 23 11:46:40 PET 2026,Tue Jun 23 11:46:40 PET 2026,PUT,https://localhost:7241/api/Pacientes/id/contacto,404,Not Found,1,377,0
114491,Tue Jun 23 11:46:40 PET 2026,Tue Jun 23 11:46:40 PET 2026,POST,https://localhost:7241/api/Citas,401,Unauthorized,0,406,0
114490,Tue Jun 23 11:46:40 PET 2026,Tue Jun 23 11:46:40 PET 2026,POST,https://localhost:7241/api/Atenciones,401,Unauthorized,0,406,0
114489,Tue Jun 23 11:46:40 PET 2026,Tue Jun 23 11:46:40 PET 2026,POST,https://localhost:7241/api/Roles,401,Unauthorized,0,406,0
114488,Tue Jun 23 11:46:40 PET 2026,Tue Jun 23 11:46:40 PET 2026,POST,https://localhost:7241/api/Pagos,401,Unauthorized,0,406,0
114497,Tue Jun 23 11:46:40 PET 2026,Tue Jun 23 11:46:40 PET 2026,PUT,https://localhost:7241/api/Doctores/id,404,Not Found,0,377,0
114498,Tue Jun 23 11:46:40 PET 2026,Tue Jun 23 11:46:40 PET 2026,POST,https://localhost:7241/api/Atenciones,401,Unauthorized,1,406,0
114499,Tue Jun 23 11:46:40 PET 2026,Tue Jun 23 11:46:40 PET 2026,PUT,https://localhost:7241/api/Citas/id/cancelar,404,Not Found,0,377,0
114500,Tue Jun 23 11:46:40 PET 2026,Tue Jun 23 11:46:40 PET 2026,PUT,https://localhost:7241/api/Comprobantes/comprobanteId/anular,404,Not Found,0,377,0
114501,Tue Jun 23 11:46:40 PET 2026,Tue Jun 23 11:46:40 PET 2026,POST,https://localhost:7241/api/Roles/asignar-permisos,401,Unauthorized,1,406,0
114502,Tue Jun 23 11:46:40 PET 2026,Tue Jun 23 11:46:40 PET 2026,POST,https://localhost:7241/api/Usuarios/asignar-rol,401,Unauthorized,1,406,0
114503,Tue Jun 23 11:46:40 PET 2026,Tue Jun 23 11:46:40 PET 2026,PUT,https://localhost:7241/api/Pagos/id/estado,404,Not Found,1,377,0
114506,Tue Jun 23 11:46:41 PET 2026,Tue Jun 23 11:46:41 PET 2026,POST,https://localhost:7241/api/Doctores,401,Unauthorized,0,406,0
114507,Tue Jun 23 11:46:41 PET 2026,Tue Jun 23 11:46:41 PET 2026,POST,https://localhost:7241/api/Roles,401,Unauthorized,0,406,0
114508,Tue Jun 23 11:46:41 PET 2026,Tue Jun 23 11:46:41 PET 2026,POST,https://localhost:7241/api/Citas,401,Unauthorized,0,406,0
114509,Tue Jun 23 11:46:41 PET 2026,Tue Jun 23 11:46:41 PET 2026,POST,https://localhost:7241/api/Doctores/contratar,401,Unauthorized,0,406,0
114510,Tue Jun 23 11:46:41 PET 2026,Tue Jun 23 11:46:41 PET 2026,POST,https://localhost:7241/api/Comprobantes/emitir/boleta-pago,401,Unauthorized,0,406,0
114515,Tue Jun 23 11:46:41 PET 2026,Tue Jun 23 11:46:41 PET 2026,PUT,https://localhost:7241/api/Atenciones/id/anular,404,Not Found,0,377,0
114514,Tue Jun 23 11:46:41 PET 2026,Tue Jun 23 11:46:41 PET 2026,PUT,https://localhost:7241/api/Citas/id/reprogramar,404,Not Found,0,377,0
114513,Tue Jun 23 11:46:41 PET 2026,Tue Jun 23 11:46:41 PET 2026,PUT,https://localhost:7241/api/Pacientes/id/estado,404,Not Found,0,377,0
114512,Tue Jun 23 11:46:41 PET 2026,Tue Jun 23 11:46:41 PET 2026,POST,https://localhost:7241/api/Atenciones,401,Unauthorized,0,406,0
114517,Tue Jun 23 11:46:41 PET 2026,Tue Jun 23 11:46:41 PET 2026,PUT,https://localhost:7241/api/Roles/id,404,Not Found,0,377,0
114518,Tue Jun 23 11:46:41 PET 2026,Tue Jun 23 11:46:41 PET 2026,PUT,https://localhost:7241/api/Atenciones/id/cerrar,404,Not Found,0,377,0
114519,Tue Jun 23 11:46:41 PET 2026,Tue Jun 23 11:46:41 PET 2026,PUT,https://localhost:7241/api/Horarios/id,404,Not Found,0,377,0
114520,Tue Jun 23 11:46:41 PET 2026,Tue Jun 23 11:46:41 PET 2026,POST,https://localhost:7241/api/Pacientes,401,Unauthorized,0,406,0
114521,Tue Jun 23 11:46:41 PET 2026,Tue Jun 23 11:46:41 PET 2026,POST,https://localhost:7241/api/Finanzas/ajustes-financieros,401,Unauthorized,1,406,0
114522,Tue Jun 23 11:46:41 PET 2026,Tue Jun 23 11:46:41 PET 2026,POST,https://localhost:7241/api/Horarios,401,Unauthorized,1,406,0
114523,Tue Jun 23 11:46:41 PET 2026,Tue Jun 23 11:46:41 PET 2026,PUT,https://localhost:7241/api/Atenciones/id/cerrar,404,Not Found,1,377,0
114524,Tue Jun 23 11:46:41 PET 2026,Tue Jun 23 11:46:41 PET 2026,POST,https://localhost:7241/api/Pagos,401,Unauthorized,0,406,0
114525,Tue Jun 23 11:46:41 PET 2026,Tue Jun 23 11:46:41 PET 2026,POST,https://localhost:7241/api/Comprobantes/emitir/estado-cuenta,401,Unauthorized,0,406,0
114526,Tue Jun 23 11:46:41 PET 2026,Tue Jun 23 11:46:41 PET 2026,PUT,https://localhost:7241/api/Pacientes/id/contacto,404,Not Found,0,377,0
114527,Tue Jun 23 11:46:41 PET 2026,Tue Jun 23 11:46:41 PET 2026,POST,https://localhost:7241/api/Comprobantes/emitir/constancia-cita,401,Unauthorized,0,406,0
114530,Tue Jun 23 11:46:41 PET 2026,Tue Jun 23 11:46:41 PET 2026,PUT,https://localhost:7241/api/Comprobantes/comprobanteId/anular,404,Not Found,0,377,0
114531,Tue Jun 23 11:46:41 PET 2026,Tue Jun 23 11:46:41 PET 2026,PUT,https://localhost:7241/api/Pagos/id/estado,404,Not Found,1,377,0
114532,Tue Jun 23 11:46:41 PET 2026,Tue Jun 23 11:46:41 PET 2026,POST,https://localhost:7241/api/Comprobantes/emitir/resumen-atencion,401,Unauthorized,1,406,0
114533,Tue Jun 23 11:46:41 PET 2026,Tue Jun 23 11:46:41 PET 2026,POST,https://localhost:7241/api/Usuarios/asignar-rol,401,Unauthorized,1,406,0
114534,Tue Jun 23 11:46:41 PET 2026,Tue Jun 23 11:46:41 PET 2026,POST,https://localhost:7241/api/Certificados/block,401,Unauthorized,1,406,0
114538,Tue Jun 23 11:46:41 PET 2026,Tue Jun 23 11:46:41 PET 2026,POST,https://localhost:7241/api/Auth/cambiar-contrasena,401,Unauthorized,4,406,0
114537,Tue Jun 23 11:46:41 PET 2026,Tue Jun 23 11:46:41 PET 2026,POST,https://localhost:7241/api/Pacientes,401,Unauthorized,4,406,0
114540,Tue Jun 23 11:46:41 PET 2026,Tue Jun 23 11:46:41 PET 2026,PUT,https://localhost:7241/api/Citas/id/reprogramar,404,Not Found,1,377,0
114541,Tue Jun 23 11:46:41 PET 2026,Tue Jun 23 11:46:41 PET 2026,POST,https://localhost:7241/api/Atenciones,401,Unauthorized,1,406,0
114542,Tue Jun 23 11:46:41 PET 2026,Tue Jun 23 11:46:41 PET 2026,PUT,https://localhost:7241/api/Citas/id/cancelar,404,Not Found,0,377,0
114543,Tue Jun 23 11:46:41 PET 2026,Tue Jun 23 11:46:41 PET 2026,POST,https://localhost:7241/api/Roles/asignar-permisos,401,Unauthorized,0,406,0
114544,Tue Jun 23 11:46:41 PET 2026,Tue Jun 23 11:46:41 PET 2026,PUT,https://localhost:7241/api/Doctores/id,404,Not Found,1,377,0
114546,Tue Jun 23 11:46:41 PET 2026,Tue Jun 23 11:46:41 PET 2026,POST,https://localhost:7241/api/Atenciones,401,Unauthorized,1,406,0
114548,Tue Jun 23 11:46:41 PET 2026,Tue Jun 23 11:46:41 PET 2026,PUT,https://localhost:7241/api/Pacientes/id/contacto,404,Not Found,1,377,0
114549,Tue Jun 23 11:46:41 PET 2026,Tue Jun 23 11:46:41 PET 2026,POST,https://localhost:7241/api/Comprobantes/emitir/constancia-cita,401,Unauthorized,1,406,0
114550,Tue Jun 23 11:46:41 PET 2026,Tue Jun 23 11:46:41 PET 2026,POST,https://localhost:7241/api/Roles,401,Unauthorized,1,406,0
114551,Tue Jun 23 11:46:41 PET 2026,Tue Jun 23 11:46:41 PET 2026,POST,https://localhost:7241/api/Citas,401,Unauthorized,1,406,0
114552,Tue Jun 23 11:46:41 PET 2026,Tue Jun 23 11:46:41 PET 2026,POST,https://localhost:7241/api/Doctores,401,Unauthorized,1,406,0
114558,Tue Jun 23 11:46:41 PET 2026,Tue Jun 23 11:46:41 PET 2026,PUT,https://localhost:7241/api/Atenciones/id/anular,404,Not Found,4,377,0
114557,Tue Jun 23 11:46:41 PET 2026,Tue Jun 23 11:46:41 PET 2026,PUT,https://localhost:7241/api/Pacientes/id/estado,404,Not Found,4,377,0
114556,Tue Jun 23 11:46:41 PET 2026,Tue Jun 23 11:46:41 PET 2026,POST,https://localhost:7241/api/Comprobantes/emitir/boleta-pago,401,Unauthorized,4,406,0
114555,Tue Jun 23 11:46:41 PET 2026,Tue Jun 23 11:46:41 PET 2026,POST,https://localhost:7241/api/Doctores/contratar,401,Unauthorized,3,406,0
114561,Tue Jun 23 11:46:41 PET 2026,Tue Jun 23 11:46:41 PET 2026,PUT,https://localhost:7241/api/Atenciones/id/cerrar,404,Not Found,0,377,0
114562,Tue Jun 23 11:46:41 PET 2026,Tue Jun 23 11:46:41 PET 2026,PUT,https://localhost:7241/api/Horarios/id,404,Not Found,0,377,0
114563,Tue Jun 23 11:46:41 PET 2026,Tue Jun 23 11:46:41 PET 2026,POST,https://localhost:7241/api/Horarios,401,Unauthorized,0,406,0
114564,Tue Jun 23 11:46:41 PET 2026,Tue Jun 23 11:46:41 PET 2026,POST,https://localhost:7241/api/Usuarios/asignar-rol,401,Unauthorized,1,406,0
114565,Tue Jun 23 11:46:41 PET 2026,Tue Jun 23 11:46:41 PET 2026,PUT,https://localhost:7241/api/Roles/id,404,Not Found,1,377,0
114566,Tue Jun 23 11:46:41 PET 2026,Tue Jun 23 11:46:41 PET 2026,POST,https://localhost:7241/api/Finanzas/ajustes-financieros,401,Unauthorized,0,406,0
114572,Tue Jun 23 11:46:41 PET 2026,Tue Jun 23 11:46:41 PET 2026,POST,https://localhost:7241/api/Pacientes,401,Unauthorized,0,406,0
114571,Tue Jun 23 11:46:41 PET 2026,Tue Jun 23 11:46:41 PET 2026,POST,https://localhost:7241/api/Pagos,401,Unauthorized,0,406,0
114570,Tue Jun 23 11:46:41 PET 2026,Tue Jun 23 11:46:41 PET 2026,POST,https://localhost:7241/api/Atenciones,401,Unauthorized,0,406,0
114569,Tue Jun 23 11:46:41 PET 2026,Tue Jun 23 11:46:41 PET 2026,PUT,https://localhost:7241/api/Atenciones/id/cerrar,404,Not Found,0,377,0
114568,Tue Jun 23 11:46:41 PET 2026,Tue Jun 23 11:46:41 PET 2026,POST,https://localhost:7241/api/Comprobantes/emitir/estado-cuenta,401,Unauthorized,0,406,0
114589,Tue Jun 23 11:46:42 PET 2026,Tue Jun 23 11:46:42 PET 2026,PUT,https://localhost:7241/api/Atenciones/id/anular,404,Not Found,0,377,0
114590,Tue Jun 23 11:46:42 PET 2026,Tue Jun 23 11:46:42 PET 2026,PUT,https://localhost:7241/api/Pacientes/id/estado,404,Not Found,0,377,0
114588,Tue Jun 23 11:46:42 PET 2026,Tue Jun 23 11:46:42 PET 2026,PUT,https://localhost:7241/api/Citas/id/reprogramar,404,Not Found,1,377,0
114594,Tue Jun 23 11:46:42 PET 2026,Tue Jun 23 11:46:42 PET 2026,POST,https://localhost:7241/api/Auth/cambiar-contrasena,401,Unauthorized,0,406,0
114593,Tue Jun 23 11:46:42 PET 2026,Tue Jun 23 11:46:42 PET 2026,PUT,https://localhost:7241/api/Pagos/id/estado,404,Not Found,0,377,0
114595,Tue Jun 23 11:46:42 PET 2026,Tue Jun 23 11:46:42 PET 2026,POST,https://localhost:7241/api/Roles/asignar-permisos,401,Unauthorized,1,406,0
114592,Tue Jun 23 11:46:42 PET 2026,Tue Jun 23 11:46:42 PET 2026,POST,https://localhost:7241/api/Comprobantes/emitir/resumen-atencion,401,Unauthorized,1,406,0
114591,Tue Jun 23 11:46:42 PET 2026,Tue Jun 23 11:46:42 PET 2026,POST,https://localhost:7241/api/Certificados/block,401,Unauthorized,1,406,0
114601,Tue Jun 23 11:46:42 PET 2026,Tue Jun 23 11:46:42 PET 2026,POST,https://localhost:7241/api/Doctores/contratar,401,Unauthorized,6,406,0
114602,Tue Jun 23 11:46:42 PET 2026,Tue Jun 23 11:46:42 PET 2026,POST,https://localhost:7241/api/Comprobantes/emitir/boleta-pago,401,Unauthorized,7,406,0
114600,Tue Jun 23 11:46:42 PET 2026,Tue Jun 23 11:46:42 PET 2026,POST,https://localhost:7241/api/Citas,401,Unauthorized,6,406,0
114599,Tue Jun 23 11:46:42 PET 2026,Tue Jun 23 11:46:42 PET 2026,POST,https://localhost:7241/api/Pacientes,401,Unauthorized,4,406,0
114598,Tue Jun 23 11:46:42 PET 2026,Tue Jun 23 11:46:42 PET 2026,PUT,https://localhost:7241/api/Comprobantes/comprobanteId/anular,404,Not Found,5,377,0
114597,Tue Jun 23 11:46:42 PET 2026,Tue Jun 23 11:46:42 PET 2026,PUT,https://localhost:7241/api/Doctores/id,404,Not Found,4,377,0
114605,Tue Jun 23 11:46:42 PET 2026,Tue Jun 23 11:46:42 PET 2026,POST,https://localhost:7241/api/Comprobantes/emitir/constancia-cita,401,Unauthorized,0,406,0
114606,Tue Jun 23 11:46:42 PET 2026,Tue Jun 23 11:46:42 PET 2026,POST,https://localhost:7241/api/Doctores,401,Unauthorized,0,406,0
114607,Tue Jun 23 11:46:42 PET 2026,Tue Jun 23 11:46:42 PET 2026,POST,https://localhost:7241/api/Usuarios/asignar-rol,401,Unauthorized,1,406,0
114608,Tue Jun 23 11:46:42 PET 2026,Tue Jun 23 11:46:42 PET 2026,PUT,https://localhost:7241/api/Horarios/id,404,Not Found,0,377,0
114609,Tue Jun 23 11:46:42 PET 2026,Tue Jun 23 11:46:42 PET 2026,POST,https://localhost:7241/api/Atenciones,401,Unauthorized,0,406,0
114610,Tue Jun 23 11:46:42 PET 2026,Tue Jun 23 11:46:42 PET 2026,POST,https://localhost:7241/api/Horarios,401,Unauthorized,0,406,0
114611,Tue Jun 23 11:46:42 PET 2026,Tue Jun 23 11:46:42 PET 2026,POST,https://localhost:7241/api/Atenciones,401,Unauthorized,0,406,0
114612,Tue Jun 23 11:46:42 PET 2026,Tue Jun 23 11:46:42 PET 2026,PUT,https://localhost:7241/api/Roles/id,404,Not Found,0,377,0
114613,Tue Jun 23 11:46:42 PET 2026,Tue Jun 23 11:46:42 PET 2026,POST,https://localhost:7241/api/Pacientes,401,Unauthorized,1,406,0
114614,Tue Jun 23 11:46:42 PET 2026,Tue Jun 23 11:46:42 PET 2026,POST,https://localhost:7241/api/Comprobantes/emitir/estado-cuenta,401,Unauthorized,1,406,0
114615,Tue Jun 23 11:46:42 PET 2026,Tue Jun 23 11:46:42 PET 2026,PUT,https://localhost:7241/api/Citas/id/cancelar,404,Not Found,1,377,0
114622,Tue Jun 23 11:46:42 PET 2026,Tue Jun 23 11:46:42 PET 2026,POST,https://localhost:7241/api/Roles,401,Unauthorized,5,406,0
114621,Tue Jun 23 11:46:42 PET 2026,Tue Jun 23 11:46:42 PET 2026,PUT,https://localhost:7241/api/Pacientes/id/contacto,404,Not Found,5,377,0
114620,Tue Jun 23 11:46:42 PET 2026,Tue Jun 23 11:46:42 PET 2026,PUT,https://localhost:7241/api/Atenciones/id/cerrar,404,Not Found,4,377,0
114619,Tue Jun 23 11:46:42 PET 2026,Tue Jun 23 11:46:42 PET 2026,PUT,https://localhost:7241/api/Atenciones/id/cerrar,404,Not Found,1,377,0
114618,Tue Jun 23 11:46:42 PET 2026,Tue Jun 23 11:46:42 PET 2026,POST,https://localhost:7241/api/Finanzas/ajustes-financieros,401,Unauthorized,1,406,0
114617,Tue Jun 23 11:46:42 PET 2026,Tue Jun 23 11:46:42 PET 2026,POST,https://localhost:7241/api/Pagos,401,Unauthorized,1,406,0
114624,Tue Jun 23 11:46:42 PET 2026,Tue Jun 23 11:46:42 PET 2026,POST,https://localhost:7241/api/Pacientes,401,Unauthorized,1,406,0
114625,Tue Jun 23 11:46:42 PET 2026,Tue Jun 23 11:46:42 PET 2026,PUT,https://localhost:7241/api/Citas/id/reprogramar,404,Not Found,0,377,0
114626,Tue Jun 23 11:46:42 PET 2026,Tue Jun 23 11:46:42 PET 2026,POST,https://localhost:7241/api/Auth/cambiar-contrasena,401,Unauthorized,0,406,0
114627,Tue Jun 23 11:46:42 PET 2026,Tue Jun 23 11:46:42 PET 2026,POST,https://localhost:7241/api/Certificados/block,401,Unauthorized,0,406,0
114631,Tue Jun 23 11:46:42 PET 2026,Tue Jun 23 11:46:42 PET 2026,POST,https://localhost:7241/api/atenciones/atencionId/anamnesis,404,Not Found,0,377,0
114632,Tue Jun 23 11:46:42 PET 2026,Tue Jun 23 11:46:42 PET 2026,POST,https://localhost:7241/api/Roles,401,Unauthorized,0,406,0
114633,Tue Jun 23 11:46:42 PET 2026,Tue Jun 23 11:46:42 PET 2026,PUT,https://localhost:7241/api/Horarios/id,404,Not Found,0,377,0
114634,Tue Jun 23 11:46:42 PET 2026,Tue Jun 23 11:46:42 PET 2026,POST,https://localhost:7241/api/Atenciones,401,Unauthorized,0,406,0
114635,Tue Jun 23 11:46:42 PET 2026,Tue Jun 23 11:46:42 PET 2026,POST,https://localhost:7241/api/Pacientes,401,Unauthorized,0,406,0
114636,Tue Jun 23 11:46:42 PET 2026,Tue Jun 23 11:46:42 PET 2026,POST,https://localhost:7241/api/Finanzas/ajustes-financieros,401,Unauthorized,0,406,0
114637,Tue Jun 23 11:46:42 PET 2026,Tue Jun 23 11:46:42 PET 2026,POST,https://localhost:7241/api/Doctores/contratar,401,Unauthorized,0,406,0
114638,Tue Jun 23 11:46:42 PET 2026,Tue Jun 23 11:46:42 PET 2026,POST,https://localhost:7241/api/Usuarios/asignar-rol,401,Unauthorized,0,406,0
114639,Tue Jun 23 11:46:42 PET 2026,Tue Jun 23 11:46:42 PET 2026,POST,https://localhost:7241/api/Comprobantes/emitir/estado-cuenta,401,Unauthorized,0,406,0
114640,Tue Jun 23 11:46:42 PET 2026,Tue Jun 23 11:46:42 PET 2026,POST,https://localhost:7241/api/Doctores,401,Unauthorized,0,406,0
114641,Tue Jun 23 11:46:42 PET 2026,Tue Jun 23 11:46:42 PET 2026,PUT,https://localhost:7241/api/Doctores/id,404,Not Found,0,377,0
114642,Tue Jun 23 11:46:42 PET 2026,Tue Jun 23 11:46:42 PET 2026,POST,https://localhost:7241/api/Roles/asignar-permisos,401,Unauthorized,0,406,0
114643,Tue Jun 23 11:46:42 PET 2026,Tue Jun 23 11:46:42 PET 2026,POST,https://localhost:7241/api/Citas,401,Unauthorized,0,406,0
114644,Tue Jun 23 11:46:42 PET 2026,Tue Jun 23 11:46:42 PET 2026,POST,https://localhost:7241/api/Comprobantes/emitir/boleta-pago,401,Unauthorized,0,406,0
114645,Tue Jun 23 11:46:42 PET 2026,Tue Jun 23 11:46:42 PET 2026,PUT,https://localhost:7241/api/Comprobantes/comprobanteId/anular,404,Not Found,0,377,0
114647,Tue Jun 23 11:46:42 PET 2026,Tue Jun 23 11:46:42 PET 2026,POST,https://localhost:7241/api/Atenciones,401,Unauthorized,0,406,0
114649,Tue Jun 23 11:46:42 PET 2026,Tue Jun 23 11:46:42 PET 2026,PUT,https://localhost:7241/api/Roles/id,404,Not Found,1,377,0
114650,Tue Jun 23 11:46:42 PET 2026,Tue Jun 23 11:46:42 PET 2026,POST,https://localhost:7241/api/Horarios,401,Unauthorized,1,406,0
114651,Tue Jun 23 11:46:42 PET 2026,Tue Jun 23 11:46:42 PET 2026,POST,https://localhost:7241/api/Comprobantes/emitir/resumen-atencion,401,Unauthorized,0,406,0
114652,Tue Jun 23 11:46:42 PET 2026,Tue Jun 23 11:46:42 PET 2026,PUT,https://localhost:7241/api/Pacientes/id/contacto,404,Not Found,0,377,0
114653,Tue Jun 23 11:46:42 PET 2026,Tue Jun 23 11:46:42 PET 2026,PUT,https://localhost:7241/api/Usuarios/id,404,Not Found,0,377,0
114654,Tue Jun 23 11:46:42 PET 2026,Tue Jun 23 11:46:42 PET 2026,PUT,https://localhost:7241/api/Atenciones/id/cerrar,404,Not Found,0,377,0
114655,Tue Jun 23 11:46:42 PET 2026,Tue Jun 23 11:46:42 PET 2026,PUT,https://localhost:7241/api/Usuarios/id/estado,404,Not Found,1,377,0
114656,Tue Jun 23 11:46:42 PET 2026,Tue Jun 23 11:46:42 PET 2026,POST,https://localhost:7241/api/Pagos,401,Unauthorized,1,406,0
114657,Tue Jun 23 11:46:42 PET 2026,Tue Jun 23 11:46:42 PET 2026,POST,https://localhost:7241/api/Usuarios,401,Unauthorized,1,406,0
114658,Tue Jun 23 11:46:42 PET 2026,Tue Jun 23 11:46:42 PET 2026,POST,https://localhost:7241/api/Comprobantes/emitir/constancia-cita,401,Unauthorized,1,406,0
114659,Tue Jun 23 11:46:42 PET 2026,Tue Jun 23 11:46:42 PET 2026,PUT,https://localhost:7241/api/Atenciones/id/cerrar,404,Not Found,1,377,0
114663,Tue Jun 23 11:46:42 PET 2026,Tue Jun 23 11:46:42 PET 2026,POST,https://localhost:7241/api/Atenciones,401,Unauthorized,0,406,0
114664,Tue Jun 23 11:46:42 PET 2026,Tue Jun 23 11:46:42 PET 2026,POST,https://localhost:7241/api/Certificados/block,401,Unauthorized,1,406,0
114668,Tue Jun 23 11:46:42 PET 2026,Tue Jun 23 11:46:42 PET 2026,POST,https://localhost:7241/api/Pacientes,401,Unauthorized,0,406,0
114667,Tue Jun 23 11:46:42 PET 2026,Tue Jun 23 11:46:42 PET 2026,PUT,https://localhost:7241/api/Citas/id/reprogramar,404,Not Found,0,377,0
114666,Tue Jun 23 11:46:42 PET 2026,Tue Jun 23 11:46:42 PET 2026,POST,https://localhost:7241/api/Auth/cambiar-contrasena,401,Unauthorized,1,406,0
114670,Tue Jun 23 11:46:42 PET 2026,Tue Jun 23 11:46:42 PET 2026,PUT,https://localhost:7241/api/Horarios/id,404,Not Found,0,377,0
114671,Tue Jun 23 11:46:42 PET 2026,Tue Jun 23 11:46:42 PET 2026,POST,https://localhost:7241/api/Pacientes,401,Unauthorized,1,406,0
114672,Tue Jun 23 11:46:42 PET 2026,Tue Jun 23 11:46:42 PET 2026,POST,https://localhost:7241/api/Doctores/contratar,401,Unauthorized,1,406,0
114673,Tue Jun 23 11:46:42 PET 2026,Tue Jun 23 11:46:42 PET 2026,POST,https://localhost:7241/api/Doctores,401,Unauthorized,1,406,0
114674,Tue Jun 23 11:46:42 PET 2026,Tue Jun 23 11:46:42 PET 2026,POST,https://localhost:7241/api/Comprobantes/emitir/boleta-pago,401,Unauthorized,1,406,0
114675,Tue Jun 23 11:46:42 PET 2026,Tue Jun 23 11:46:42 PET 2026,POST,https://localhost:7241/api/Roles/asignar-permisos,401,Unauthorized,1,406,0
114676,Tue Jun 23 11:46:42 PET 2026,Tue Jun 23 11:46:42 PET 2026,POST,https://localhost:7241/api/Citas,401,Unauthorized,0,406,0
114677,Tue Jun 23 11:46:42 PET 2026,Tue Jun 23 11:46:42 PET 2026,POST,https://localhost:7241/api/Usuarios/asignar-rol,401,Unauthorized,0,406,0
114678,Tue Jun 23 11:46:42 PET 2026,Tue Jun 23 11:46:42 PET 2026,POST,https://localhost:7241/api/Finanzas/ajustes-financieros,401,Unauthorized,0,406,0
114679,Tue Jun 23 11:46:42 PET 2026,Tue Jun 23 11:46:42 PET 2026,POST,https://localhost:7241/api/Comprobantes/emitir/estado-cuenta,401,Unauthorized,0,406,0
114681,Tue Jun 23 11:46:42 PET 2026,Tue Jun 23 11:46:42 PET 2026,PUT,https://localhost:7241/api/Doctores/id,404,Not Found,1,377,0
114683,Tue Jun 23 11:46:43 PET 2026,Tue Jun 23 11:46:43 PET 2026,PUT,https://localhost:7241/api/Roles/id,404,Not Found,0,377,0
114684,Tue Jun 23 11:46:43 PET 2026,Tue Jun 23 11:46:43 PET 2026,POST,https://localhost:7241/api/Atenciones,401,Unauthorized,0,406,0
114685,Tue Jun 23 11:46:43 PET 2026,Tue Jun 23 11:46:43 PET 2026,PUT,https://localhost:7241/api/Atenciones/id/cerrar,404,Not Found,0,377,0
114697,Tue Jun 23 11:46:43 PET 2026,Tue Jun 23 11:46:43 PET 2026,POST,https://localhost:7241/api/Pagos,401,Unauthorized,1,406,0
114696,Tue Jun 23 11:46:43 PET 2026,Tue Jun 23 11:46:43 PET 2026,PUT,https://localhost:7241/api/Atenciones/id/cerrar,404,Not Found,0,377,0
114695,Tue Jun 23 11:46:43 PET 2026,Tue Jun 23 11:46:43 PET 2026,PUT,https://localhost:7241/api/Usuarios/id/estado,404,Not Found,0,377,0
114694,Tue Jun 23 11:46:43 PET 2026,Tue Jun 23 11:46:43 PET 2026,POST,https://localhost:7241/api/Comprobantes/emitir/resumen-atencion,401,Unauthorized,0,406,0
114693,Tue Jun 23 11:46:43 PET 2026,Tue Jun 23 11:46:43 PET 2026,POST,https://localhost:7241/api/Usuarios,401,Unauthorized,0,406,0
114692,Tue Jun 23 11:46:43 PET 2026,Tue Jun 23 11:46:43 PET 2026,PUT,https://localhost:7241/api/Pacientes/id/contacto,404,Not Found,0,377,0
114691,Tue Jun 23 11:46:43 PET 2026,Tue Jun 23 11:46:43 PET 2026,POST,https://localhost:7241/api/atenciones/atencionId/anamnesis,404,Not Found,0,377,0
114690,Tue Jun 23 11:46:43 PET 2026,Tue Jun 23 11:46:43 PET 2026,POST,https://localhost:7241/api/atenciones/atencionId/diagnostico,404,Not Found,0,377,0
114689,Tue Jun 23 11:46:43 PET 2026,Tue Jun 23 11:46:43 PET 2026,POST,https://localhost:7241/api/Roles,401,Unauthorized,0,406,0
114688,Tue Jun 23 11:46:43 PET 2026,Tue Jun 23 11:46:43 PET 2026,POST,https://localhost:7241/api/Comprobantes/emitir/constancia-cita,401,Unauthorized,0,406,0
114687,Tue Jun 23 11:46:43 PET 2026,Tue Jun 23 11:46:43 PET 2026,PUT,https://localhost:7241/api/Usuarios/id,404,Not Found,0,377,0
114699,Tue Jun 23 11:46:43 PET 2026,Tue Jun 23 11:46:43 PET 2026,POST,https://localhost:7241/api/Pacientes,401,Unauthorized,1,406,0
114700,Tue Jun 23 11:46:43 PET 2026,Tue Jun 23 11:46:43 PET 2026,POST,https://localhost:7241/api/atenciones/atencionId/ecografias,404,Not Found,1,377,0
114701,Tue Jun 23 11:46:43 PET 2026,Tue Jun 23 11:46:43 PET 2026,POST,https://localhost:7241/api/Certificados/block,401,Unauthorized,1,406,0
114702,Tue Jun 23 11:46:43 PET 2026,Tue Jun 23 11:46:43 PET 2026,POST,https://localhost:7241/api/Atenciones,401,Unauthorized,1,406,0
114703,Tue Jun 23 11:46:43 PET 2026,Tue Jun 23 11:46:43 PET 2026,POST,https://localhost:7241/api/Auth/cambiar-contrasena,401,Unauthorized,1,406,0
114704,Tue Jun 23 11:46:43 PET 2026,Tue Jun 23 11:46:43 PET 2026,PUT,https://localhost:7241/api/Citas/id/reprogramar,404,Not Found,1,377,0
114705,Tue Jun 23 11:46:43 PET 2026,Tue Jun 23 11:46:43 PET 2026,POST,https://localhost:7241/api/Horarios,401,Unauthorized,1,406,0
114708,Tue Jun 23 11:46:43 PET 2026,Tue Jun 23 11:46:43 PET 2026,POST,https://localhost:7241/api/Roles/asignar-permisos,401,Unauthorized,0,406,0
114709,Tue Jun 23 11:46:43 PET 2026,Tue Jun 23 11:46:43 PET 2026,PUT,https://localhost:7241/api/Doctores/id,404,Not Found,0,377,0
114710,Tue Jun 23 11:46:43 PET 2026,Tue Jun 23 11:46:43 PET 2026,POST,https://localhost:7241/api/Usuarios,401,Unauthorized,0,406,0
114711,Tue Jun 23 11:46:43 PET 2026,Tue Jun 23 11:46:43 PET 2026,PUT,https://localhost:7241/api/Pacientes/id/contacto,404,Not Found,0,377,0
114712,Tue Jun 23 11:46:43 PET 2026,Tue Jun 23 11:46:43 PET 2026,POST,https://localhost:7241/api/atenciones/atencionId/anamnesis,404,Not Found,0,377,0
114713,Tue Jun 23 11:46:43 PET 2026,Tue Jun 23 11:46:43 PET 2026,POST,https://localhost:7241/api/Roles,401,Unauthorized,0,406,0
114714,Tue Jun 23 11:46:43 PET 2026,Tue Jun 23 11:46:43 PET 2026,POST,https://localhost:7241/api/Comprobantes/emitir/estado-cuenta,401,Unauthorized,0,406,0
114715,Tue Jun 23 11:46:43 PET 2026,Tue Jun 23 11:46:43 PET 2026,POST,https://localhost:7241/api/Finanzas/ajustes-financieros,401,Unauthorized,0,406,0
114717,Tue Jun 23 11:46:43 PET 2026,Tue Jun 23 11:46:43 PET 2026,POST,https://localhost:7241/api/atenciones/atencionId/diagnostico,404,Not Found,0,377,0
114719,Tue Jun 23 11:46:43 PET 2026,Tue Jun 23 11:46:43 PET 2026,PUT,https://localhost:7241/api/Atenciones/id/cerrar,404,Not Found,0,377,0
114720,Tue Jun 23 11:46:43 PET 2026,Tue Jun 23 11:46:43 PET 2026,POST,https://localhost:7241/api/Usuarios/asignar-rol,401,Unauthorized,1,406,0
114721,Tue Jun 23 11:46:43 PET 2026,Tue Jun 23 11:46:43 PET 2026,POST,https://localhost:7241/api/Pacientes,401,Unauthorized,1,406,0
114722,Tue Jun 23 11:46:43 PET 2026,Tue Jun 23 11:46:43 PET 2026,POST,https://localhost:7241/api/Comprobantes/emitir/boleta-pago,401,Unauthorized,1,406,0
114723,Tue Jun 23 11:46:43 PET 2026,Tue Jun 23 11:46:43 PET 2026,POST,https://localhost:7241/api/Comprobantes/emitir/constancia-cita,401,Unauthorized,1,406,0
114724,Tue Jun 23 11:46:43 PET 2026,Tue Jun 23 11:46:43 PET 2026,PUT,https://localhost:7241/api/Horarios/id,404,Not Found,1,377,0
114725,Tue Jun 23 11:46:43 PET 2026,Tue Jun 23 11:46:43 PET 2026,POST,https://localhost:7241/api/Citas,401,Unauthorized,1,406,0
114726,Tue Jun 23 11:46:43 PET 2026,Tue Jun 23 11:46:43 PET 2026,PUT,https://localhost:7241/api/Usuarios/id,404,Not Found,0,377,0
114727,Tue Jun 23 11:46:43 PET 2026,Tue Jun 23 11:46:43 PET 2026,POST,https://localhost:7241/api/Doctores,401,Unauthorized,0,406,0
114728,Tue Jun 23 11:46:43 PET 2026,Tue Jun 23 11:46:43 PET 2026,POST,https://localhost:7241/api/Doctores/contratar,401,Unauthorized,0,406,0
114729,Tue Jun 23 11:46:43 PET 2026,Tue Jun 23 11:46:43 PET 2026,POST,https://localhost:7241/api/Comprobantes/emitir/resumen-atencion,401,Unauthorized,0,406,0
114730,Tue Jun 23 11:46:43 PET 2026,Tue Jun 23 11:46:43 PET 2026,PUT,https://localhost:7241/api/Usuarios/id/estado,404,Not Found,0,377,0
114733,Tue Jun 23 11:46:43 PET 2026,Tue Jun 23 11:46:43 PET 2026,POST,https://localhost:7241/api/atenciones/atencionId/ecografias,404,Not Found,1,377,0
114734,Tue Jun 23 11:46:43 PET 2026,Tue Jun 23 11:46:43 PET 2026,POST,https://localhost:7241/api/Atenciones,401,Unauthorized,0,406,0
114735,Tue Jun 23 11:46:43 PET 2026,Tue Jun 23 11:46:43 PET 2026,PUT,https://localhost:7241/api/Atenciones/id/cerrar,404,Not Found,0,377,0
114741,Tue Jun 23 11:46:43 PET 2026,Tue Jun 23 11:46:43 PET 2026,PUT,https://localhost:7241/api/Roles/id,404,Not Found,0,377,0
114740,Tue Jun 23 11:46:43 PET 2026,Tue Jun 23 11:46:43 PET 2026,POST,https://localhost:7241/api/atenciones/atencionId/examenes-fisicos,404,Not Found,0,377,0
114739,Tue Jun 23 11:46:43 PET 2026,Tue Jun 23 11:46:43 PET 2026,POST,https://localhost:7241/api/Pagos,401,Unauthorized,0,406,0
114738,Tue Jun 23 11:46:43 PET 2026,Tue Jun 23 11:46:43 PET 2026,POST,https://localhost:7241/api/atenciones/atencionId/tactos-vaginales,404,Not Found,0,377,0
114737,Tue Jun 23 11:46:43 PET 2026,Tue Jun 23 11:46:43 PET 2026,POST,https://localhost:7241/api/Horarios,401,Unauthorized,0,406,0
114743,Tue Jun 23 11:46:43 PET 2026,Tue Jun 23 11:46:43 PET 2026,POST,https://localhost:7241/api/Certificados/block,401,Unauthorized,0,406,0
114744,Tue Jun 23 11:46:43 PET 2026,Tue Jun 23 11:46:43 PET 2026,POST,https://localhost:7241/api/Auth/cambiar-contrasena,401,Unauthorized,0,406,0
114745,Tue Jun 23 11:46:43 PET 2026,Tue Jun 23 11:46:43 PET 2026,POST,https://localhost:7241/api/Pacientes,401,Unauthorized,0,406,0
114746,Tue Jun 23 11:46:43 PET 2026,Tue Jun 23 11:46:43 PET 2026,POST,https://localhost:7241/api/Finanzas/ajustes-financieros,401,Unauthorized,1,406,0
114750,Tue Jun 23 11:46:43 PET 2026,Tue Jun 23 11:46:43 PET 2026,PUT,https://localhost:7241/api/Doctores/id,404,Not Found,0,377,0
114751,Tue Jun 23 11:46:43 PET 2026,Tue Jun 23 11:46:43 PET 2026,GET,https://localhost:7241/api/Auditoria/usuario/usuarioId?Pagina=%3C&CantidadPorPagina=10&OrdenarPor=OrdenarPor&OrdenDescendente=true&tipoAccion=1&soloConsultas=true,404,Not Found,1,377,0
114752,Tue Jun 23 11:46:43 PET 2026,Tue Jun 23 11:46:43 PET 2026,POST,https://localhost:7241/api/Comprobantes/emitir/estado-cuenta,401,Unauthorized,1,406,0
114753,Tue Jun 23 11:46:43 PET 2026,Tue Jun 23 11:46:43 PET 2026,POST,https://localhost:7241/api/atenciones/atencionId/diagnostico,404,Not Found,0,377,0
114754,Tue Jun 23 11:46:43 PET 2026,Tue Jun 23 11:46:43 PET 2026,POST,https://localhost:7241/api/Usuarios,401,Unauthorized,0,406,0
114755,Tue Jun 23 11:46:43 PET 2026,Tue Jun 23 11:46:43 PET 2026,POST,https://localhost:7241/api/Roles/asignar-permisos,401,Unauthorized,0,406,0
114756,Tue Jun 23 11:46:43 PET 2026,Tue Jun 23 11:46:43 PET 2026,POST,https://localhost:7241/api/Doctores,401,Unauthorized,0,406,0
114757,Tue Jun 23 11:46:43 PET 2026,Tue Jun 23 11:46:43 PET 2026,PUT,https://localhost:7241/api/Usuarios/id/estado,404,Not Found,0,377,0
114770,Tue Jun 23 11:46:43 PET 2026,Tue Jun 23 11:46:43 PET 2026,POST,https://localhost:7241/api/atenciones/atencionId/examenes-fisicos,404,Not Found,5,377,0
114769,Tue Jun 23 11:46:43 PET 2026,Tue Jun 23 11:46:43 PET 2026,GET,https://localhost:7241/api/Auditoria?Pagina=%3C&CantidadPorPagina=10&OrdenarPor=OrdenarPor&OrdenDescendente=true&tipoAccion=1&soloConsultas=true,401,Unauthorized,5,406,0
114768,Tue Jun 23 11:46:43 PET 2026,Tue Jun 23 11:46:43 PET 2026,PUT,https://localhost:7241/api/Atenciones/id/cerrar,404,Not Found,4,377,0
114767,Tue Jun 23 11:46:43 PET 2026,Tue Jun 23 11:46:43 PET 2026,GET,https://localhost:7241/api/Certificados,404,Not Found,4,377,0
114766,Tue Jun 23 11:46:43 PET 2026,Tue Jun 23 11:46:43 PET 2026,POST,https://localhost:7241/api/Roles,401,Unauthorized,1,406,0
114765,Tue Jun 23 11:46:43 PET 2026,Tue Jun 23 11:46:43 PET 2026,POST,https://localhost:7241/api/Pacientes,401,Unauthorized,1,406,0
114764,Tue Jun 23 11:46:43 PET 2026,Tue Jun 23 11:46:43 PET 2026,POST,https://localhost:7241/api/atenciones/atencionId/anamnesis,404,Not Found,1,377,0
114763,Tue Jun 23 11:46:43 PET 2026,Tue Jun 23 11:46:43 PET 2026,POST,https://localhost:7241/api/Citas,401,Unauthorized,1,406,0
114762,Tue Jun 23 11:46:43 PET 2026,Tue Jun 23 11:46:43 PET 2026,POST,https://localhost:7241/api/Comprobantes/emitir/constancia-cita,401,Unauthorized,1,406,0
114761,Tue Jun 23 11:46:43 PET 2026,Tue Jun 23 11:46:43 PET 2026,PUT,https://localhost:7241/api/Pacientes/id/contacto,404,Not Found,1,377,0
114760,Tue Jun 23 11:46:43 PET 2026,Tue Jun 23 11:46:43 PET 2026,POST,https://localhost:7241/api/atenciones/atencionId/tactos-vaginales,404,Not Found,1,377,0
114759,Tue Jun 23 11:46:43 PET 2026,Tue Jun 23 11:46:43 PET 2026,POST,https://localhost:7241/api/Doctores/contratar,401,Unauthorized,1,406,0
114786,Tue Jun 23 11:46:44 PET 2026,Tue Jun 23 11:46:44 PET 2026,POST,https://localhost:7241/api/atenciones/atencionId/ecografias,404,Not Found,1,377,0
114787,Tue Jun 23 11:46:44 PET 2026,Tue Jun 23 11:46:44 PET 2026,POST,https://localhost:7241/api/Comprobantes/emitir/resumen-atencion,401,Unauthorized,1,406,0
114789,Tue Jun 23 11:46:44 PET 2026,Tue Jun 23 11:46:44 PET 2026,PUT,https://localhost:7241/api/Usuarios/id,404,Not Found,6,377,0
114790,Tue Jun 23 11:46:44 PET 2026,Tue Jun 23 11:46:44 PET 2026,POST,https://localhost:7241/api/Certificados/block,401,Unauthorized,6,406,0
114793,Tue Jun 23 11:46:44 PET 2026,Tue Jun 23 11:46:44 PET 2026,POST,https://localhost:7241/api/atenciones/atencionId/diagnostico,404,Not Found,0,377,0
114794,Tue Jun 23 11:46:44 PET 2026,Tue Jun 23 11:46:44 PET 2026,GET,https://localhost:7241/api/Finanzas/libro-diario?fecha=%3C,401,Unauthorized,1,406,0
114795,Tue Jun 23 11:46:44 PET 2026,Tue Jun 23 11:46:44 PET 2026,POST,https://localhost:7241/api/atenciones/atencionId/anamnesis,404,Not Found,1,377,0
114796,Tue Jun 23 11:46:44 PET 2026,Tue Jun 23 11:46:44 PET 2026,POST,https://localhost:7241/api/Usuarios,401,Unauthorized,1,406,0
114797,Tue Jun 23 11:46:44 PET 2026,Tue Jun 23 11:46:44 PET 2026,PUT,https://localhost:7241/api/Usuarios/id/estado,404,Not Found,1,377,0
114798,Tue Jun 23 11:46:44 PET 2026,Tue Jun 23 11:46:44 PET 2026,GET,https://localhost:7241/api/Doctores/buscar?nombre=%3C&especialidad=especialidad&estado=1&Pagina=10&CantidadPorPagina=10&OrdenarPor=OrdenarPor&OrdenDescendente=true,401,Unauthorized,1,406,0
114799,Tue Jun 23 11:46:44 PET 2026,Tue Jun 23 11:46:44 PET 2026,GET,https://localhost:7241/api/Finanzas/resumen-diario?fecha=%3C,401,Unauthorized,1,406,0
114800,Tue Jun 23 11:46:44 PET 2026,Tue Jun 23 11:46:44 PET 2026,GET,https://localhost:7241/api/HistoriaClinica,404,Not Found,1,377,0
114801,Tue Jun 23 11:46:44 PET 2026,Tue Jun 23 11:46:44 PET 2026,POST,https://localhost:7241/api/atenciones/atencionId/examenes-fisicos,404,Not Found,1,377,0
114802,Tue Jun 23 11:46:44 PET 2026,Tue Jun 23 11:46:44 PET 2026,PUT,https://localhost:7241/api/Doctores/id,404,Not Found,0,377,0
114803,Tue Jun 23 11:46:44 PET 2026,Tue Jun 23 11:46:44 PET 2026,GET,https://localhost:7241/api/Auditoria/usuario/usuarioId?Pagina=%3Cxsl%3Avalue-of+select%3D%22system-property%28%27xsl%3Avendor%27%29%22%2F%3E&CantidadPorPagina=10&OrdenarPor=OrdenarPor&OrdenDescendente=true&tipoAccion=1&soloConsultas=true,404,Not Found,0,377,0
114806,Tue Jun 23 11:46:44 PET 2026,Tue Jun 23 11:46:44 PET 2026,GET,https://localhost:7241/api/Auditoria?Pagina=%3Cxsl%3Avalue-of+select%3D%22system-property%28%27xsl%3Avendor%27%29%22%2F%3E&CantidadPorPagina=10&OrdenarPor=OrdenarPor&OrdenDescendente=true&tipoAccion=1&soloConsultas=true,401,Unauthorized,1,406,0
114805,Tue Jun 23 11:46:44 PET 2026,Tue Jun 23 11:46:44 PET 2026,GET,https://localhost:7241/api/Finanzas/resumen-mensual?anio=%3C&mes=10,401,Unauthorized,1,406,0
114808,Tue Jun 23 11:46:44 PET 2026,Tue Jun 23 11:46:44 PET 2026,PUT,https://localhost:7241/api/Usuarios/id,404,Not Found,0,377,0
114809,Tue Jun 23 11:46:44 PET 2026,Tue Jun 23 11:46:44 PET 2026,GET,https://localhost:7241/api/Finanzas/resumen-financiero-mensual-completo?anio=%3C&mes=10,401,Unauthorized,0,406,0
114810,Tue Jun 23 11:46:44 PET 2026,Tue Jun 23 11:46:44 PET 2026,GET,https://localhost:7241/api/Finanzas/resumen-anual?anio=%3C,401,Unauthorized,0,406,0
114811,Tue Jun 23 11:46:44 PET 2026,Tue Jun 23 11:46:44 PET 2026,POST,https://localhost:7241/api/Comprobantes/emitir/resumen-atencion,401,Unauthorized,1,406,0
114812,Tue Jun 23 11:46:44 PET 2026,Tue Jun 23 11:46:44 PET 2026,GET,https://localhost:7241/api/Finanzas/pagos-pendientes-paginado?Pagina=%3C&CantidadPorPagina=10&OrdenarPor=OrdenarPor&OrdenDescendente=true,401,Unauthorized,0,406,0
114813,Tue Jun 23 11:46:44 PET 2026,Tue Jun 23 11:46:44 PET 2026,POST,https://localhost:7241/api/atenciones/atencionId/tactos-vaginales,404,Not Found,0,377,0
114815,Tue Jun 23 11:46:44 PET 2026,Tue Jun 23 11:46:44 PET 2026,POST,https://localhost:7241/api/atenciones/atencionId/ecografias,404,Not Found,1,377,0
114818,Tue Jun 23 11:46:44 PET 2026,Tue Jun 23 11:46:44 PET 2026,GET,https://localhost:7241/api/Auditoria/usuario/usuarioId?Pagina=system-property%28%27xsl%3Avendor%27%29%2F%3E&CantidadPorPagina=10&OrdenarPor=OrdenarPor&OrdenDescendente=true&tipoAccion=1&soloConsultas=true,404,Not Found,2,377,0
114819,Tue Jun 23 11:46:44 PET 2026,Tue Jun 23 11:46:44 PET 2026,POST,https://localhost:7241/api/atenciones/atencionId/examenes-fisicos,404,Not Found,1,377,0
114820,Tue Jun 23 11:46:44 PET 2026,Tue Jun 23 11:46:44 PET 2026,PUT,https://localhost:7241/api/Usuarios/id/estado,404,Not Found,1,377,0
114821,Tue Jun 23 11:46:44 PET 2026,Tue Jun 23 11:46:44 PET 2026,POST,https://localhost:7241/api/atenciones/atencionId/anamnesis,404,Not Found,1,377,0
114822,Tue Jun 23 11:46:44 PET 2026,Tue Jun 23 11:46:44 PET 2026,GET,https://localhost:7241/api/Doctores/buscar?nombre=%3Cxsl%3Avalue-of+select%3D%22system-property%28%27xsl%3Avendor%27%29%22%2F%3E&especialidad=especialidad&estado=1&Pagina=10&CantidadPorPagina=10&OrdenarPor=OrdenarPor&OrdenDescendente=true,401,Unauthorized,1,406,0
114823,Tue Jun 23 11:46:44 PET 2026,Tue Jun 23 11:46:44 PET 2026,POST,https://localhost:7241/api/atenciones/atencionId/diagnostico,404,Not Found,1,377,0
114824,Tue Jun 23 11:46:44 PET 2026,Tue Jun 23 11:46:44 PET 2026,GET,https://localhost:7241/api/Auditoria?Pagina=system-property%28%27xsl%3Avendor%27%29%2F%3E&CantidadPorPagina=10&OrdenarPor=OrdenarPor&OrdenDescendente=true&tipoAccion=1&soloConsultas=true,401,Unauthorized,2,406,0
114830,Tue Jun 23 11:46:44 PET 2026,Tue Jun 23 11:46:44 PET 2026,POST,https://localhost:7241/api/Usuarios,401,Unauthorized,4,406,0
114829,Tue Jun 23 11:46:44 PET 2026,Tue Jun 23 11:46:44 PET 2026,GET,https://localhost:7241/api/HistoriaClinica/paciente,404,Not Found,4,377,0
114828,Tue Jun 23 11:46:44 PET 2026,Tue Jun 23 11:46:44 PET 2026,GET,https://localhost:7241/api/Finanzas/resumen-mensual?anio=%3Cxsl%3Avalue-of+select%3D%22system-property%28%27xsl%3Avendor%27%29%22%2F%3E&mes=10,401,Unauthorized,4,406,0
114827,Tue Jun 23 11:46:44 PET 2026,Tue Jun 23 11:46:44 PET 2026,GET,https://localhost:7241/api/Finanzas/libro-diario?fecha=%3Cxsl%3Avalue-of+select%3D%22system-property%28%27xsl%3Avendor%27%29%22%2F%3E,401,Unauthorized,1,406,0
114826,Tue Jun 23 11:46:44 PET 2026,Tue Jun 23 11:46:44 PET 2026,GET,https://localhost:7241/api/Finanzas/resumen-diario?fecha=%3Cxsl%3Avalue-of+select%3D%22system-property%28%27xsl%3Avendor%27%29%22%2F%3E,401,Unauthorized,1,406,0
114832,Tue Jun 23 11:46:44 PET 2026,Tue Jun 23 11:46:44 PET 2026,GET,https://localhost:7241/api/Finanzas/pagos-pendientes-paginado?Pagina=%3Cxsl%3Avalue-of+select%3D%22system-property%28%27xsl%3Avendor%27%29%22%2F%3E&CantidadPorPagina=10&OrdenarPor=OrdenarPor&OrdenDescendente=true,401,Unauthorized,1,406,0
114833,Tue Jun 23 11:46:44 PET 2026,Tue Jun 23 11:46:44 PET 2026,GET,https://localhost:7241/api/Finanzas/resumen-financiero-mensual-completo?anio=%3Cxsl%3Avalue-of+select%3D%22system-property%28%27xsl%3Avendor%27%29%22%2F%3E&mes=10,401,Unauthorized,0,406,0
114834,Tue Jun 23 11:46:44 PET 2026,Tue Jun 23 11:46:44 PET 2026,PUT,https://localhost:7241/api/Usuarios/id,404,Not Found,0,377,0
114838,Tue Jun 23 11:46:44 PET 2026,Tue Jun 23 11:46:44 PET 2026,GET,https://localhost:7241/api/Finanzas/resumen-anual?anio=%3Cxsl%3Avalue-of+select%3D%22system-property%28%27xsl%3Avendor%27%29%22%2F%3E,401,Unauthorized,4,406,0
114837,Tue Jun 23 11:46:44 PET 2026,Tue Jun 23 11:46:44 PET 2026,POST,https://localhost:7241/api/atenciones/atencionId/ecografias,404,Not Found,3,377,0
114836,Tue Jun 23 11:46:44 PET 2026,Tue Jun 23 11:46:44 PET 2026,POST,https://localhost:7241/api/atenciones/atencionId/tactos-vaginales,404,Not Found,3,377,0
114841,Tue Jun 23 11:46:44 PET 2026,Tue Jun 23 11:46:44 PET 2026,GET,https://localhost:7241/api/ReportesFinancieros,404,Not Found,1,377,0
114842,Tue Jun 23 11:46:44 PET 2026,Tue Jun 23 11:46:44 PET 2026,GET,https://localhost:7241/api/Auditoria/usuario/usuarioId?Pagina=%22%2F%3E%3Cxsl%3Avalue-of+select%3D%22system-property%28%27xsl%3Avendor%27%29%22%2F%3E%3C%21--&CantidadPorPagina=10&OrdenarPor=OrdenarPor&OrdenDescendente=true&tipoAccion=1&soloConsultas=true,404,Not Found,1,377,0
114843,Tue Jun 23 11:46:44 PET 2026,Tue Jun 23 11:46:44 PET 2026,GET,https://localhost:7241/api/Auditoria?Pagina=%22%2F%3E%3Cxsl%3Avalue-of+select%3D%22system-property%28%27xsl%3Avendor%27%29%22%2F%3E%3C%21--&CantidadPorPagina=10&OrdenarPor=OrdenarPor&OrdenDescendente=true&tipoAccion=1&soloConsultas=true,401,Unauthorized,1,406,0
114844,Tue Jun 23 11:46:44 PET 2026,Tue Jun 23 11:46:44 PET 2026,GET,https://localhost:7241/api/Doctores/buscar?nombre=system-property%28%27xsl%3Avendor%27%29%2F%3E&especialidad=especialidad&estado=1&Pagina=10&CantidadPorPagina=10&OrdenarPor=OrdenarPor&OrdenDescendente=true,401,Unauthorized,1,406,0
114852,Tue Jun 23 11:46:44 PET 2026,Tue Jun 23 11:46:44 PET 2026,POST,https://localhost:7241/api/Usuarios,401,Unauthorized,1,406,0
114851,Tue Jun 23 11:46:44 PET 2026,Tue Jun 23 11:46:44 PET 2026,POST,https://localhost:7241/api/atenciones/atencionId/anamnesis,404,Not Found,0,377,0
114850,Tue Jun 23 11:46:44 PET 2026,Tue Jun 23 11:46:44 PET 2026,PUT,https://localhost:7241/api/Usuarios/id/estado,404,Not Found,0,377,0
114849,Tue Jun 23 11:46:44 PET 2026,Tue Jun 23 11:46:44 PET 2026,GET,https://localhost:7241/api/Finanzas/resumen-diario?fecha=system-property%28%27xsl%3Avendor%27%29%2F%3E,401,Unauthorized,1,406,0
114848,Tue Jun 23 11:46:44 PET 2026,Tue Jun 23 11:46:44 PET 2026,GET,https://localhost:7241/api/Finanzas/libro-diario?fecha=system-property%28%27xsl%3Avendor%27%29%2F%3E,401,Unauthorized,1,406,0
114847,Tue Jun 23 11:46:44 PET 2026,Tue Jun 23 11:46:44 PET 2026,POST,https://localhost:7241/api/atenciones/atencionId/diagnostico,404,Not Found,2,377,0
114846,Tue Jun 23 11:46:44 PET 2026,Tue Jun 23 11:46:44 PET 2026,POST,https://localhost:7241/api/atenciones/atencionId/examenes-fisicos,404,Not Found,1,377,0
114854,Tue Jun 23 11:46:44 PET 2026,Tue Jun 23 11:46:44 PET 2026,POST,https://localhost:7241/api/atenciones/atencionId/tactos-vaginales,404,Not Found,0,377,0
114855,Tue Jun 23 11:46:44 PET 2026,Tue Jun 23 11:46:44 PET 2026,GET,https://localhost:7241/api/Finanzas/resumen-mensual?anio=system-property%28%27xsl%3Avendor%27%29%2F%3E&mes=10,401,Unauthorized,1,406,0
114856,Tue Jun 23 11:46:44 PET 2026,Tue Jun 23 11:46:44 PET 2026,GET,https://localhost:7241/api/Horarios/doctor/doctorId/matriz?fecha=%3C,404,Not Found,0,377,0
114860,Tue Jun 23 11:46:45 PET 2026,Tue Jun 23 11:46:45 PET 2026,POST,https://localhost:7241/api/atenciones/atencionId/examenes-fisicos,404,Not Found,1,377,0
114861,Tue Jun 23 11:46:45 PET 2026,Tue Jun 23 11:46:45 PET 2026,PUT,https://localhost:7241/api/Usuarios/id,404,Not Found,1,377,0
114862,Tue Jun 23 11:46:45 PET 2026,Tue Jun 23 11:46:45 PET 2026,GET,https://localhost:7241/api/ReportesFinancieros/diario?fecha=%3C,401,Unauthorized,1,406,0
114863,Tue Jun 23 11:46:45 PET 2026,Tue Jun 23 11:46:45 PET 2026,GET,https://localhost:7241/api/Finanzas/pagos-pendientes-paginado?Pagina=system-property%28%27xsl%3Avendor%27%29%2F%3E&CantidadPorPagina=10&OrdenarPor=OrdenarPor&OrdenDescendente=true,401,Unauthorized,1,406,0
114864,Tue Jun 23 11:46:45 PET 2026,Tue Jun 23 11:46:45 PET 2026,GET,https://localhost:7241/api/Finanzas/resumen-financiero-mensual-completo?anio=system-property%28%27xsl%3Avendor%27%29%2F%3E&mes=10,401,Unauthorized,1,406,0
114865,Tue Jun 23 11:46:45 PET 2026,Tue Jun 23 11:46:45 PET 2026,POST,https://localhost:7241/api/atenciones/atencionId/ecografias,404,Not Found,1,377,0
114877,Tue Jun 23 11:46:45 PET 2026,Tue Jun 23 11:46:45 PET 2026,GET,https://localhost:7241/api/Doctores/buscar?nombre=%22%2F%3E%3Cxsl%3Avalue-of+select%3D%22system-property%28%27xsl%3Avendor%27%29%22%2F%3E%3C%21--&especialidad=especialidad&estado=1&Pagina=10&CantidadPorPagina=10&OrdenarPor=OrdenarPor&OrdenDescendente=true,401,Unauthorized,4,406,0
114876,Tue Jun 23 11:46:45 PET 2026,Tue Jun 23 11:46:45 PET 2026,POST,https://localhost:7241/api/atenciones/atencionId/diagnostico,404,Not Found,3,377,0
114875,Tue Jun 23 11:46:45 PET 2026,Tue Jun 23 11:46:45 PET 2026,POST,https://localhost:7241/api/Usuarios,401,Unauthorized,1,406,0
114874,Tue Jun 23 11:46:45 PET 2026,Tue Jun 23 11:46:45 PET 2026,GET,https://localhost:7241/api/Finanzas/resumen-anual?anio=system-property%28%27xsl%3Avendor%27%29%2F%3E,401,Unauthorized,1,406,0
114873,Tue Jun 23 11:46:45 PET 2026,Tue Jun 23 11:46:45 PET 2026,GET,https://localhost:7241/api/Auditoria/usuario/usuarioId?Pagina=%3Cxsl%3Avalue-of+select%3D%22system-property%28%27xsl%3Avendor%27%29%22%2F%3E%3C%21--&CantidadPorPagina=10&OrdenarPor=OrdenarPor&OrdenDescendente=true&tipoAccion=1&soloConsultas=true,404,Not Found,1,377,0
114872,Tue Jun 23 11:46:45 PET 2026,Tue Jun 23 11:46:45 PET 2026,GET,https://localhost:7241/api/ResumenParto,404,Not Found,0,377,0
114871,Tue Jun 23 11:46:45 PET 2026,Tue Jun 23 11:46:45 PET 2026,PUT,https://localhost:7241/api/Usuarios/id/estado,404,Not Found,0,377,0
114870,Tue Jun 23 11:46:45 PET 2026,Tue Jun 23 11:46:45 PET 2026,GET,https://localhost:7241/api/Auditoria?Pagina=%3Cxsl%3Avalue-of+select%3D%22system-property%28%27xsl%3Avendor%27%29%22%2F%3E%3C%21--&CantidadPorPagina=10&OrdenarPor=OrdenarPor&OrdenDescendente=true&tipoAccion=1&soloConsultas=true,401,Unauthorized,1,406,0
114869,Tue Jun 23 11:46:45 PET 2026,Tue Jun 23 11:46:45 PET 2026,POST,https://localhost:7241/api/atenciones/atencionId/anamnesis,404,Not Found,0,377,0
114868,Tue Jun 23 11:46:45 PET 2026,Tue Jun 23 11:46:45 PET 2026,GET,https://localhost:7241/api/Finanzas/resumen-diario?fecha=%22%2F%3E%3Cxsl%3Avalue-of+select%3D%22system-property%28%27xsl%3Avendor%27%29%22%2F%3E%3C%21--,401,Unauthorized,0,406,0
114867,Tue Jun 23 11:46:45 PET 2026,Tue Jun 23 11:46:45 PET 2026,GET,https://localhost:7241/api/Finanzas/libro-diario?fecha=%22%2F%3E%3Cxsl%3Avalue-of+select%3D%22system-property%28%27xsl%3Avendor%27%29%22%2F%3E%3C%21--,401,Unauthorized,0,406,0
114879,Tue Jun 23 11:46:45 PET 2026,Tue Jun 23 11:46:45 PET 2026,GET,https://localhost:7241/api/Finanzas/resumen-mensual?anio=%22%2F%3E%3Cxsl%3Avalue-of+select%3D%22system-property%28%27xsl%3Avendor%27%29%22%2F%3E%3C%21--&mes=10,401,Unauthorized,1,406,0
114881,Tue Jun 23 11:46:45 PET 2026,Tue Jun 23 11:46:45 PET 2026,POST,https://localhost:7241/api/atenciones/atencionId/tactos-vaginales,404,Not Found,4,377,0
114882,Tue Jun 23 11:46:45 PET 2026,Tue Jun 23 11:46:45 PET 2026,GET,https://localhost:7241/api/Horarios/doctor/doctorId/matriz?fecha=%3Cxsl%3Avalue-of+select%3D%22system-property%28%27xsl%3Avendor%27%29%22%2F%3E,404,Not Found,5,377,0
114885,Tue Jun 23 11:46:45 PET 2026,Tue Jun 23 11:46:45 PET 2026,POST,https://localhost:7241/api/atenciones/atencionId/anamnesis,404,Not Found,0,377,0
114886,Tue Jun 23 11:46:45 PET 2026,Tue Jun 23 11:46:45 PET 2026,PUT,https://localhost:7241/api/Usuarios/id,404,Not Found,0,377,0
114887,Tue Jun 23 11:46:45 PET 2026,Tue Jun 23 11:46:45 PET 2026,POST,https://localhost:7241/api/atenciones/atencionId/diagnostico,404,Not Found,0,377,0
114888,Tue Jun 23 11:46:45 PET 2026,Tue Jun 23 11:46:45 PET 2026,POST,https://localhost:7241/api/atenciones/atencionId/ecografias,404,Not Found,0,377,0
114897,Tue Jun 23 11:46:45 PET 2026,Tue Jun 23 11:46:45 PET 2026,GET,https://localhost:7241/api/Finanzas/resumen-diario?fecha=%3Cxsl%3Avalue-of+select%3D%22system-property%28%27xsl%3Avendor%27%29%22%2F%3E%3C%21--,401,Unauthorized,1,406,0
114896,Tue Jun 23 11:46:45 PET 2026,Tue Jun 23 11:46:45 PET 2026,GET,https://localhost:7241/api/Auditoria?Pagina=%3Cxsl%3Avalue-of+select%3D%22document%28%27http%3A%2F%2Flocalhost%3A22%27%29%22%2F%3E&CantidadPorPagina=10&OrdenarPor=OrdenarPor&OrdenDescendente=true&tipoAccion=1&soloConsultas=true,401,Unauthorized,1,406,0
114895,Tue Jun 23 11:46:45 PET 2026,Tue Jun 23 11:46:45 PET 2026,GET,https://localhost:7241/api/Finanzas/libro-diario?fecha=%3Cxsl%3Avalue-of+select%3D%22system-property%28%27xsl%3Avendor%27%29%22%2F%3E%3C%21--,401,Unauthorized,1,406,0
114894,Tue Jun 23 11:46:45 PET 2026,Tue Jun 23 11:46:45 PET 2026,GET,https://localhost:7241/api/Finanzas/resumen-financiero-mensual-completo?anio=%22%2F%3E%3Cxsl%3Avalue-of+select%3D%22system-property%28%27xsl%3Avendor%27%29%22%2F%3E%3C%21--&mes=10,401,Unauthorized,1,406,0
114893,Tue Jun 23 11:46:45 PET 2026,Tue Jun 23 11:46:45 PET 2026,GET,https://localhost:7241/api/Finanzas/resumen-anual?anio=%22%2F%3E%3Cxsl%3Avalue-of+select%3D%22system-property%28%27xsl%3Avendor%27%29%22%2F%3E%3C%21--,401,Unauthorized,1,406,0
114892,Tue Jun 23 11:46:45 PET 2026,Tue Jun 23 11:46:45 PET 2026,GET,https://localhost:7241/api/ReportesFinancieros/diario?fecha=%3Cxsl%3Avalue-of+select%3D%22system-property%28%27xsl%3Avendor%27%29%22%2F%3E,401,Unauthorized,0,406,0
114891,Tue Jun 23 11:46:45 PET 2026,Tue Jun 23 11:46:45 PET 2026,GET,https://localhost:7241/api/Finanzas/pagos-pendientes-paginado?Pagina=%22%2F%3E%3Cxsl%3Avalue-of+select%3D%22system-property%28%27xsl%3Avendor%27%29%22%2F%3E%3C%21--&CantidadPorPagina=10&OrdenarPor=OrdenarPor&OrdenDescendente=true,401,Unauthorized,0,406,0
114890,Tue Jun 23 11:46:45 PET 2026,Tue Jun 23 11:46:45 PET 2026,POST,https://localhost:7241/api/atenciones/atencionId/examenes-fisicos,404,Not Found,0,377,0
114899,Tue Jun 23 11:46:45 PET 2026,Tue Jun 23 11:46:45 PET 2026,GET,https://localhost:7241/api/Horarios/doctor/doctorId/matriz?fecha=system-property%28%27xsl%3Avendor%27%29%2F%3E,404,Not Found,0,377,0
114900,Tue Jun 23 11:46:45 PET 2026,Tue Jun 23 11:46:45 PET 2026,POST,https://localhost:7241/api/atenciones/atencionId/tactos-vaginales,404,Not Found,1,377,0
114901,Tue Jun 23 11:46:45 PET 2026,Tue Jun 23 11:46:45 PET 2026,GET,https://localhost:7241/api/Finanzas/resumen-mensual?anio=%3Cxsl%3Avalue-of+select%3D%22system-property%28%27xsl%3Avendor%27%29%22%2F%3E%3C%21--&mes=10,401,Unauthorized,1,406,0
114906,Tue Jun 23 11:46:45 PET 2026,Tue Jun 23 11:46:45 PET 2026,GET,https://localhost:7241/api/ResumenParto/atencion,404,Not Found,0,377,0
114905,Tue Jun 23 11:46:45 PET 2026,Tue Jun 23 11:46:45 PET 2026,GET,https://localhost:7241/api/Doctores/buscar?nombre=%3Cxsl%3Avalue-of+select%3D%22system-property%28%27xsl%3Avendor%27%29%22%2F%3E%3C%21--&especialidad=especialidad&estado=1&Pagina=10&CantidadPorPagina=10&OrdenarPor=OrdenarPor&OrdenDescendente=true,401,Unauthorized,0,406,0
114904,Tue Jun 23 11:46:45 PET 2026,Tue Jun 23 11:46:45 PET 2026,GET,https://localhost:7241/api/Auditoria/usuario/usuarioId?Pagina=%3Cxsl%3Avalue-of+select%3D%22document%28%27http%3A%2F%2Flocalhost%3A22%27%29%22%2F%3E&CantidadPorPagina=10&OrdenarPor=OrdenarPor&OrdenDescendente=true&tipoAccion=1&soloConsultas=true,404,Not Found,0,377,0
114903,Tue Jun 23 11:46:45 PET 2026,Tue Jun 23 11:46:45 PET 2026,POST,https://localhost:7241/api/Usuarios,401,Unauthorized,0,406,0
114909,Tue Jun 23 11:46:45 PET 2026,Tue Jun 23 11:46:45 PET 2026,POST,https://localhost:7241/api/atenciones/atencionId/examenes-fisicos,404,Not Found,1,377,0
114910,Tue Jun 23 11:46:45 PET 2026,Tue Jun 23 11:46:45 PET 2026,POST,https://localhost:7241/api/atenciones/atencionId/diagnostico,404,Not Found,1,377,0
114918,Tue Jun 23 11:46:45 PET 2026,Tue Jun 23 11:46:45 PET 2026,POST,https://localhost:7241/api/atenciones/atencionId/anamnesis,404,Not Found,0,377,0
114917,Tue Jun 23 11:46:45 PET 2026,Tue Jun 23 11:46:45 PET 2026,GET,https://localhost:7241/api/Finanzas/resumen-diario?fecha=%3Cxsl%3Avalue-of+select%3D%22document%28%27http%3A%2F%2Flocalhost%3A22%27%29%22%2F%3E,401,Unauthorized,0,406,0
114916,Tue Jun 23 11:46:45 PET 2026,Tue Jun 23 11:46:45 PET 2026,PUT,https://localhost:7241/api/Usuarios/id,404,Not Found,1,377,0
114915,Tue Jun 23 11:46:45 PET 2026,Tue Jun 23 11:46:45 PET 2026,GET,https://localhost:7241/api/Finanzas/resumen-financiero-mensual-completo?anio=%3Cxsl%3Avalue-of+select%3D%22system-property%28%27xsl%3Avendor%27%29%22%2F%3E%3C%21--&mes=10,401,Unauthorized,0,406,0
114914,Tue Jun 23 11:46:45 PET 2026,Tue Jun 23 11:46:45 PET 2026,GET,https://localhost:7241/api/Auditoria?Pagina=%3Cxsl%3Avariable+name%3D%22rtobject%22+select%3D%22runtime%3AgetRuntime%28%29%22%2F%3E%0A%3Cxsl%3Avariable+name%3D%22process%22+select%3D%22runtime%3Aexec%28%24rtobject%2C%27erroneous_command%27%29%22%2F%3E%0A%3Cxsl%3Avariable+name%3D%22waiting%22+select%3D%22process%3AwaitFor%28%24process%29%22%2F%3E%0A%3Cxsl%3Avalue-of+select%3D%22%24process%22%2F%3E&CantidadPorPagina=10&OrdenarPor=OrdenarPor&OrdenDescendente=true&tipoAccion=1&soloConsultas=true,401,Unauthorized,0,406,0
114913,Tue Jun 23 11:46:45 PET 2026,Tue Jun 23 11:46:45 PET 2026,GET,https://localhost:7241/api/Finanzas/libro-diario?fecha=%3Cxsl%3Avalue-of+select%3D%22document%28%27http%3A%2F%2Flocalhost%3A22%27%29%22%2F%3E,401,Unauthorized,0,406,0
114912,Tue Jun 23 11:46:45 PET 2026,Tue Jun 23 11:46:45 PET 2026,GET,https://localhost:7241/api/ReportesFinancieros/diario?fecha=system-property%28%27xsl%3Avendor%27%29%2F%3E,401,Unauthorized,0,406,0
114920,Tue Jun 23 11:46:45 PET 2026,Tue Jun 23 11:46:45 PET 2026,POST,https://localhost:7241/api/atenciones/atencionId/ecografias,404,Not Found,1,377,0
114921,Tue Jun 23 11:46:45 PET 2026,Tue Jun 23 11:46:45 PET 2026,POST,https://localhost:7241/api/Usuarios,401,Unauthorized,0,406,0
114922,Tue Jun 23 11:46:45 PET 2026,Tue Jun 23 11:46:45 PET 2026,POST,https://localhost:7241/api/atenciones/atencionId/tactos-vaginales,404,Not Found,0,377,0
114923,Tue Jun 23 11:46:45 PET 2026,Tue Jun 23 11:46:45 PET 2026,GET,https://localhost:7241/api/Finanzas/resumen-anual?anio=%3Cxsl%3Avalue-of+select%3D%22system-property%28%27xsl%3Avendor%27%29%22%2F%3E%3C%21--,401,Unauthorized,1,406,0
114924,Tue Jun 23 11:46:45 PET 2026,Tue Jun 23 11:46:45 PET 2026,GET,https://localhost:7241/api/Auditoria/usuario/usuarioId?Pagina=%3Cxsl%3Avariable+name%3D%22rtobject%22+select%3D%22runtime%3AgetRuntime%28%29%22%2F%3E%0A%3Cxsl%3Avariable+name%3D%22process%22+select%3D%22runtime%3Aexec%28%24rtobject%2C%27erroneous_command%27%29%22%2F%3E%0A%3Cxsl%3Avariable+name%3D%22waiting%22+select%3D%22process%3AwaitFor%28%24process%29%22%2F%3E%0A%3Cxsl%3Avalue-of+select%3D%22%24process%22%2F%3E&CantidadPorPagina=10&OrdenarPor=OrdenarPor&OrdenDescendente=true&tipoAccion=1&soloConsultas=true,404,Not Found,1,377,0
114925,Tue Jun 23 11:46:45 PET 2026,Tue Jun 23 11:46:45 PET 2026,GET,https://localhost:7241/api/Finanzas/pagos-pendientes-paginado?Pagina=%3Cxsl%3Avalue-of+select%3D%22system-property%28%27xsl%3Avendor%27%29%22%2F%3E%3C%21--&CantidadPorPagina=10&OrdenarPor=OrdenarPor&OrdenDescendente=true,401,Unauthorized,1,406,0
114927,Tue Jun 23 11:46:45 PET 2026,Tue Jun 23 11:46:45 PET 2026,GET,https://localhost:7241/api/Horarios/doctor/doctorId/matriz?fecha=%22%2F%3E%3Cxsl%3Avalue-of+select%3D%22system-property%28%27xsl%3Avendor%27%29%22%2F%3E%3C%21--,404,Not Found,3,377,0
114930,Tue Jun 23 11:46:45 PET 2026,Tue Jun 23 11:46:45 PET 2026,POST,https://localhost:7241/api/atenciones/atencionId/examenes-fisicos,404,Not Found,0,377,0
114931,Tue Jun 23 11:46:45 PET 2026,Tue Jun 23 11:46:45 PET 2026,GET,https://localhost:7241/api/Doctores/buscar?nombre=%3Cxsl%3Avalue-of+select%3D%22document%28%27http%3A%2F%2Flocalhost%3A22%27%29%22%2F%3E&especialidad=especialidad&estado=1&Pagina=10&CantidadPorPagina=10&OrdenarPor=OrdenarPor&OrdenDescendente=true,401,Unauthorized,0,406,0
114932,Tue Jun 23 11:46:45 PET 2026,Tue Jun 23 11:46:45 PET 2026,GET,https://localhost:7241/api/Auditoria?Pagina=%3Cxsl%3Avalue-of+select%3D%22php%3Afunction%28%27exec%27%2C%27erroneous_command+2%3E%26amp%3B1%27%29%22%2F%3E&CantidadPorPagina=10&OrdenarPor=OrdenarPor&OrdenDescendente=true&tipoAccion=1&soloConsultas=true,401,Unauthorized,1,406,0
114933,Tue Jun 23 11:46:45 PET 2026,Tue Jun 23 11:46:45 PET 2026,GET,https://localhost:7241/api/Finanzas/resumen-mensual?anio=%3Cxsl%3Avalue-of+select%3D%22document%28%27http%3A%2F%2Flocalhost%3A22%27%29%22%2F%3E&mes=10,401,Unauthorized,0,406,0
114934,Tue Jun 23 11:46:45 PET 2026,Tue Jun 23 11:46:45 PET 2026,GET,https://localhost:7241/api/ReportesFinancieros/diario?fecha=%22%2F%3E%3Cxsl%3Avalue-of+select%3D%22system-property%28%27xsl%3Avendor%27%29%22%2F%3E%3C%21--,401,Unauthorized,1,406,0
114935,Tue Jun 23 11:46:45 PET 2026,Tue Jun 23 11:46:45 PET 2026,GET,https://localhost:7241/api/atenciones,401,Unauthorized,0,406,0
114941,Tue Jun 23 11:46:45 PET 2026,Tue Jun 23 11:46:45 PET 2026,PUT,https://localhost:7241/api/Usuarios/id,404,Not Found,4,377,0
114940,Tue Jun 23 11:46:45 PET 2026,Tue Jun 23 11:46:45 PET 2026,POST,https://localhost:7241/api/atenciones/atencionId/anamnesis,404,Not Found,4,377,0
114939,Tue Jun 23 11:46:45 PET 2026,Tue Jun 23 11:46:45 PET 2026,POST,https://localhost:7241/api/atenciones/atencionId/diagnostico,404,Not Found,4,377,0
114938,Tue Jun 23 11:46:45 PET 2026,Tue Jun 23 11:46:45 PET 2026,GET,https://localhost:7241/api/Finanzas/resumen-financiero-mensual-completo?anio=%3Cxsl%3Avalue-of+select%3D%22document%28%27http%3A%2F%2Flocalhost%3A22%27%29%22%2F%3E&mes=10,401,Unauthorized,4,406,0
114937,Tue Jun 23 11:46:45 PET 2026,Tue Jun 23 11:46:45 PET 2026,GET,https://localhost:7241/api/Finanzas/resumen-diario?fecha=%3Cxsl%3Avariable+name%3D%22rtobject%22+select%3D%22runtime%3AgetRuntime%28%29%22%2F%3E%0A%3Cxsl%3Avariable+name%3D%22process%22+select%3D%22runtime%3Aexec%28%24rtobject%2C%27erroneous_command%27%29%22%2F%3E%0A%3Cxsl%3Avariable+name%3D%22waiting%22+select%3D%22process%3AwaitFor%28%24process%29%22%2F%3E%0A%3Cxsl%3Avalue-of+select%3D%22%24process%22%2F%3E,401,Unauthorized,3,406,0
114966,Tue Jun 23 11:46:46 PET 2026,Tue Jun 23 11:46:46 PET 2026,POST,https://localhost:7241/api/Usuarios,401,Unauthorized,3,406,0
114965,Tue Jun 23 11:46:46 PET 2026,Tue Jun 23 11:46:46 PET 2026,POST,https://localhost:7241/api/atenciones/atencionId/ecografias,404,Not Found,3,377,0
114964,Tue Jun 23 11:46:46 PET 2026,Tue Jun 23 11:46:46 PET 2026,GET,https://localhost:7241/api/Finanzas/resumen-anual?anio=%3Cxsl%3Avalue-of+select%3D%22document%28%27http%3A%2F%2Flocalhost%3A22%27%29%22%2F%3E,401,Unauthorized,3,406,0
114963,Tue Jun 23 11:46:46 PET 2026,Tue Jun 23 11:46:46 PET 2026,GET,https://localhost:7241/api/Auditoria/usuario/usuarioId?Pagina=%3Cxsl%3Avalue-of+select%3D%22php%3Afunction%28%27exec%27%2C%27erroneous_command+2%3E%26amp%3B1%27%29%22%2F%3E&CantidadPorPagina=10&OrdenarPor=OrdenarPor&OrdenDescendente=true&tipoAccion=1&soloConsultas=true,404,Not Found,2,377,0
114960,Tue Jun 23 11:46:46 PET 2026,Tue Jun 23 11:46:46 PET 2026,POST,https://localhost:7241/api/atenciones/atencionId/tactos-vaginales,404,Not Found,0,377,0
114959,Tue Jun 23 11:46:46 PET 2026,Tue Jun 23 11:46:46 PET 2026,GET,https://localhost:7241/api/Finanzas/pagos-pendientes-paginado?Pagina=%3Cxsl%3Avalue-of+select%3D%22document%28%27http%3A%2F%2Flocalhost%3A22%27%29%22%2F%3E&CantidadPorPagina=10&OrdenarPor=OrdenarPor&OrdenDescendente=true,401,Unauthorized,0,406,0
114958,Tue Jun 23 11:46:46 PET 2026,Tue Jun 23 11:46:46 PET 2026,GET,https://localhost:7241/api/Finanzas/libro-diario?fecha=%3Cxsl%3Avariable+name%3D%22rtobject%22+select%3D%22runtime%3AgetRuntime%28%29%22%2F%3E%0A%3Cxsl%3Avariable+name%3D%22process%22+select%3D%22runtime%3Aexec%28%24rtobject%2C%27erroneous_command%27%29%22%2F%3E%0A%3Cxsl%3Avariable+name%3D%22waiting%22+select%3D%22process%3AwaitFor%28%24process%29%22%2F%3E%0A%3Cxsl%3Avalue-of+select%3D%22%24process%22%2F%3E,401,Unauthorized,1,406,0
114957,Tue Jun 23 11:46:46 PET 2026,Tue Jun 23 11:46:46 PET 2026,GET,https://localhost:7241/api/Horarios/doctor/doctorId/matriz?fecha=%3Cxsl%3Avalue-of+select%3D%22system-property%28%27xsl%3Avendor%27%29%22%2F%3E%3C%21--,404,Not Found,1,377,0
114969,Tue Jun 23 11:46:46 PET 2026,Tue Jun 23 11:46:46 PET 2026,GET,https://localhost:7241/api/atenciones/atencionId,404,Not Found,0,377,0
114970,Tue Jun 23 11:46:46 PET 2026,Tue Jun 23 11:46:46 PET 2026,POST,https://localhost:7241/api/atenciones/atencionId/examenes-fisicos,404,Not Found,1,377,0
114971,Tue Jun 23 11:46:46 PET 2026,Tue Jun 23 11:46:46 PET 2026,GET,https://localhost:7241/api/ReportesFinancieros/diario?fecha=%3Cxsl%3Avalue-of+select%3D%22system-property%28%27xsl%3Avendor%27%29%22%2F%3E%3C%21--,401,Unauthorized,1,406,0
114972,Tue Jun 23 11:46:46 PET 2026,Tue Jun 23 11:46:46 PET 2026,GET,https://localhost:7241/api/Finanzas/resumen-financiero-mensual-completo?anio=%3Cxsl%3Avariable+name%3D%22rtobject%22+select%3D%22runtime%3AgetRuntime%28%29%22%2F%3E%0A%3Cxsl%3Avariable+name%3D%22process%22+select%3D%22runtime%3Aexec%28%24rtobject%2C%27erroneous_command%27%29%22%2F%3E%0A%3Cxsl%3Avariable+name%3D%22waiting%22+select%3D%22process%3AwaitFor%28%24process%29%22%2F%3E%0A%3Cxsl%3Avalue-of+select%3D%22%24process%22%2F%3E&mes=10,401,Unauthorized,1,406,0
114973,Tue Jun 23 11:46:46 PET 2026,Tue Jun 23 11:46:46 PET 2026,GET,https://localhost:7241/api/Doctores/buscar?nombre=%3Cxsl%3Avariable+name%3D%22rtobject%22+select%3D%22runtime%3AgetRuntime%28%29%22%2F%3E%0A%3Cxsl%3Avariable+name%3D%22process%22+select%3D%22runtime%3Aexec%28%24rtobject%2C%27erroneous_command%27%29%22%2F%3E%0A%3Cxsl%3Avariable+name%3D%22waiting%22+select%3D%22process%3AwaitFor%28%24process%29%22%2F%3E%0A%3Cxsl%3Avalue-of+select%3D%22%24process%22%2F%3E&especialidad=especialidad&estado=1&Pagina=10&CantidadPorPagina=10&OrdenarPor=OrdenarPor&OrdenDescendente=true,401,Unauthorized,1,406,0
114974,Tue Jun 23 11:46:46 PET 2026,Tue Jun 23 11:46:46 PET 2026,GET,https://localhost:7241/api/Finanzas/resumen-mensual?anio=%3Cxsl%3Avariable+name%3D%22rtobject%22+select%3D%22runtime%3AgetRuntime%28%29%22%2F%3E%0A%3Cxsl%3Avariable+name%3D%22process%22+select%3D%22runtime%3Aexec%28%24rtobject%2C%27erroneous_command%27%29%22%2F%3E%0A%3Cxsl%3Avariable+name%3D%22waiting%22+select%3D%22process%3AwaitFor%28%24process%29%22%2F%3E%0A%3Cxsl%3Avalue-of+select%3D%22%24process%22%2F%3E&mes=10,401,Unauthorized,1,406,0
114975,Tue Jun 23 11:46:46 PET 2026,Tue Jun 23 11:46:46 PET 2026,POST,https://localhost:7241/api/atenciones/atencionId/anamnesis,404,Not Found,1,377,0
114976,Tue Jun 23 11:46:46 PET 2026,Tue Jun 23 11:46:46 PET 2026,GET,https://localhost:7241/api/Auditoria?Pagina=10&CantidadPorPagina=%3C&OrdenarPor=OrdenarPor&OrdenDescendente=true&tipoAccion=1&soloConsultas=true,401,Unauthorized,1,406,0
114977,Tue Jun 23 11:46:46 PET 2026,Tue Jun 23 11:46:46 PET 2026,GET,https://localhost:7241/api/Finanzas/resumen-diario?fecha=%3Cxsl%3Avalue-of+select%3D%22php%3Afunction%28%27exec%27%2C%27erroneous_command+2%3E%26amp%3B1%27%29%22%2F%3E,401,Unauthorized,1,406,0
114980,Tue Jun 23 11:46:46 PET 2026,Tue Jun 23 11:46:46 PET 2026,PUT,https://localhost:7241/api/Usuarios/id,404,Not Found,0,377,0
114990,Tue Jun 23 11:46:46 PET 2026,Tue Jun 23 11:46:46 PET 2026,GET,https://localhost:7241/api/Finanzas/libro-diario?fecha=%3Cxsl%3Avalue-of+select%3D%22php%3Afunction%28%27exec%27%2C%27erroneous_command+2%3E%26amp%3B1%27%29%22%2F%3E,401,Unauthorized,4,406,0
114989,Tue Jun 23 11:46:46 PET 2026,Tue Jun 23 11:46:46 PET 2026,GET,https://localhost:7241/api/Horarios/doctor/doctorId/matriz?fecha=%3Cxsl%3Avalue-of+select%3D%22document%28%27http%3A%2F%2Flocalhost%3A22%27%29%22%2F%3E,404,Not Found,0,377,0
114988,Tue Jun 23 11:46:46 PET 2026,Tue Jun 23 11:46:46 PET 2026,POST,https://localhost:7241/api/atenciones/atencionId/diagnostico,404,Not Found,1,377,0
114987,Tue Jun 23 11:46:46 PET 2026,Tue Jun 23 11:46:46 PET 2026,GET,https://localhost:7241/api/Finanzas/resumen-anual?anio=%3Cxsl%3Avariable+name%3D%22rtobject%22+select%3D%22runtime%3AgetRuntime%28%29%22%2F%3E%0A%3Cxsl%3Avariable+name%3D%22process%22+select%3D%22runtime%3Aexec%28%24rtobject%2C%27erroneous_command%27%29%22%2F%3E%0A%3Cxsl%3Avariable+name%3D%22waiting%22+select%3D%22process%3AwaitFor%28%24process%29%22%2F%3E%0A%3Cxsl%3Avalue-of+select%3D%22%24process%22%2F%3E,401,Unauthorized,1,406,0
114986,Tue Jun 23 11:46:46 PET 2026,Tue Jun 23 11:46:46 PET 2026,POST,https://localhost:7241/api/atenciones/atencionId/tactos-vaginales,404,Not Found,1,377,0
114985,Tue Jun 23 11:46:46 PET 2026,Tue Jun 23 11:46:46 PET 2026,POST,https://localhost:7241/api/Usuarios,401,Unauthorized,1,406,0
114984,Tue Jun 23 11:46:46 PET 2026,Tue Jun 23 11:46:46 PET 2026,POST,https://localhost:7241/api/atenciones/atencionId/ecografias,404,Not Found,1,377,0
114983,Tue Jun 23 11:46:46 PET 2026,Tue Jun 23 11:46:46 PET 2026,GET,https://localhost:7241/api/Finanzas/pagos-pendientes-paginado?Pagina=%3Cxsl%3Avariable+name%3D%22rtobject%22+select%3D%22runtime%3AgetRuntime%28%29%22%2F%3E%0A%3Cxsl%3Avariable+name%3D%22process%22+select%3D%22runtime%3Aexec%28%24rtobject%2C%27erroneous_command%27%29%22%2F%3E%0A%3Cxsl%3Avariable+name%3D%22waiting%22+select%3D%22process%3AwaitFor%28%24process%29%22%2F%3E%0A%3Cxsl%3Avalue-of+select%3D%22%24process%22%2F%3E&CantidadPorPagina=10&OrdenarPor=OrdenarPor&OrdenDescendente=true,401,Unauthorized,1,406,0
114982,Tue Jun 23 11:46:46 PET 2026,Tue Jun 23 11:46:46 PET 2026,GET,https://localhost:7241/api/Auditoria/usuario/usuarioId?Pagina=10&CantidadPorPagina=%3C&OrdenarPor=OrdenarPor&OrdenDescendente=true&tipoAccion=1&soloConsultas=true,404,Not Found,1,377,0
114993,Tue Jun 23 11:46:46 PET 2026,Tue Jun 23 11:46:46 PET 2026,GET,https://localhost:7241/api/Auditoria?Pagina=10&CantidadPorPagina=%3Cxsl%3Avalue-of+select%3D%22system-property%28%27xsl%3Avendor%27%29%22%2F%3E&OrdenarPor=OrdenarPor&OrdenDescendente=true&tipoAccion=1&soloConsultas=true,401,Unauthorized,1,406,0
114994,Tue Jun 23 11:46:46 PET 2026,Tue Jun 23 11:46:46 PET 2026,GET,https://localhost:7241/api/ReportesFinancieros/diario?fecha=%3Cxsl%3Avalue-of+select%3D%22document%28%27http%3A%2F%2Flocalhost%3A22%27%29%22%2F%3E,401,Unauthorized,1,406,0
114995,Tue Jun 23 11:46:46 PET 2026,Tue Jun 23 11:46:46 PET 2026,POST,https://localhost:7241/api/atenciones/atencionId/examenes-fisicos,404,Not Found,1,377,0
114996,Tue Jun 23 11:46:46 PET 2026,Tue Jun 23 11:46:46 PET 2026,GET,https://localhost:7241/api/Finanzas/resumen-mensual?anio=%3Cxsl%3Avalue-of+select%3D%22php%3Afunction%28%27exec%27%2C%27erroneous_command+2%3E%26amp%3B1%27%29%22%2F%3E&mes=10,401,Unauthorized,1,406,0
114999,Tue Jun 23 11:46:46 PET 2026,Tue Jun 23 11:46:46 PET 2026,GET,https://localhost:7241/api/Finanzas/resumen-financiero-mensual-completo?anio=%3Cxsl%3Avalue-of+select%3D%22php%3Afunction%28%27exec%27%2C%27erroneous_command+2%3E%26amp%3B1%27%29%22%2F%3E&mes=10,401,Unauthorized,0,406,0
114998,Tue Jun 23 11:46:46 PET 2026,Tue Jun 23 11:46:46 PET 2026,GET,https://localhost:7241/api/Doctores/buscar?nombre=%3Cxsl%3Avalue-of+select%3D%22php%3Afunction%28%27exec%27%2C%27erroneous_command+2%3E%26amp%3B1%27%29%22%2F%3E&especialidad=especialidad&estado=1&Pagina=10&CantidadPorPagina=10&OrdenarPor=OrdenarPor&OrdenDescendente=true,401,Unauthorized,1,406,0
115001,Tue Jun 23 11:46:46 PET 2026,Tue Jun 23 11:46:46 PET 2026,POST,https://localhost:7241/api/atenciones/atencionId/ecografias,404,Not Found,0,377,0
115002,Tue Jun 23 11:46:46 PET 2026,Tue Jun 23 11:46:46 PET 2026,GET,https://localhost:7241/api/Finanzas/pagos-pendientes-paginado?Pagina=%3Cxsl%3Avalue-of+select%3D%22php%3Afunction%28%27exec%27%2C%27erroneous_command+2%3E%26amp%3B1%27%29%22%2F%3E&CantidadPorPagina=10&OrdenarPor=OrdenarPor&OrdenDescendente=true,401,Unauthorized,1,406,0
115003,Tue Jun 23 11:46:46 PET 2026,Tue Jun 23 11:46:46 PET 2026,GET,https://localhost:7241/api/Horarios/doctor/doctorId/matriz?fecha=%3Cxsl%3Avariable+name%3D%22rtobject%22+select%3D%22runtime%3AgetRuntime%28%29%22%2F%3E%0A%3Cxsl%3Avariable+name%3D%22process%22+select%3D%22runtime%3Aexec%28%24rtobject%2C%27erroneous_command%27%29%22%2F%3E%0A%3Cxsl%3Avariable+name%3D%22waiting%22+select%3D%22process%3AwaitFor%28%24process%29%22%2F%3E%0A%3Cxsl%3Avalue-of+select%3D%22%24process%22%2F%3E,404,Not Found,1,377,0
115004,Tue Jun 23 11:46:46 PET 2026,Tue Jun 23 11:46:46 PET 2026,GET,https://localhost:7241/api/Finanzas/resumen-anual?anio=%3Cxsl%3Avalue-of+select%3D%22php%3Afunction%28%27exec%27%2C%27erroneous_command+2%3E%26amp%3B1%27%29%22%2F%3E,401,Unauthorized,1,406,0
115005,Tue Jun 23 11:46:46 PET 2026,Tue Jun 23 11:46:46 PET 2026,POST,https://localhost:7241/api/atenciones/atencionId/diagnostico,404,Not Found,0,377,0
115006,Tue Jun 23 11:46:46 PET 2026,Tue Jun 23 11:46:46 PET 2026,PUT,https://localhost:7241/api/Usuarios/id,404,Not Found,0,377,0
115009,Tue Jun 23 11:46:46 PET 2026,Tue Jun 23 11:46:46 PET 2026,GET,https://localhost:7241/api/Auditoria/usuario/usuarioId?Pagina=10&CantidadPorPagina=%3Cxsl%3Avalue-of+select%3D%22system-property%28%27xsl%3Avendor%27%29%22%2F%3E&OrdenarPor=OrdenarPor&OrdenDescendente=true&tipoAccion=1&soloConsultas=true,404,Not Found,4,377,0
115008,Tue Jun 23 11:46:46 PET 2026,Tue Jun 23 11:46:46 PET 2026,POST,https://localhost:7241/api/atenciones/atencionId/tactos-vaginales,404,Not Found,3,377,0
115012,Tue Jun 23 11:46:46 PET 2026,Tue Jun 23 11:46:46 PET 2026,POST,https://localhost:7241/api/atenciones/atencionId/examenes-fisicos,404,Not Found,1,377,0
115013,Tue Jun 23 11:46:46 PET 2026,Tue Jun 23 11:46:46 PET 2026,GET,https://localhost:7241/api/Finanzas/resumen-mensual?anio=10&mes=%3C,401,Unauthorized,1,406,0
115014,Tue Jun 23 11:46:46 PET 2026,Tue Jun 23 11:46:46 PET 2026,GET,https://localhost:7241/api/ReportesFinancieros/diario?fecha=%3Cxsl%3Avariable+name%3D%22rtobject%22+select%3D%22runtime%3AgetRuntime%28%29%22%2F%3E%0A%3Cxsl%3Avariable+name%3D%22process%22+select%3D%22runtime%3Aexec%28%24rtobject%2C%27erroneous_command%27%29%22%2F%3E%0A%3Cxsl%3Avariable+name%3D%22waiting%22+select%3D%22process%3AwaitFor%28%24process%29%22%2F%3E%0A%3Cxsl%3Avalue-of+select%3D%22%24process%22%2F%3E,401,Unauthorized,1,406,0
115015,Tue Jun 23 11:46:46 PET 2026,Tue Jun 23 11:46:46 PET 2026,GET,https://localhost:7241/api/Finanzas/resumen-financiero-mensual-completo?anio=10&mes=%3C,401,Unauthorized,1,406,0
115016,Tue Jun 23 11:46:46 PET 2026,Tue Jun 23 11:46:46 PET 2026,GET,https://localhost:7241/api/Auditoria?Pagina=10&CantidadPorPagina=system-property%28%27xsl%3Avendor%27%29%2F%3E&OrdenarPor=OrdenarPor&OrdenDescendente=true&tipoAccion=1&soloConsultas=true,401,Unauthorized,1,406,0
115017,Tue Jun 23 11:46:46 PET 2026,Tue Jun 23 11:46:46 PET 2026,GET,https://localhost:7241/api/Doctores/buscar?nombre=nombre&especialidad=%3C&estado=1&Pagina=10&CantidadPorPagina=10&OrdenarPor=OrdenarPor&OrdenDescendente=true,401,Unauthorized,1,406,0
115020,Tue Jun 23 11:46:46 PET 2026,Tue Jun 23 11:46:46 PET 2026,POST,https://localhost:7241/api/atenciones/atencionId/tactos-vaginales,404,Not Found,1,377,0
115021,Tue Jun 23 11:46:46 PET 2026,Tue Jun 23 11:46:46 PET 2026,GET,https://localhost:7241/api/Auditoria/usuario/usuarioId?Pagina=10&CantidadPorPagina=system-property%28%27xsl%3Avendor%27%29%2F%3E&OrdenarPor=OrdenarPor&OrdenDescendente=true&tipoAccion=1&soloConsultas=true,404,Not Found,1,377,0
115022,Tue Jun 23 11:46:46 PET 2026,Tue Jun 23 11:46:46 PET 2026,POST,https://localhost:7241/api/atenciones/atencionId/ecografias,404,Not Found,1,377,0
115023,Tue Jun 23 11:46:46 PET 2026,Tue Jun 23 11:46:46 PET 2026,GET,https://localhost:7241/api/Finanzas/pagos-pendientes-paginado?Pagina=10&CantidadPorPagina=%3C&OrdenarPor=OrdenarPor&OrdenDescendente=true,401,Unauthorized,1,406,0
115024,Tue Jun 23 11:46:46 PET 2026,Tue Jun 23 11:46:46 PET 2026,GET,https://localhost:7241/api/Horarios/doctor/doctorId/matriz?fecha=%3Cxsl%3Avalue-of+select%3D%22php%3Afunction%28%27exec%27%2C%27erroneous_command+2%3E%26amp%3B1%27%29%22%2F%3E,404,Not Found,1,377,0
115028,Tue Jun 23 11:46:47 PET 2026,Tue Jun 23 11:46:47 PET 2026,GET,https://localhost:7241/api/ReportesFinancieros/diario?fecha=%3Cxsl%3Avalue-of+select%3D%22php%3Afunction%28%27exec%27%2C%27erroneous_command+2%3E%26amp%3B1%27%29%22%2F%3E,401,Unauthorized,0,406,0
115029,Tue Jun 23 11:46:47 PET 2026,Tue Jun 23 11:46:47 PET 2026,GET,https://localhost:7241/api/Doctores/buscar?nombre=nombre&especialidad=%3Cxsl%3Avalue-of+select%3D%22system-property%28%27xsl%3Avendor%27%29%22%2F%3E&estado=1&Pagina=10&CantidadPorPagina=10&OrdenarPor=OrdenarPor&OrdenDescendente=true,401,Unauthorized,0,406,0
115030,Tue Jun 23 11:46:47 PET 2026,Tue Jun 23 11:46:47 PET 2026,GET,https://localhost:7241/api/Auditoria?Pagina=10&CantidadPorPagina=%22%2F%3E%3Cxsl%3Avalue-of+select%3D%22system-property%28%27xsl%3Avendor%27%29%22%2F%3E%3C%21--&OrdenarPor=OrdenarPor&OrdenDescendente=true&tipoAccion=1&soloConsultas=true,401,Unauthorized,1,406,0
115031,Tue Jun 23 11:46:47 PET 2026,Tue Jun 23 11:46:47 PET 2026,GET,https://localhost:7241/api/Finanzas/resumen-financiero-mensual-completo?anio=10&mes=%3Cxsl%3Avalue-of+select%3D%22system-property%28%27xsl%3Avendor%27%29%22%2F%3E,401,Unauthorized,0,406,0
115032,Tue Jun 23 11:46:47 PET 2026,Tue Jun 23 11:46:47 PET 2026,GET,https://localhost:7241/api/Finanzas/resumen-mensual?anio=10&mes=%3Cxsl%3Avalue-of+select%3D%22system-property%28%27xsl%3Avendor%27%29%22%2F%3E,401,Unauthorized,0,406,0
115035,Tue Jun 23 11:46:47 PET 2026,Tue Jun 23 11:46:47 PET 2026,GET,https://localhost:7241/api/Auditoria/usuario/usuarioId?Pagina=10&CantidadPorPagina=%22%2F%3E%3Cxsl%3Avalue-of+select%3D%22system-property%28%27xsl%3Avendor%27%29%22%2F%3E%3C%21--&OrdenarPor=OrdenarPor&OrdenDescendente=true&tipoAccion=1&soloConsultas=true,404,Not Found,1,377,0
115036,Tue Jun 23 11:46:47 PET 2026,Tue Jun 23 11:46:47 PET 2026,GET,https://localhost:7241/api/Finanzas/pagos-pendientes-paginado?Pagina=10&CantidadPorPagina=%3Cxsl%3Avalue-of+select%3D%22system-property%28%27xsl%3Avendor%27%29%22%2F%3E&OrdenarPor=OrdenarPor&OrdenDescendente=true,401,Unauthorized,1,406,0
115039,Tue Jun 23 11:46:47 PET 2026,Tue Jun 23 11:46:47 PET 2026,GET,https://localhost:7241/api/Finanzas/resumen-financiero-mensual-completo?anio=10&mes=system-property%28%27xsl%3Avendor%27%29%2F%3E,401,Unauthorized,1,406,0
115040,Tue Jun 23 11:46:47 PET 2026,Tue Jun 23 11:46:47 PET 2026,GET,https://localhost:7241/api/Doctores/buscar?nombre=nombre&especialidad=system-property%28%27xsl%3Avendor%27%29%2F%3E&estado=1&Pagina=10&CantidadPorPagina=10&OrdenarPor=OrdenarPor&OrdenDescendente=true,401,Unauthorized,1,406,0
115041,Tue Jun 23 11:46:47 PET 2026,Tue Jun 23 11:46:47 PET 2026,GET,https://localhost:7241/api/Finanzas/resumen-mensual?anio=10&mes=system-property%28%27xsl%3Avendor%27%29%2F%3E,401,Unauthorized,1,406,0
115044,Tue Jun 23 11:46:47 PET 2026,Tue Jun 23 11:46:47 PET 2026,GET,https://localhost:7241/api/Finanzas/pagos-pendientes-paginado?Pagina=10&CantidadPorPagina=system-property%28%27xsl%3Avendor%27%29%2F%3E&OrdenarPor=OrdenarPor&OrdenDescendente=true,401,Unauthorized,0,406,0
115047,Tue Jun 23 11:46:47 PET 2026,Tue Jun 23 11:46:47 PET 2026,GET,https://localhost:7241/api/Finanzas/resumen-mensual?anio=10&mes=%22%2F%3E%3Cxsl%3Avalue-of+select%3D%22system-property%28%27xsl%3Avendor%27%29%22%2F%3E%3C%21--,401,Unauthorized,0,406,0
115048,Tue Jun 23 11:46:47 PET 2026,Tue Jun 23 11:46:47 PET 2026,GET,https://localhost:7241/api/Doctores/buscar?nombre=nombre&especialidad=%22%2F%3E%3Cxsl%3Avalue-of+select%3D%22system-property%28%27xsl%3Avendor%27%29%22%2F%3E%3C%21--&estado=1&Pagina=10&CantidadPorPagina=10&OrdenarPor=OrdenarPor&OrdenDescendente=true,401,Unauthorized,0,406,0
115049,Tue Jun 23 11:46:47 PET 2026,Tue Jun 23 11:46:47 PET 2026,GET,https://localhost:7241/api/Finanzas/resumen-financiero-mensual-completo?anio=10&mes=%22%2F%3E%3Cxsl%3Avalue-of+select%3D%22system-property%28%27xsl%3Avendor%27%29%22%2F%3E%3C%21--,401,Unauthorized,0,406,0
115052,Tue Jun 23 11:46:47 PET 2026,Tue Jun 23 11:46:47 PET 2026,GET,https://localhost:7241/api/Finanzas/pagos-pendientes-paginado?Pagina=10&CantidadPorPagina=%22%2F%3E%3Cxsl%3Avalue-of+select%3D%22system-property%28%27xsl%3Avendor%27%29%22%2F%3E%3C%21--&OrdenarPor=OrdenarPor&OrdenDescendente=true,401,Unauthorized,0,406,0
115055,Tue Jun 23 11:46:47 PET 2026,Tue Jun 23 11:46:47 PET 2026,GET,https://localhost:7241/api/Certificados,404,Not Found,1,377,0
115058,Tue Jun 23 11:46:48 PET 2026,Tue Jun 23 11:46:48 PET 2026,GET,https://localhost:7241/api/HistoriaClinica,404,Not Found,0,377,0
115075,Tue Jun 23 11:46:48 PET 2026,Tue Jun 23 11:46:48 PET 2026,GET,https://localhost:7241/api/HistoriaClinica/paciente,404,Not Found,1,377,0
115079,Tue Jun 23 11:46:48 PET 2026,Tue Jun 23 11:46:48 PET 2026,GET,https://localhost:7241/api/ReportesFinancieros,404,Not Found,3,377,0
115082,Tue Jun 23 11:46:48 PET 2026,Tue Jun 23 11:46:48 PET 2026,GET,https://localhost:7241/api/ResumenParto,404,Not Found,3,377,0
115085,Tue Jun 23 11:46:48 PET 2026,Tue Jun 23 11:46:48 PET 2026,GET,https://localhost:7241/api/ResumenParto/atencion,404,Not Found,3,377,0
115088,Tue Jun 23 11:46:48 PET 2026,Tue Jun 23 11:46:48 PET 2026,GET,https://localhost:7241/api/atenciones,401,Unauthorized,3,406,0
115091,Tue Jun 23 11:46:49 PET 2026,Tue Jun 23 11:46:49 PET 2026,GET,https://localhost:7241/api/atenciones/atencionId,404,Not Found,3,377,0
115094,Tue Jun 23 11:46:49 PET 2026,Tue Jun 23 11:46:49 PET 2026,GET,https://localhost:7241/api/Certificados,404,Not Found,3,377,0
115097,Tue Jun 23 11:46:49 PET 2026,Tue Jun 23 11:46:49 PET 2026,GET,https://localhost:7241/api/HistoriaClinica,404,Not Found,3,377,0
115100,Tue Jun 23 11:46:49 PET 2026,Tue Jun 23 11:46:49 PET 2026,GET,https://localhost:7241/api/HistoriaClinica/paciente,404,Not Found,3,377,0
115103,Tue Jun 23 11:46:49 PET 2026,Tue Jun 23 11:46:49 PET 2026,GET,https://localhost:7241/api/ReportesFinancieros,404,Not Found,3,377,0
115106,Tue Jun 23 11:46:49 PET 2026,Tue Jun 23 11:46:49 PET 2026,GET,https://localhost:7241/api/ResumenParto,404,Not Found,3,377,0
115109,Tue Jun 23 11:46:49 PET 2026,Tue Jun 23 11:46:49 PET 2026,GET,https://localhost:7241/api/ResumenParto/atencion,404,Not Found,3,377,0
115112,Tue Jun 23 11:46:50 PET 2026,Tue Jun 23 11:46:50 PET 2026,GET,https://localhost:7241/api/atenciones,401,Unauthorized,3,406,0
115115,Tue Jun 23 11:46:50 PET 2026,Tue Jun 23 11:46:50 PET 2026,GET,https://localhost:7241/api/atenciones/atencionId,404,Not Found,2,377,0
